{
"type": "FeatureCollection",
"name": "cities_population",
"features": [
{ "type": "Feature", "properties": { "Name": "München", "Population": 1505005, "POSTCODE": "81677" }, "geometry": { "type": "Point", "coordinates": [ 11.621675375000052, 48.140140947000077 ] } },
{ "type": "Feature", "properties": { "Name": "Nürnberg", "Population": 529508, "POSTCODE": "90449" }, "geometry": { "type": "Point", "coordinates": [ 11.014047779000066, 49.42660062200008 ] } },
{ "type": "Feature", "properties": { "Name": "Augsburg", "Population": 301105, "POSTCODE": "86150" }, "geometry": { "type": "Point", "coordinates": [ 10.892786484000055, 48.364499169000055 ] } },
{ "type": "Feature", "properties": { "Name": "Regensburg", "Population": 151389, "POSTCODE": "93051" }, "geometry": { "type": "Point", "coordinates": [ 12.067203355000061, 49.003508544000056 ] } },
{ "type": "Feature", "properties": { "Name": "Ingolstadt", "Population": 141185, "POSTCODE": "85053" }, "geometry": { "type": "Point", "coordinates": [ 11.464121388000024, 48.746306341000036 ] } },
{ "type": "Feature", "properties": { "Name": "Würzburg", "Population": 133258, "POSTCODE": "97082" }, "geometry": { "type": "Point", "coordinates": [ 9.905796600000031, 49.761608142000057 ] } },
{ "type": "Feature", "properties": { "Name": "Fürth", "Population": 132036, "POSTCODE": "90763" }, "geometry": { "type": "Point", "coordinates": [ 10.994006569000021, 49.456175744000063 ] } },
{ "type": "Feature", "properties": { "Name": "Erlangen", "Population": 115928, "POSTCODE": "91054" }, "geometry": { "type": "Point", "coordinates": [ 11.030432700000063, 49.605708819000029 ] } },
{ "type": "Feature", "properties": { "Name": "Bamberg", "Population": 77150, "POSTCODE": "96047" }, "geometry": { "type": "Point", "coordinates": [ 10.894650500000068, 49.888968743000078 ] } },
{ "type": "Feature", "properties": { "Name": "Aschaffenburg", "Population": 73091, "POSTCODE": "63739" }, "geometry": { "type": "Point", "coordinates": [ 9.177962800000046, 49.976286036000033 ] } },
{ "type": "Feature", "properties": { "Name": "Bayreuth", "Population": 72940, "POSTCODE": "95444" }, "geometry": { "type": "Point", "coordinates": [ 11.577029893000031, 49.94297171200003 ] } },
{ "type": "Feature", "properties": { "Name": "Landshut", "Population": 71863, "POSTCODE": "84034" }, "geometry": { "type": "Point", "coordinates": [ 12.090342363000047, 48.528181457000073 ] } },
{ "type": "Feature", "properties": { "Name": "Kempten (Allgäu)", "Population": 67645, "POSTCODE": "87439" }, "geometry": { "type": "Point", "coordinates": [ 10.279031735000046, 47.742994752000072 ] } },
{ "type": "Feature", "properties": { "Name": "Rosenheim", "Population": 65274, "POSTCODE": "83024" }, "geometry": { "type": "Point", "coordinates": [ 12.108032430000037, 47.868894689000058 ] } },
{ "type": "Feature", "properties": { "Name": "Neu-Ulm", "Population": 62641, "POSTCODE": "89231" }, "geometry": { "type": "Point", "coordinates": [ 10.009769921000043, 48.379441459000077 ] } },
{ "type": "Feature", "properties": { "Name": "Schweinfurt", "Population": 54481, "POSTCODE": "97412" }, "geometry": { "type": "Point", "coordinates": [ 10.23327636700003, 50.050109862000056 ] } },
{ "type": "Feature", "properties": { "Name": "Passau", "Population": 53039, "POSTCODE": "94036" }, "geometry": { "type": "Point", "coordinates": [ 13.378963975000033, 48.575244290000057 ] } },
{ "type": "Feature", "properties": { "Name": "Straubing", "Population": 49002, "POSTCODE": "94315" }, "geometry": { "type": "Point", "coordinates": [ 12.574082807000025, 48.880956068000046 ] } },
{ "type": "Feature", "properties": { "Name": "Freising", "Population": 48928, "POSTCODE": "85354" }, "geometry": { "type": "Point", "coordinates": [ 11.706376736000038, 48.393589719000033 ] } },
{ "type": "Feature", "properties": { "Name": "Dachau", "Population": 47138, "POSTCODE": "85221" }, "geometry": { "type": "Point", "coordinates": [ 11.443461250000041, 48.257173099000056 ] } },
{ "type": "Feature", "properties": { "Name": "Hof", "Population": 46778, "POSTCODE": "95032" }, "geometry": { "type": "Point", "coordinates": [ 11.90273271500007, 50.288443075000032 ] } },
{ "type": "Feature", "properties": { "Name": "Kaufbeuren", "Population": 46193, "POSTCODE": "87600" }, "geometry": { "type": "Point", "coordinates": [ 10.616504801000076, 47.880349357000057 ] } },
{ "type": "Feature", "properties": { "Name": "Memmingen", "Population": 44192, "POSTCODE": "87700" }, "geometry": { "type": "Point", "coordinates": [ 10.16307174800005, 47.978822051000066 ] } },
{ "type": "Feature", "properties": { "Name": "Amberg", "Population": 44061, "POSTCODE": "86854" }, "geometry": { "type": "Point", "coordinates": [ 10.688915672000064, 48.070566097000039 ] } },
{ "type": "Feature", "properties": { "Name": "Weiden i.d.OPf.", "Population": 42444, "POSTCODE": "92637" }, "geometry": { "type": "Point", "coordinates": [ 12.178186900000071, 49.682682680000028 ] } },
{ "type": "Feature", "properties": { "Name": "Neumarkt i.d.OPf.", "Population": 41103, "POSTCODE": "92318" }, "geometry": { "type": "Point", "coordinates": [ 11.472975739000049, 49.28249839700004 ] } },
{ "type": "Feature", "properties": { "Name": "Coburg", "Population": 41064, "POSTCODE": "96450" }, "geometry": { "type": "Point", "coordinates": [ 10.964153461000024, 50.264075755000079 ] } },
{ "type": "Feature", "properties": { "Name": "Germering", "Population": 40916, "POSTCODE": "82110" }, "geometry": { "type": "Point", "coordinates": [ 11.360343535000027, 48.12898989100006 ] } },
{ "type": "Feature", "properties": { "Name": "Schwabach", "Population": 40835, "POSTCODE": "91126" }, "geometry": { "type": "Point", "coordinates": [ 11.001117813000064, 49.314212554000051 ] } },
{ "type": "Feature", "properties": { "Name": "Ansbach", "Population": 40742, "POSTCODE": "91522" }, "geometry": { "type": "Point", "coordinates": [ 10.563717666000059, 49.292193112000064 ] } },
{ "type": "Feature", "properties": { "Name": "Fürstenfeldbruck", "Population": 37420, "POSTCODE": "82256" }, "geometry": { "type": "Point", "coordinates": [ 11.232806911000068, 48.180424818000063 ] } },
{ "type": "Feature", "properties": { "Name": "Erding", "Population": 37171, "POSTCODE": "85435" }, "geometry": { "type": "Point", "coordinates": [ 11.914185640000028, 48.306388237000078 ] } },
{ "type": "Feature", "properties": { "Name": "Deggendorf", "Population": 35044, "POSTCODE": "94469" }, "geometry": { "type": "Point", "coordinates": [ 12.975449740000045, 48.837413068000046 ] } },
{ "type": "Feature", "properties": { "Name": "Forchheim", "Population": 33017, "POSTCODE": "91301" }, "geometry": { "type": "Point", "coordinates": [ 11.063389404000077, 49.72003713600003 ] } },
{ "type": "Feature", "properties": { "Name": "Neuburg a.d.Donau", "Population": 30135, "POSTCODE": "86633" }, "geometry": { "type": "Point", "coordinates": [ 11.204553900000064, 48.723992267000028 ] } },
{ "type": "Feature", "properties": { "Name": "Friedberg", "Population": 29953, "POSTCODE": "86316" }, "geometry": { "type": "Point", "coordinates": [ 11.007033100000058, 48.345922270000074 ] } },
{ "type": "Feature", "properties": { "Name": "Schwandorf", "Population": 29877, "POSTCODE": "92421" }, "geometry": { "type": "Point", "coordinates": [ 12.083367654000028, 49.317118480000033 ] } },
{ "type": "Feature", "properties": { "Name": "Landsberg am Lech", "Population": 29257, "POSTCODE": "86899" }, "geometry": { "type": "Point", "coordinates": [ 10.861057729000038, 48.034834506000038 ] } },
{ "type": "Feature", "properties": { "Name": "Unterschleißheim", "Population": 28482, "POSTCODE": "85716" }, "geometry": { "type": "Point", "coordinates": [ 11.575998775000073, 48.281336414000066 ] } },
{ "type": "Feature", "properties": { "Name": "Garmisch-Partenkirchen", "Population": 28305, "POSTCODE": "82475" }, "geometry": { "type": "Point", "coordinates": [ 10.989175468000042, 47.40985254800006 ] } },
{ "type": "Feature", "properties": { "Name": "Königsbrunn", "Population": 27879, "POSTCODE": "86343" }, "geometry": { "type": "Point", "coordinates": [ 10.885399836000033, 48.260711666000077 ] } },
{ "type": "Feature", "properties": { "Name": "Olching", "Population": 27310, "POSTCODE": "82140" }, "geometry": { "type": "Point", "coordinates": [ 11.344020200000045, 48.208245197000053 ] } },
{ "type": "Feature", "properties": { "Name": "Pfaffenhofen a.d.Ilm", "Population": 26996, "POSTCODE": "85276" }, "geometry": { "type": "Point", "coordinates": [ 11.493996812000034, 48.549274878000062 ] } },
{ "type": "Feature", "properties": { "Name": "Kulmbach", "Population": 26625, "POSTCODE": "95326" }, "geometry": { "type": "Point", "coordinates": [ 11.43257453800004, 50.121214327000075 ] } },
{ "type": "Feature", "properties": { "Name": "Unterhaching", "Population": 26507, "POSTCODE": "82008" }, "geometry": { "type": "Point", "coordinates": [ 11.619104580000055, 48.066299657000059 ] } },
{ "type": "Feature", "properties": { "Name": "Zirndorf", "Population": 26243, "POSTCODE": "90513" }, "geometry": { "type": "Point", "coordinates": [ 10.925243585000032, 49.435102466000046 ] } },
{ "type": "Feature", "properties": { "Name": "Lauf a.d.Pegnitz", "Population": 26106, "POSTCODE": "91207" }, "geometry": { "type": "Point", "coordinates": [ 11.223016900000061, 49.54325804900003 ] } },
{ "type": "Feature", "properties": { "Name": "Geretsried", "Population": 25997, "POSTCODE": "82538" }, "geometry": { "type": "Point", "coordinates": [ 11.460030236000023, 47.87028229200007 ] } },
{ "type": "Feature", "properties": { "Name": "Lindau (Bodensee)", "Population": 25845, "POSTCODE": "88131" }, "geometry": { "type": "Point", "coordinates": [ 9.68942755300003, 47.57722657100004 ] } },
{ "type": "Feature", "properties": { "Name": "Waldkraiburg", "Population": 25737, "POSTCODE": "84478" }, "geometry": { "type": "Point", "coordinates": [ 12.406173175000049, 48.207293428000071 ] } },
{ "type": "Feature", "properties": { "Name": "Roth", "Population": 25458, "POSTCODE": "91154" }, "geometry": { "type": "Point", "coordinates": [ 11.116164200000071, 49.233344274000046 ] } },
{ "type": "Feature", "properties": { "Name": "Vaterstetten", "Population": 24981, "POSTCODE": "85599" }, "geometry": { "type": "Point", "coordinates": [ 11.790217700000028, 48.136393631000033 ] } },
{ "type": "Feature", "properties": { "Name": "Starnberg", "Population": 24471, "POSTCODE": "82319" }, "geometry": { "type": "Point", "coordinates": [ 11.332835764000038, 48.009659530000079 ] } },
{ "type": "Feature", "properties": { "Name": "Herzogenaurach", "Population": 24237, "POSTCODE": "91074" }, "geometry": { "type": "Point", "coordinates": [ 10.878720854000051, 49.570623220000073 ] } },
{ "type": "Feature", "properties": { "Name": "Senden", "Population": 23641, "POSTCODE": "89250" }, "geometry": { "type": "Point", "coordinates": [ 10.068923695000024, 48.322482751000052 ] } },
{ "type": "Feature", "properties": { "Name": "Gersthofen", "Population": 23427, "POSTCODE": "86368" }, "geometry": { "type": "Point", "coordinates": [ 10.822173988000031, 48.430049158000031 ] } },
{ "type": "Feature", "properties": { "Name": "Weilheim i.OB", "Population": 23279, "POSTCODE": "82362" }, "geometry": { "type": "Point", "coordinates": [ 11.146058993000054, 47.844343508000065 ] } },
{ "type": "Feature", "properties": { "Name": "Bad Kissingen", "Population": 23223, "POSTCODE": "97688" }, "geometry": { "type": "Point", "coordinates": [ 10.055010350000032, 50.210746388000075 ] } },
{ "type": "Feature", "properties": { "Name": "Kitzingen", "Population": 22936, "POSTCODE": "97318" }, "geometry": { "type": "Point", "coordinates": [ 10.183243975000039, 49.737848253000038 ] } },
{ "type": "Feature", "properties": { "Name": "Neusäß", "Population": 22904, "POSTCODE": "86356" }, "geometry": { "type": "Point", "coordinates": [ 10.808192874000042, 48.392663193000033 ] } },
{ "type": "Feature", "properties": { "Name": "Haar", "Population": 22878, "POSTCODE": "85540" }, "geometry": { "type": "Point", "coordinates": [ 11.732887344000062, 48.118052758000033 ] } },
{ "type": "Feature", "properties": { "Name": "Ottobrunn", "Population": 22829, "POSTCODE": null }, "geometry": null },
{ "type": "Feature", "properties": { "Name": "Mühldorf a.Inn", "Population": 22503, "POSTCODE": "84453" }, "geometry": { "type": "Point", "coordinates": [ 12.518374520000066, 48.249379618000034 ] } },
{ "type": "Feature", "properties": { "Name": "Aichach", "Population": 22015, "POSTCODE": "86551" }, "geometry": { "type": "Point", "coordinates": [ 11.123639151000077, 48.445410595000055 ] } },
{ "type": "Feature", "properties": { "Name": "Gauting", "Population": 21860, "POSTCODE": "82131" }, "geometry": { "type": "Point", "coordinates": [ 11.384226325000043, 48.068932739000047 ] } },
{ "type": "Feature", "properties": { "Name": "Sonthofen", "Population": 21734, "POSTCODE": "87527" }, "geometry": { "type": "Point", "coordinates": [ 10.291315331000021, 47.502547330000027 ] } },
{ "type": "Feature", "properties": { "Name": "Günzburg", "Population": 21423, "POSTCODE": "89312" }, "geometry": { "type": "Point", "coordinates": [ 10.280229452000071, 48.466171712000062 ] } },
{ "type": "Feature", "properties": { "Name": "Karlsfeld", "Population": 21403, "POSTCODE": "85757" }, "geometry": { "type": "Point", "coordinates": [ 11.462717252000061, 48.229620028000056 ] } },
{ "type": "Feature", "properties": { "Name": "Neufahrn b.Freising", "Population": 21061, "POSTCODE": "85376" }, "geometry": { "type": "Point", "coordinates": [ 11.63970114500006, 48.355898547000038 ] } },
{ "type": "Feature", "properties": { "Name": "Traunstein", "Population": 20877, "POSTCODE": "83278" }, "geometry": { "type": "Point", "coordinates": [ 12.671639200000072, 47.852704335000055 ] } },
{ "type": "Feature", "properties": { "Name": "Puchheim", "Population": 20858, "POSTCODE": "82178" }, "geometry": { "type": "Point", "coordinates": [ 11.346407544000044, 48.162789574000044 ] } },
{ "type": "Feature", "properties": { "Name": "Dingolfing", "Population": 20749, "POSTCODE": "84130" }, "geometry": { "type": "Point", "coordinates": [ 12.479639401000043, 48.621047962000034 ] } },
{ "type": "Feature", "properties": { "Name": "Lichtenfels", "Population": 20488, "POSTCODE": "96215" }, "geometry": { "type": "Point", "coordinates": [ 11.084351867000066, 50.138207608000073 ] } },
{ "type": "Feature", "properties": { "Name": "Traunreut", "Population": 20379, "POSTCODE": "83301" }, "geometry": { "type": "Point", "coordinates": [ 12.554884275000063, 47.961840499000061 ] } },
{ "type": "Feature", "properties": { "Name": "Nördlingen", "Population": 20352, "POSTCODE": "86720" }, "geometry": { "type": "Point", "coordinates": [ 10.468354175000059, 48.841463234000059 ] } },
{ "type": "Feature", "properties": { "Name": "Moosburg a.d.Isar", "Population": 20012, "POSTCODE": "85368" }, "geometry": { "type": "Point", "coordinates": [ 11.930681861000039, 48.476651156000059 ] } },
{ "type": "Feature", "properties": { "Name": "Donauwörth", "Population": 19990, "POSTCODE": "86609" }, "geometry": { "type": "Point", "coordinates": [ 10.772218045000045, 48.723904874000027 ] } },
{ "type": "Feature", "properties": { "Name": "Bad Tölz", "Population": 19826, "POSTCODE": null }, "geometry": null },
{ "type": "Feature", "properties": { "Name": "Dillingen a.d.Donau", "Population": 19806, "POSTCODE": "89407" }, "geometry": { "type": "Point", "coordinates": [ 10.531274760000031, 48.574864074000061 ] } },
{ "type": "Feature", "properties": { "Name": "Wolfratshausen", "Population": 19658, "POSTCODE": "82515" }, "geometry": { "type": "Point", "coordinates": [ 11.42654195800003, 47.909279949000052 ] } },
{ "type": "Feature", "properties": { "Name": "Burghausen", "Population": 19558, "POSTCODE": "84489" }, "geometry": { "type": "Point", "coordinates": [ 12.832220975000041, 48.179610550000064 ] } },
{ "type": "Feature", "properties": { "Name": "Taufkirchen", "Population": 19529, "POSTCODE": "82024" }, "geometry": { "type": "Point", "coordinates": [ 11.632898628000021, 48.032984158000033 ] } },
{ "type": "Feature", "properties": { "Name": "Sulzbach-Rosenberg", "Population": 19379, "POSTCODE": "92237" }, "geometry": { "type": "Point", "coordinates": [ 11.736653689000036, 49.506202829000074 ] } },
{ "type": "Feature", "properties": { "Name": "Gröbenzell", "Population": 19362, "POSTCODE": "82194" }, "geometry": { "type": "Point", "coordinates": [ 11.375335499000073, 48.193575303000046 ] } },
{ "type": "Feature", "properties": { "Name": "Kolbermoor", "Population": 19094, "POSTCODE": "83059" }, "geometry": { "type": "Point", "coordinates": [ 12.047606822000034, 47.843032246000064 ] } },
{ "type": "Feature", "properties": { "Name": "Gilching", "Population": 19062, "POSTCODE": "82205" }, "geometry": { "type": "Point", "coordinates": [ 11.276231237000047, 48.111357852000026 ] } },
{ "type": "Feature", "properties": { "Name": "Eching", "Population": 18881, "POSTCODE": "85386" }, "geometry": { "type": "Point", "coordinates": [ 11.625483171000042, 48.297004252000079 ] } },
{ "type": "Feature", "properties": { "Name": "Marktoberdorf", "Population": 18617, "POSTCODE": "87616" }, "geometry": { "type": "Point", "coordinates": [ 10.608708026000045, 47.749433080000074 ] } },
{ "type": "Feature", "properties": { "Name": "Bad Aibling", "Population": 18497, "POSTCODE": "83043" }, "geometry": { "type": "Point", "coordinates": [ 12.003151469000045, 47.86304347600003 ] } },
{ "type": "Feature", "properties": { "Name": "Illertissen", "Population": 18433, "POSTCODE": "89257" }, "geometry": { "type": "Point", "coordinates": [ 10.107798650000063, 48.220724307000069 ] } },
{ "type": "Feature", "properties": { "Name": "Weißenburg i.Bay.", "Population": 18345, "POSTCODE": "91781" }, "geometry": { "type": "Point", "coordinates": [ 10.986883831000057, 49.01556574600005 ] } },
{ "type": "Feature", "properties": { "Name": "Bad Reichenhall", "Population": 18288, "POSTCODE": "83435" }, "geometry": { "type": "Point", "coordinates": [ 12.861198375000072, 47.730156731000079 ] } },
{ "type": "Feature", "properties": { "Name": "Ismaning", "Population": 18093, "POSTCODE": "85737" }, "geometry": { "type": "Point", "coordinates": [ 11.704754536000053, 48.240575879000062 ] } },
{ "type": "Feature", "properties": { "Name": "Vilshofen an der Donau", "Population": 18084, "POSTCODE": "94155" }, "geometry": { "type": "Point", "coordinates": [ 13.216674805000025, 48.616699218000065 ] } },
{ "type": "Feature", "properties": { "Name": "Alzenau", "Population": 18034, "POSTCODE": "63755" }, "geometry": { "type": "Point", "coordinates": [ 9.079811026000073, 50.084892013000058 ] } },
{ "type": "Feature", "properties": { "Name": "Bobingen", "Population": 17905, "POSTCODE": "86399" }, "geometry": { "type": "Point", "coordinates": [ 10.824856200000056, 48.276352698000039 ] } },
{ "type": "Feature", "properties": { "Name": "Schrobenhausen", "Population": 17815, "POSTCODE": "86529" }, "geometry": { "type": "Point", "coordinates": [ 11.222152400000027, 48.562801032000039 ] } },
{ "type": "Feature", "properties": { "Name": "Garching b.München", "Population": 17656, "POSTCODE": "85748" }, "geometry": { "type": "Point", "coordinates": [ 11.639542960000028, 48.248094675000061 ] } },
{ "type": "Feature", "properties": { "Name": "Oberasbach", "Population": 17647, "POSTCODE": "90522" }, "geometry": { "type": "Point", "coordinates": [ 10.968291837000038, 49.422245152000073 ] } },
{ "type": "Feature", "properties": { "Name": "Freilassing", "Population": 17619, "POSTCODE": "83395" }, "geometry": { "type": "Point", "coordinates": [ 12.975046631000055, 47.845200310000052 ] } },
{ "type": "Feature", "properties": { "Name": "Cham", "Population": 17433, "POSTCODE": "93413" }, "geometry": { "type": "Point", "coordinates": [ 12.665667056000075, 49.209972226000048 ] } },
{ "type": "Feature", "properties": { "Name": "Holzkirchen", "Population": 17246, "POSTCODE": "83607" }, "geometry": { "type": "Point", "coordinates": [ 11.679310569000052, 47.864226368000061 ] } },
{ "type": "Feature", "properties": { "Name": "Marktredwitz", "Population": 17121, "POSTCODE": "95615" }, "geometry": { "type": "Point", "coordinates": [ 12.101472761000025, 50.010323225000036 ] } },
{ "type": "Feature", "properties": { "Name": "Kelheim", "Population": 17066, "POSTCODE": "93309" }, "geometry": { "type": "Point", "coordinates": [ 11.93936132500005, 48.928572786000075 ] } },
{ "type": "Feature", "properties": { "Name": "Penzberg", "Population": 17028, "POSTCODE": "82377" }, "geometry": { "type": "Point", "coordinates": [ 11.38126105200007, 47.761047151000071 ] } },
{ "type": "Feature", "properties": { "Name": "Bad Wörishofen", "Population": 16933, "POSTCODE": "86825" }, "geometry": { "type": "Point", "coordinates": [ 10.59978164100005, 48.000845496000068 ] } },
{ "type": "Feature", "properties": { "Name": "Bruckmühl", "Population": 16735, "POSTCODE": "83052" }, "geometry": { "type": "Point", "coordinates": [ 11.933674866000047, 47.889525339000045 ] } },
{ "type": "Feature", "properties": { "Name": "Gunzenhausen", "Population": 16665, "POSTCODE": "91710" }, "geometry": { "type": "Point", "coordinates": [ 10.728387603000044, 49.110909804000073 ] } },
{ "type": "Feature", "properties": { "Name": "Kronach", "Population": 16616, "POSTCODE": "96317" }, "geometry": { "type": "Point", "coordinates": [ 11.302947650000021, 50.248964670000078 ] } },
{ "type": "Feature", "properties": { "Name": "Poing", "Population": 16585, "POSTCODE": "85586" }, "geometry": { "type": "Point", "coordinates": [ 11.802579424000044, 48.168267213000036 ] } },
{ "type": "Feature", "properties": { "Name": "Wendelstein", "Population": 16446, "POSTCODE": "90530" }, "geometry": { "type": "Point", "coordinates": [ 11.165222037000035, 49.345866288000082 ] } },
{ "type": "Feature", "properties": { "Name": "Pocking", "Population": 16414, "POSTCODE": "94060" }, "geometry": { "type": "Point", "coordinates": [ 13.327837375000058, 48.395411613000078 ] } },
{ "type": "Feature", "properties": { "Name": "Regenstauf", "Population": 16318, "POSTCODE": "93128" }, "geometry": { "type": "Point", "coordinates": [ 12.119773150000071, 49.131545829000061 ] } },
{ "type": "Feature", "properties": { "Name": "Großostheim", "Population": 15873, "POSTCODE": "63762" }, "geometry": { "type": "Point", "coordinates": [ 9.064834895000047, 49.915772322000066 ] } },
{ "type": "Feature", "properties": { "Name": "Stadtbergen", "Population": 15649, "POSTCODE": "86391" }, "geometry": { "type": "Point", "coordinates": [ 10.831042488000037, 48.359522639000033 ] } },
{ "type": "Feature", "properties": { "Name": "Mindelheim", "Population": 15531, "POSTCODE": "87719" }, "geometry": { "type": "Point", "coordinates": [ 10.495740298000044, 48.05464203300005 ] } },
{ "type": "Feature", "properties": { "Name": "Altdorf b.Nürnberg", "Population": 15478, "POSTCODE": "90518" }, "geometry": { "type": "Point", "coordinates": [ 11.381310234000068, 49.393512716000032 ] } },
{ "type": "Feature", "properties": { "Name": "Bad Neustadt a.d.Saale", "Population": 15434, "POSTCODE": "97616" }, "geometry": { "type": "Point", "coordinates": [ 10.212745621000067, 50.326651347000052 ] } },
{ "type": "Feature", "properties": { "Name": "Füssen", "Population": 15287, "POSTCODE": "87629" }, "geometry": { "type": "Point", "coordinates": [ 10.655018900000073, 47.573099153000044 ] } },
{ "type": "Feature", "properties": { "Name": "Schwabmünchen", "Population": 15277, "POSTCODE": "86830" }, "geometry": { "type": "Point", "coordinates": [ 10.728180080000072, 48.195599138000034 ] } },
{ "type": "Feature", "properties": { "Name": "Mainburg", "Population": 15271, "POSTCODE": "84048" }, "geometry": { "type": "Point", "coordinates": [ 11.765392868000049, 48.641849938000064 ] } },
{ "type": "Feature", "properties": { "Name": "Mering", "Population": 15164, "POSTCODE": "86415" }, "geometry": { "type": "Point", "coordinates": [ 11.002872772000046, 48.266592277000029 ] } },
{ "type": "Feature", "properties": { "Name": "Abensberg", "Population": 15061, "POSTCODE": "93326" }, "geometry": { "type": "Point", "coordinates": [ 11.858286907000036, 48.830025895000063 ] } },
{ "type": "Feature", "properties": { "Name": "Lohr a.Main", "Population": 14996, "POSTCODE": "97816" }, "geometry": { "type": "Point", "coordinates": [ 9.563700190000077, 50.026291259000061 ] } },
{ "type": "Feature", "properties": { "Name": "Stein", "Population": 14866, "POSTCODE": "90547" }, "geometry": { "type": "Point", "coordinates": [ 10.980121947000043, 49.399161418000062 ] } },
{ "type": "Feature", "properties": { "Name": "Neustadt b.Coburg", "Population": 14824, "POSTCODE": "96465" }, "geometry": { "type": "Point", "coordinates": [ 11.111256151000077, 50.311717289000057 ] } },
{ "type": "Feature", "properties": { "Name": "Landau a.d.Isar", "Population": 14801, "POSTCODE": "94405" }, "geometry": { "type": "Point", "coordinates": [ 12.71575318400005, 48.658069752000074 ] } },
{ "type": "Feature", "properties": { "Name": "Neustadt a.d.Donau", "Population": 14778, "POSTCODE": "93333" }, "geometry": { "type": "Point", "coordinates": [ 11.755252311000049, 48.79644010800007 ] } },
{ "type": "Feature", "properties": { "Name": "Dorfen", "Population": 14759, "POSTCODE": "84405" }, "geometry": { "type": "Point", "coordinates": [ 12.162427900000068, 48.292473790000031 ] } },
{ "type": "Feature", "properties": { "Name": "Selb", "Population": 14743, "POSTCODE": "95100" }, "geometry": { "type": "Point", "coordinates": [ 12.114534454000022, 50.167760824000027 ] } },
{ "type": "Feature", "properties": { "Name": "Karlstadt", "Population": 14739, "POSTCODE": "97753" }, "geometry": { "type": "Point", "coordinates": [ 9.743933373000061, 49.969945505000055 ] } },
{ "type": "Feature", "properties": { "Name": "Burglengenfeld", "Population": 14569, "POSTCODE": "93133" }, "geometry": { "type": "Point", "coordinates": [ 12.003634058000046, 49.227889007000044 ] } },
{ "type": "Feature", "properties": { "Name": "Eckental", "Population": 14476, "POSTCODE": "90542" }, "geometry": { "type": "Point", "coordinates": [ 11.218119167000054, 49.58338787200006 ] } },
{ "type": "Feature", "properties": { "Name": "Immenstadt i.Allgäu", "Population": 14391, "POSTCODE": "87509" }, "geometry": { "type": "Point", "coordinates": [ 10.195248594000077, 47.574229933000026 ] } },
{ "type": "Feature", "properties": { "Name": "Neubiberg", "Population": 14329, "POSTCODE": "85579" }, "geometry": { "type": "Point", "coordinates": [ 11.628622650000068, 48.079479986000081 ] } },
{ "type": "Feature", "properties": { "Name": "Eggenfelden", "Population": 14271, "POSTCODE": "84307" }, "geometry": { "type": "Point", "coordinates": [ 12.750733204000028, 48.406173524000053 ] } },
{ "type": "Feature", "properties": { "Name": "Neutraubling", "Population": 14224, "POSTCODE": "93073" }, "geometry": { "type": "Point", "coordinates": [ 12.206930559000057, 48.981475268000054 ] } },
{ "type": "Feature", "properties": { "Name": "Weißenhorn", "Population": 14186, "POSTCODE": "89264" }, "geometry": { "type": "Point", "coordinates": [ 10.173615229000063, 48.304535155000053 ] } },
{ "type": "Feature", "properties": { "Name": "Krumbach (Schwaben)", "Population": 14178, "POSTCODE": "86381" }, "geometry": { "type": "Point", "coordinates": [ 10.379189264000047, 48.244860789000029 ] } },
{ "type": "Feature", "properties": { "Name": "Vöhringen", "Population": 14044, "POSTCODE": "72189" }, "geometry": { "type": "Point", "coordinates": [ 8.663158802000055, 48.323599399000045 ] } },
{ "type": "Feature", "properties": { "Name": "Maisach", "Population": 13974, "POSTCODE": "82216" }, "geometry": { "type": "Point", "coordinates": [ 11.253749154000047, 48.231893462000073 ] } },
{ "type": "Feature", "properties": { "Name": "Grafing b.München", "Population": 13942, "POSTCODE": "85567" }, "geometry": { "type": "Point", "coordinates": [ 11.950554367000052, 48.031184678000045 ] } },
{ "type": "Feature", "properties": { "Name": "Eichstätt", "Population": 13891, "POSTCODE": "85072" }, "geometry": { "type": "Point", "coordinates": [ 11.194753063000064, 48.889317796000057 ] } },
{ "type": "Feature", "properties": { "Name": "Haßfurt", "Population": 13867, "POSTCODE": "97437" }, "geometry": { "type": "Point", "coordinates": [ 10.506993419000025, 50.046236732000068 ] } },
{ "type": "Feature", "properties": { "Name": "Höchstadt a.d.Aisch", "Population": 13867, "POSTCODE": "91315" }, "geometry": { "type": "Point", "coordinates": [ 10.833663926000042, 49.714860198000054 ] } },
{ "type": "Feature", "properties": { "Name": "Buchloe", "Population": 13815, "POSTCODE": "86807" }, "geometry": { "type": "Point", "coordinates": [ 10.739486516000056, 48.028888553000058 ] } },
{ "type": "Feature", "properties": { "Name": "Feucht", "Population": 13714, "POSTCODE": null }, "geometry": null },
{ "type": "Feature", "properties": { "Name": "Pegnitz", "Population": 13665, "POSTCODE": "91257" }, "geometry": { "type": "Point", "coordinates": [ 11.524155747000066, 49.74020691100003 ] } },
{ "type": "Feature", "properties": { "Name": "Hilpoltstein", "Population": 13654, "POSTCODE": "91161" }, "geometry": { "type": "Point", "coordinates": [ 11.221377750000045, 49.18564093100008 ] } },
{ "type": "Feature", "properties": { "Name": "Markt Schwaben", "Population": 13643, "POSTCODE": "85570" }, "geometry": { "type": "Point", "coordinates": [ 11.873291331000075, 48.201335307000079 ] } },
{ "type": "Feature", "properties": { "Name": "Gräfelfing", "Population": 13472, "POSTCODE": "82166" }, "geometry": { "type": "Point", "coordinates": [ 11.43670215800006, 48.122693173000073 ] } },
{ "type": "Feature", "properties": { "Name": "Lappersdorf", "Population": 13419, "POSTCODE": "93138" }, "geometry": { "type": "Point", "coordinates": [ 12.058926287000077, 49.073405186000059 ] } },
{ "type": "Feature", "properties": { "Name": "Kirchheim b.München", "Population": 13392, "POSTCODE": "85551" }, "geometry": { "type": "Point", "coordinates": [ 11.751006822000022, 48.182144795000056 ] } },
{ "type": "Feature", "properties": { "Name": "Ergolding", "Population": 13323, "POSTCODE": "84030" }, "geometry": { "type": "Point", "coordinates": [ 12.135226192000061, 48.587380848000066 ] } },
{ "type": "Feature", "properties": { "Name": "Oberhaching", "Population": 13318, "POSTCODE": "82032" }, "geometry": { "type": "Point", "coordinates": [ 11.588928223000039, 48.018310546000066 ] } },
{ "type": "Feature", "properties": { "Name": "Neustadt a.d.Aisch", "Population": 13294, "POSTCODE": "91413" }, "geometry": { "type": "Point", "coordinates": [ 10.575320439000052, 49.573306451000064 ] } },
{ "type": "Feature", "properties": { "Name": "Plattling", "Population": 13160, "POSTCODE": "94447" }, "geometry": { "type": "Point", "coordinates": [ 12.900919654000063, 48.783296654000026 ] } },
{ "type": "Feature", "properties": { "Name": "Treuchtlingen", "Population": 13159, "POSTCODE": "91757" }, "geometry": { "type": "Point", "coordinates": [ 10.870079018000069, 48.957499375000054 ] } },
{ "type": "Feature", "properties": { "Name": "Roding", "Population": 13157, "POSTCODE": "93426" }, "geometry": { "type": "Point", "coordinates": [ 12.455922028000032, 49.144610410000041 ] } },
{ "type": "Feature", "properties": { "Name": "Peißenberg", "Population": 13148, "POSTCODE": "82380" }, "geometry": { "type": "Point", "coordinates": [ 11.063988695000035, 47.792994822000026 ] } },
{ "type": "Feature", "properties": { "Name": "Altötting", "Population": 13138, "POSTCODE": "84503" }, "geometry": { "type": "Point", "coordinates": [ 12.670240500000034, 48.22107834500008 ] } },
{ "type": "Feature", "properties": { "Name": "Hösbach", "Population": 13046, "POSTCODE": "63768" }, "geometry": { "type": "Point", "coordinates": [ 9.214861082000027, 50.01500734800004 ] } },
{ "type": "Feature", "properties": { "Name": "Manching", "Population": 13042, "POSTCODE": "85077" }, "geometry": { "type": "Point", "coordinates": [ 11.501976202000037, 48.715656924000029 ] } },
{ "type": "Feature", "properties": { "Name": "Pfarrkirchen", "Population": 12764, "POSTCODE": "84347" }, "geometry": { "type": "Point", "coordinates": [ 12.957619062000049, 48.441438525000081 ] } },
{ "type": "Feature", "properties": { "Name": "Schongau", "Population": 12572, "POSTCODE": "86956" }, "geometry": { "type": "Point", "coordinates": [ 10.896528838000052, 47.812689374000058 ] } },
{ "type": "Feature", "properties": { "Name": "Feuchtwangen", "Population": 12551, "POSTCODE": "91555" }, "geometry": { "type": "Point", "coordinates": [ 10.321349973000054, 49.175296641000045 ] } },
{ "type": "Feature", "properties": { "Name": "Bad Abbach", "Population": 12545, "POSTCODE": "93077" }, "geometry": { "type": "Point", "coordinates": [ 12.052293403000021, 48.910377811000046 ] } },
{ "type": "Feature", "properties": { "Name": "Röthenbach a.d.Pegnitz", "Population": 12529, "POSTCODE": "90552" }, "geometry": { "type": "Point", "coordinates": [ 11.258572650000076, 49.474178688000052 ] } },
{ "type": "Feature", "properties": { "Name": "Tiefenbach", "Population": 12483, "POSTCODE": "93464" }, "geometry": { "type": "Point", "coordinates": [ 12.590017081000042, 49.442378738000059 ] } },
{ "type": "Feature", "properties": { "Name": "Gaimersheim", "Population": 12468, "POSTCODE": "85080" }, "geometry": { "type": "Point", "coordinates": [ 11.364009160000023, 48.813645749000045 ] } },
{ "type": "Feature", "properties": { "Name": "Rödental", "Population": 12457, "POSTCODE": "96472" }, "geometry": { "type": "Point", "coordinates": [ 11.042365150000023, 50.299326454000038 ] } },
{ "type": "Feature", "properties": { "Name": "Bad Windsheim", "Population": 12446, "POSTCODE": "91438" }, "geometry": { "type": "Point", "coordinates": [ 10.424033445000077, 49.518596277000029 ] } },
{ "type": "Feature", "properties": { "Name": "Hirschaid", "Population": 12429, "POSTCODE": "96114" }, "geometry": { "type": "Point", "coordinates": [ 10.942694175000042, 49.797886533000053 ] } },
{ "type": "Feature", "properties": { "Name": "Ebersberg", "Population": 12408, "POSTCODE": null }, "geometry": null },
{ "type": "Feature", "properties": { "Name": "Wasserburg a.Inn", "Population": 12375, "POSTCODE": "83512" }, "geometry": { "type": "Point", "coordinates": [ 12.200454860000036, 48.054198573000065 ] } },
{ "type": "Feature", "properties": { "Name": "Hersbruck", "Population": 12346, "POSTCODE": "91217" }, "geometry": { "type": "Point", "coordinates": [ 11.427444105000063, 49.506335547000049 ] } },
{ "type": "Feature", "properties": { "Name": "Meitingen", "Population": 12307, "POSTCODE": "86405" }, "geometry": { "type": "Point", "coordinates": [ 10.846347125000023, 48.532376864000071 ] } },
{ "type": "Feature", "properties": { "Name": "Osterhofen", "Population": 12280, "POSTCODE": "94486" }, "geometry": { "type": "Point", "coordinates": [ 12.998254315000054, 48.682578354000043 ] } },
{ "type": "Feature", "properties": { "Name": "Dinkelsbühl", "Population": 12260, "POSTCODE": "91550" }, "geometry": { "type": "Point", "coordinates": [ 10.317831600000034, 49.063535425000055 ] } },
{ "type": "Feature", "properties": { "Name": "Vilsbiburg", "Population": 12237, "POSTCODE": "84137" }, "geometry": { "type": "Point", "coordinates": [ 12.345369112000071, 48.440653356000041 ] } },
{ "type": "Feature", "properties": { "Name": "Rain", "Population": 12096, "POSTCODE": "94369" }, "geometry": { "type": "Point", "coordinates": [ 12.457765573000074, 48.89894565600008 ] } },
{ "type": "Feature", "properties": { "Name": "Maxhütte-Haidhof", "Population": 12053, "POSTCODE": "93142" }, "geometry": { "type": "Point", "coordinates": [ 12.100944535000053, 49.182464753000033 ] } },
{ "type": "Feature", "properties": { "Name": "Essenbach", "Population": 11998, "POSTCODE": "84051" }, "geometry": { "type": "Point", "coordinates": [ 12.217082395000034, 48.621695986000077 ] } },
{ "type": "Feature", "properties": { "Name": "Murnau a.Staffelsee", "Population": 11994, "POSTCODE": "82418" }, "geometry": { "type": "Point", "coordinates": [ 11.199211477000063, 47.680299626000078 ] } },
{ "type": "Feature", "properties": { "Name": "Hauzenberg", "Population": 11965, "POSTCODE": "94051" }, "geometry": { "type": "Point", "coordinates": [ 13.628921900000023, 48.648986950000051 ] } },
{ "type": "Feature", "properties": { "Name": "Hallbergmoos", "Population": 11959, "POSTCODE": "85399" }, "geometry": { "type": "Point", "coordinates": [ 11.729742427000076, 48.310473287000036 ] } },
{ "type": "Feature", "properties": { "Name": "Unterföhring", "Population": 11866, "POSTCODE": "85774" }, "geometry": { "type": "Point", "coordinates": [ 11.661859678000042, 48.190763918000073 ] } },
{ "type": "Feature", "properties": { "Name": "Oberschleißheim", "Population": 11857, "POSTCODE": "85764" }, "geometry": { "type": "Point", "coordinates": [ 11.557200082000065, 48.249803029000077 ] } },
{ "type": "Feature", "properties": { "Name": "Peiting", "Population": 11798, "POSTCODE": "86971" }, "geometry": { "type": "Point", "coordinates": [ 10.926517750000073, 47.778941215000032 ] } },
{ "type": "Feature", "properties": { "Name": "Kissing", "Population": 11657, "POSTCODE": "86438" }, "geometry": { "type": "Point", "coordinates": [ 10.980948517000058, 48.304531379000025 ] } },
{ "type": "Feature", "properties": { "Name": "Wolnzach", "Population": 11623, "POSTCODE": "85283" }, "geometry": { "type": "Point", "coordinates": [ 11.630573423000044, 48.602571294000029 ] } },
{ "type": "Feature", "properties": { "Name": "Lindenberg i.Allgäu", "Population": 11587, "POSTCODE": "88161" }, "geometry": { "type": "Point", "coordinates": [ 9.890563432000022, 47.604429585000048 ] } },
{ "type": "Feature", "properties": { "Name": "Miesbach", "Population": 11573, "POSTCODE": "83714" }, "geometry": { "type": "Point", "coordinates": [ 11.839994400000023, 47.790664837000065 ] } },
{ "type": "Feature", "properties": { "Name": "Geisenfeld", "Population": 11563, "POSTCODE": "85290" }, "geometry": { "type": "Point", "coordinates": [ 11.626122300000077, 48.703246684000078 ] } },
{ "type": "Feature", "properties": { "Name": "Eichenau", "Population": 11540, "POSTCODE": "82223" }, "geometry": { "type": "Point", "coordinates": [ 11.314957880000065, 48.165243130000079 ] } },
{ "type": "Feature", "properties": { "Name": "Lauingen (Donau)", "Population": 11510, "POSTCODE": "89415" }, "geometry": { "type": "Point", "coordinates": [ 10.427702195000052, 48.562702332000072 ] } },
{ "type": "Feature", "properties": { "Name": "Burgthann", "Population": 11466, "POSTCODE": "90559" }, "geometry": { "type": "Point", "coordinates": [ 11.328969377000021, 49.338730811000062 ] } },
{ "type": "Feature", "properties": { "Name": "Marktheidenfeld", "Population": 11402, "POSTCODE": "97828" }, "geometry": { "type": "Point", "coordinates": [ 9.568313376000049, 49.841207542000063 ] } },
{ "type": "Feature", "properties": { "Name": "Rothenburg ob der Tauber", "Population": 11365, "POSTCODE": "91541" }, "geometry": { "type": "Point", "coordinates": [ 10.158270209000023, 49.369639608000057 ] } },
{ "type": "Feature", "properties": { "Name": "Waldkirchen", "Population": 11356, "POSTCODE": "94065" }, "geometry": { "type": "Point", "coordinates": [ 13.603877888000056, 48.735032619000037 ] } },
{ "type": "Feature", "properties": { "Name": "Trostberg", "Population": 11337, "POSTCODE": "83308" }, "geometry": { "type": "Point", "coordinates": [ 12.558301700000072, 48.02533212000003 ] } },
{ "type": "Feature", "properties": { "Name": "Altdorf", "Population": 11300, "POSTCODE": "71155" }, "geometry": { "type": "Point", "coordinates": [ 9.002568834000044, 48.608353383000065 ] } },
{ "type": "Feature", "properties": { "Name": "Cadolzburg", "Population": 11250, "POSTCODE": "90556" }, "geometry": { "type": "Point", "coordinates": [ 10.849546797000073, 49.458815205000064 ] } },
{ "type": "Feature", "properties": { "Name": "Ochsenfurt", "Population": 11219, "POSTCODE": "97199" }, "geometry": { "type": "Point", "coordinates": [ 10.05453170100003, 49.661383048000062 ] } },
{ "type": "Feature", "properties": { "Name": "Mömbris", "Population": 11202, "POSTCODE": "63776" }, "geometry": { "type": "Point", "coordinates": [ 9.156644222000068, 50.064342772000032 ] } },
{ "type": "Feature", "properties": { "Name": "Grünwald", "Population": 11179, "POSTCODE": "82031" }, "geometry": { "type": "Point", "coordinates": [ 11.535327142000028, 48.045397573000059 ] } },
{ "type": "Feature", "properties": { "Name": "Raubling", "Population": 11161, "POSTCODE": "83064" }, "geometry": { "type": "Point", "coordinates": [ 12.083136420000073, 47.786166758000036 ] } },
{ "type": "Feature", "properties": { "Name": "Herrsching a.Ammersee", "Population": 11099, "POSTCODE": null }, "geometry": null },
{ "type": "Feature", "properties": { "Name": "Höhenkirchen-Siegertsbrunn", "Population": 11039, "POSTCODE": "85635" }, "geometry": { "type": "Point", "coordinates": [ 11.738521720000051, 48.020238434000078 ] } },
{ "type": "Feature", "properties": { "Name": "Regen", "Population": 11018, "POSTCODE": "94209" }, "geometry": { "type": "Point", "coordinates": [ 13.122324413000058, 48.969937258000073 ] } },
{ "type": "Feature", "properties": { "Name": "Planegg", "Population": 11007, "POSTCODE": "82152" }, "geometry": { "type": "Point", "coordinates": [ 11.42677472500003, 48.097887832000026 ] } },
{ "type": "Feature", "properties": { "Name": "Burgkirchen a.d.Alz", "Population": 11006, "POSTCODE": "84508" }, "geometry": { "type": "Point", "coordinates": [ 12.722888985000054, 48.150266827000053 ] } },
{ "type": "Feature", "properties": { "Name": "Prien a.Chiemsee", "Population": 10915, "POSTCODE": "83209" }, "geometry": { "type": "Point", "coordinates": [ 12.363734263000026, 47.850920378000069 ] } },
{ "type": "Feature", "properties": { "Name": "Bad Staffelstein", "Population": 10821, "POSTCODE": "96231" }, "geometry": { "type": "Point", "coordinates": [ 11.021102932000076, 50.100233628000069 ] } },
{ "type": "Feature", "properties": { "Name": "Feldkirchen-Westerham", "Population": 10742, "POSTCODE": "83620" }, "geometry": { "type": "Point", "coordinates": [ 11.863168275000021, 47.911605811000072 ] } },
{ "type": "Feature", "properties": { "Name": "Diedorf", "Population": 10699, "POSTCODE": "86420" }, "geometry": { "type": "Point", "coordinates": [ 10.763264459000027, 48.351929741000049 ] } },
{ "type": "Feature", "properties": { "Name": "Hammelburg", "Population": 10694, "POSTCODE": "97762" }, "geometry": { "type": "Point", "coordinates": [ 9.874257353000075, 50.103803081000081 ] } },
{ "type": "Feature", "properties": { "Name": "Dießen am Ammersee", "Population": 10673, "POSTCODE": "86911" }, "geometry": { "type": "Point", "coordinates": [ 11.057161993000022, 47.955346223000049 ] } },
{ "type": "Feature", "properties": { "Name": "Burgau", "Population": 10670, "POSTCODE": "89331" }, "geometry": { "type": "Point", "coordinates": [ 10.383153427000025, 48.428861331000064 ] } },
{ "type": "Feature", "properties": { "Name": "Taufkirchen (Vils)", "Population": 10652, "POSTCODE": "84416" }, "geometry": { "type": "Point", "coordinates": [ 12.136302594000028, 48.339690985000061 ] } },
{ "type": "Feature", "properties": { "Name": "Stephanskirchen", "Population": 10558, "POSTCODE": "83071" }, "geometry": { "type": "Point", "coordinates": [ 12.180956232000028, 47.862690258000043 ] } },
{ "type": "Feature", "properties": { "Name": "Bogen", "Population": 10453, "POSTCODE": "94327" }, "geometry": { "type": "Point", "coordinates": [ 12.715750300000025, 48.904582516000062 ] } },
{ "type": "Feature", "properties": { "Name": "Langenzenn", "Population": 10438, "POSTCODE": "90579" }, "geometry": { "type": "Point", "coordinates": [ 10.782486442000049, 49.48928122600006 ] } },
{ "type": "Feature", "properties": { "Name": "Kirchseeon", "Population": 10342, "POSTCODE": null }, "geometry": null },
{ "type": "Feature", "properties": { "Name": "Altusried", "Population": 10289, "POSTCODE": "87452" }, "geometry": { "type": "Point", "coordinates": [ 10.17732409100006, 47.790757518000078 ] } },
{ "type": "Feature", "properties": { "Name": "Markt Indersdorf", "Population": 10283, "POSTCODE": "85229" }, "geometry": { "type": "Point", "coordinates": [ 11.359767161000036, 48.369782464000082 ] } },
{ "type": "Feature", "properties": { "Name": "Simbach a.Inn", "Population": 10261, "POSTCODE": "84359" }, "geometry": { "type": "Point", "coordinates": [ 13.015599221000059, 48.289307868000037 ] } },
{ "type": "Feature", "properties": { "Name": "Beilngries", "Population": 10218, "POSTCODE": "92339" }, "geometry": { "type": "Point", "coordinates": [ 11.495894677000024, 49.013035004000074 ] } },
{ "type": "Feature", "properties": { "Name": "Lenggries", "Population": 10147, "POSTCODE": "83661" }, "geometry": { "type": "Point", "coordinates": [ 11.506132600000058, 47.540565764000064 ] } },
{ "type": "Feature", "properties": { "Name": "Gemünden a.Main", "Population": 10098, "POSTCODE": "97737" }, "geometry": { "type": "Point", "coordinates": [ 9.692961014000048, 50.056501968000077 ] } },
{ "type": "Feature", "properties": { "Name": "Haibach", "Population": 10055, "POSTCODE": "63808" }, "geometry": { "type": "Point", "coordinates": [ 9.21001741300006, 49.961822446000042 ] } },
{ "type": "Feature", "properties": { "Name": "Werneck", "Population": 10051, "POSTCODE": "97440" }, "geometry": { "type": "Point", "coordinates": [ 10.083600931000035, 49.990504888000032 ] } },
{ "type": "Feature", "properties": { "Name": "Berg", "Population": 9979, "POSTCODE": "82335" }, "geometry": { "type": "Point", "coordinates": [ 11.373146921000057, 47.959491072000048 ] } },
{ "type": "Feature", "properties": { "Name": "Münchberg", "Population": 9969, "POSTCODE": "95213" }, "geometry": { "type": "Point", "coordinates": [ 11.762667002000057, 50.195516563000069 ] } },
{ "type": "Feature", "properties": { "Name": "Kaufering", "Population": 9957, "POSTCODE": "86916" }, "geometry": { "type": "Point", "coordinates": [ 10.872104362000073, 48.098904709000067 ] } },
{ "type": "Feature", "properties": { "Name": "Tutzing", "Population": 9926, "POSTCODE": "82327" }, "geometry": { "type": "Point", "coordinates": [ 11.250528729000052, 47.909576946000072 ] } },
{ "type": "Feature", "properties": { "Name": "Waltenhofen", "Population": 9901, "POSTCODE": "87448" }, "geometry": { "type": "Point", "coordinates": [ 10.265436410000063, 47.648471203000042 ] } },
{ "type": "Feature", "properties": { "Name": "Elchingen", "Population": 9869, "POSTCODE": "89275" }, "geometry": { "type": "Point", "coordinates": [ 10.084245360000068, 48.448731355000064 ] } },
{ "type": "Feature", "properties": { "Name": "Goldbach", "Population": 9857, "POSTCODE": "63773" }, "geometry": { "type": "Point", "coordinates": [ 9.175591540000028, 50.006530299000076 ] } },
{ "type": "Feature", "properties": { "Name": "Kümmersbruck", "Population": 9830, "POSTCODE": "92245" }, "geometry": { "type": "Point", "coordinates": [ 11.87971390000007, 49.403114408000079 ] } },
{ "type": "Feature", "properties": { "Name": "Nersingen", "Population": 9827, "POSTCODE": "89278" }, "geometry": { "type": "Point", "coordinates": [ 10.13870031600004, 48.424231817000077 ] } },
{ "type": "Feature", "properties": { "Name": "Ainring", "Population": 9800, "POSTCODE": "83404" }, "geometry": { "type": "Point", "coordinates": [ 12.927227896000034, 47.819713050000075 ] } },
{ "type": "Feature", "properties": { "Name": "Kösching", "Population": 9788, "POSTCODE": "85092" }, "geometry": { "type": "Point", "coordinates": [ 11.519444778000036, 48.836191685000074 ] } },
{ "type": "Feature", "properties": { "Name": "Feldkirchen", "Population": 9779, "POSTCODE": "94351" }, "geometry": { "type": "Point", "coordinates": [ 12.530246703000046, 48.830176583000082 ] } },
{ "type": "Feature", "properties": { "Name": "Erlenbach a.Main", "Population": 9717, "POSTCODE": "63906" }, "geometry": { "type": "Point", "coordinates": [ 9.158274325000036, 49.813323568000044 ] } },
{ "type": "Feature", "properties": { "Name": "Heilsbronn", "Population": 9692, "POSTCODE": "91560" }, "geometry": { "type": "Point", "coordinates": [ 10.800261009000053, 49.347358524000072 ] } },
{ "type": "Feature", "properties": { "Name": "Veitshöchheim", "Population": 9671, "POSTCODE": "97209" }, "geometry": { "type": "Point", "coordinates": [ 9.887853817000064, 49.840480854000077 ] } },
{ "type": "Feature", "properties": { "Name": "Roßtal", "Population": 9663, "POSTCODE": "90574" }, "geometry": { "type": "Point", "coordinates": [ 10.885061493000023, 49.385784400000034 ] } },
{ "type": "Feature", "properties": { "Name": "Höchberg", "Population": 9564, "POSTCODE": "97204" }, "geometry": { "type": "Point", "coordinates": [ 9.873016527000061, 49.776846351000074 ] } },
{ "type": "Feature", "properties": { "Name": "Töging a.Inn", "Population": 9496, "POSTCODE": null }, "geometry": null },
{ "type": "Feature", "properties": { "Name": "Wertingen", "Population": 9486, "POSTCODE": null }, "geometry": null },
{ "type": "Feature", "properties": { "Name": "Zorneding", "Population": 9452, "POSTCODE": "85604" }, "geometry": { "type": "Point", "coordinates": [ 11.819662444000073, 48.082474320000074 ] } },
{ "type": "Feature", "properties": { "Name": "Hemau", "Population": 9408, "POSTCODE": "93155" }, "geometry": { "type": "Point", "coordinates": [ 11.764114755000037, 49.045334862000061 ] } },
{ "type": "Feature", "properties": { "Name": "Ichenhausen", "Population": 9373, "POSTCODE": "89335" }, "geometry": { "type": "Point", "coordinates": [ 10.313352575000067, 48.380481407000048 ] } },
{ "type": "Feature", "properties": { "Name": "Miltenberg", "Population": 9351, "POSTCODE": "63897" }, "geometry": { "type": "Point", "coordinates": [ 9.244868079000071, 49.689383143000043 ] } },
{ "type": "Feature", "properties": { "Name": "Oberstdorf", "Population": 9279, "POSTCODE": "87561" }, "geometry": { "type": "Point", "coordinates": [ 10.312710425000034, 47.38480981500004 ] } },
{ "type": "Feature", "properties": { "Name": "Teisendorf", "Population": 9267, "POSTCODE": "83364" }, "geometry": { "type": "Point", "coordinates": [ 12.757677612000066, 47.825417027000071 ] } },
{ "type": "Feature", "properties": { "Name": "Elsenfeld", "Population": 9225, "POSTCODE": "63820" }, "geometry": { "type": "Point", "coordinates": [ 9.203035950000071, 49.829632100000026 ] } },
{ "type": "Feature", "properties": { "Name": "Freystadt", "Population": 9151, "POSTCODE": "92342" }, "geometry": { "type": "Point", "coordinates": [ 11.340561505000039, 49.184979375000069 ] } },
{ "type": "Feature", "properties": { "Name": "Aschheim", "Population": 9149, "POSTCODE": "85609" }, "geometry": { "type": "Point", "coordinates": [ 11.715402268000048, 48.185333760000049 ] } },
{ "type": "Feature", "properties": { "Name": "Nittenau", "Population": 9145, "POSTCODE": "93149" }, "geometry": { "type": "Point", "coordinates": [ 12.244887633000076, 49.205884088000062 ] } },
{ "type": "Feature", "properties": { "Name": "Adelsdorf", "Population": 9126, "POSTCODE": "91325" }, "geometry": { "type": "Point", "coordinates": [ 10.899737771000048, 49.709493819000045 ] } },
{ "type": "Feature", "properties": { "Name": "Zwiesel", "Population": 9059, "POSTCODE": null }, "geometry": null },
{ "type": "Feature", "properties": { "Name": "Rehau", "Population": 9045, "POSTCODE": "95111" }, "geometry": { "type": "Point", "coordinates": [ 12.058358147000035, 50.246579877000045 ] } },
{ "type": "Feature", "properties": { "Name": "Hohenbrunn", "Population": 9032, "POSTCODE": "85521" }, "geometry": { "type": "Point", "coordinates": [ 11.672898676000045, 48.060679502000028 ] } },
{ "type": "Feature", "properties": { "Name": "Berching", "Population": 9008, "POSTCODE": "92334" }, "geometry": { "type": "Point", "coordinates": [ 11.466701710000052, 49.118094154000062 ] } },
{ "type": "Feature", "properties": { "Name": "Neuötting", "Population": 8991, "POSTCODE": "84524" }, "geometry": { "type": "Point", "coordinates": [ 12.739852800000051, 48.238354422000043 ] } },
{ "type": "Feature", "properties": { "Name": "Wunsiedel", "Population": 8970, "POSTCODE": "95632" }, "geometry": { "type": "Point", "coordinates": [ 12.011615816000074, 50.037486559000058 ] } },
{ "type": "Feature", "properties": { "Name": "Bad Griesbach i.Rottal", "Population": 8952, "POSTCODE": "94086" }, "geometry": { "type": "Point", "coordinates": [ 13.191922600000055, 48.442188424000051 ] } },
{ "type": "Feature", "properties": { "Name": "Nittendorf", "Population": 8920, "POSTCODE": "93152" }, "geometry": { "type": "Point", "coordinates": [ 11.942227599000034, 49.01813254800004 ] } },
{ "type": "Feature", "properties": { "Name": "Vohburg a.d.Donau", "Population": 8891, "POSTCODE": "85088" }, "geometry": { "type": "Point", "coordinates": [ 11.612501508000037, 48.769504920000031 ] } },
{ "type": "Feature", "properties": { "Name": "Memmelsdorf", "Population": 8858, "POSTCODE": "96117" }, "geometry": { "type": "Point", "coordinates": [ 10.971366945000057, 49.94251257600007 ] } },
{ "type": "Feature", "properties": { "Name": "Auerbach i.d.OPf.", "Population": 8846, "POSTCODE": "91275" }, "geometry": { "type": "Point", "coordinates": [ 11.609826338000062, 49.693688388000055 ] } },
{ "type": "Feature", "properties": { "Name": "Neuried", "Population": 8795, "POSTCODE": "77743" }, "geometry": { "type": "Point", "coordinates": [ 7.810086515000023, 48.45124897200003 ] } },
{ "type": "Feature", "properties": { "Name": "Hallstadt", "Population": 8781, "POSTCODE": "96103" }, "geometry": { "type": "Point", "coordinates": [ 10.87179535000007, 49.927537052000048 ] } },
{ "type": "Feature", "properties": { "Name": "Obertraubling", "Population": 8779, "POSTCODE": "93083" }, "geometry": { "type": "Point", "coordinates": [ 12.152144669000052, 48.954483236000044 ] } },
{ "type": "Feature", "properties": { "Name": "Schwaig b.Nürnberg", "Population": 8761, "POSTCODE": null }, "geometry": null },
{ "type": "Feature", "properties": { "Name": "Wenzenbach", "Population": 8757, "POSTCODE": "93173" }, "geometry": { "type": "Point", "coordinates": [ 12.177207370000076, 49.07568997900006 ] } },
{ "type": "Feature", "properties": { "Name": "Langweid a.Lech", "Population": 8737, "POSTCODE": "86462" }, "geometry": { "type": "Point", "coordinates": [ 10.837042586000052, 48.482915430000048 ] } },
{ "type": "Feature", "properties": { "Name": "Mainaschaff", "Population": 8721, "POSTCODE": "63814" }, "geometry": { "type": "Point", "coordinates": [ 9.088413900000035, 49.985784356000067 ] } },
{ "type": "Feature", "properties": { "Name": "Altenstadt", "Population": 8710, "POSTCODE": "86972" }, "geometry": { "type": "Point", "coordinates": [ 10.874336775000074, 47.831095897000068 ] } },
{ "type": "Feature", "properties": { "Name": "Furth im Wald", "Population": 8659, "POSTCODE": "93437" }, "geometry": { "type": "Point", "coordinates": [ 12.834640624000031, 49.309535184000026 ] } },
{ "type": "Feature", "properties": { "Name": "Pullach i.Isartal", "Population": 8601, "POSTCODE": "82049" }, "geometry": { "type": "Point", "coordinates": [ 11.516141750000031, 48.05509664200008 ] } },
{ "type": "Feature", "properties": { "Name": "Obernburg a.Main", "Population": 8575, "POSTCODE": "63785" }, "geometry": { "type": "Point", "coordinates": [ 9.113761556000043, 49.828045746000043 ] } },
{ "type": "Feature", "properties": { "Name": "Fürstenzell", "Population": 8565, "POSTCODE": "94081" }, "geometry": { "type": "Point", "coordinates": [ 13.321246479000024, 48.53073130000007 ] } },
{ "type": "Feature", "properties": { "Name": "Schnaittach", "Population": 8561, "POSTCODE": "91220" }, "geometry": { "type": "Point", "coordinates": [ 11.34478340000004, 49.563558817000057 ] } },
{ "type": "Feature", "properties": { "Name": "Allersberg", "Population": 8550, "POSTCODE": "90584" }, "geometry": { "type": "Point", "coordinates": [ 11.237441071000035, 49.24307519000007 ] } },
{ "type": "Feature", "properties": { "Name": "Tirschenreuth", "Population": 8516, "POSTCODE": "95643" }, "geometry": { "type": "Point", "coordinates": [ 12.350653711000064, 49.887220658000047 ] } },
{ "type": "Feature", "properties": { "Name": "Volkach", "Population": 8512, "POSTCODE": "97332" }, "geometry": { "type": "Point", "coordinates": [ 10.241398682000067, 49.863357510000071 ] } },
{ "type": "Feature", "properties": { "Name": "Hausen", "Population": 8503, "POSTCODE": "55608" }, "geometry": { "type": "Point", "coordinates": [ 7.377374678000024, 49.870722235000073 ] } },
{ "type": "Feature", "properties": { "Name": "Dietmannsried", "Population": 8498, "POSTCODE": "87463" }, "geometry": { "type": "Point", "coordinates": [ 10.283049001000052, 47.828925078000054 ] } },
{ "type": "Feature", "properties": { "Name": "Ergoldsbach", "Population": 8491, "POSTCODE": "84061" }, "geometry": { "type": "Point", "coordinates": [ 12.214159184000039, 48.69114311800007 ] } },
{ "type": "Feature", "properties": { "Name": "Garching a.d.Alz", "Population": 8491, "POSTCODE": "84518" }, "geometry": { "type": "Point", "coordinates": [ 12.586974076000047, 48.135186985000075 ] } },
{ "type": "Feature", "properties": { "Name": "Ottobeuren", "Population": 8486, "POSTCODE": "87724" }, "geometry": { "type": "Point", "coordinates": [ 10.325635243000022, 47.93223400200003 ] } },
{ "type": "Feature", "properties": { "Name": "Rottenburg a.d.Laaber", "Population": 8486, "POSTCODE": "84056" }, "geometry": { "type": "Point", "coordinates": [ 12.038480004000064, 48.716418591000036 ] } },
{ "type": "Feature", "properties": { "Name": "Kahl a.Main", "Population": 8457, "POSTCODE": "63796" }, "geometry": { "type": "Point", "coordinates": [ 9.013138295000033, 50.085558485000035 ] } },
{ "type": "Feature", "properties": { "Name": "Schierling", "Population": 8395, "POSTCODE": "84069" }, "geometry": { "type": "Point", "coordinates": [ 12.158736559000033, 48.82561155500008 ] } },
{ "type": "Feature", "properties": { "Name": "Viechtach", "Population": 8361, "POSTCODE": "94234" }, "geometry": { "type": "Point", "coordinates": [ 12.915566037000076, 49.090968504000045 ] } },
{ "type": "Feature", "properties": { "Name": "Kleinostheim", "Population": 8360, "POSTCODE": null }, "geometry": null },
{ "type": "Feature", "properties": { "Name": "Emmering", "Population": 8345, "POSTCODE": "83550" }, "geometry": { "type": "Point", "coordinates": [ 12.062317646000054, 47.993398076000062 ] } },
{ "type": "Feature", "properties": { "Name": "Niederwerrn", "Population": 8331, "POSTCODE": "97464" }, "geometry": { "type": "Point", "coordinates": [ 10.17036795100006, 50.069112568000037 ] } },
{ "type": "Feature", "properties": { "Name": "Siegsdorf", "Population": 8314, "POSTCODE": "83313" }, "geometry": { "type": "Point", "coordinates": [ 12.677954078000027, 47.810819902000048 ] } },
{ "type": "Feature", "properties": { "Name": "Herrieden", "Population": 8295, "POSTCODE": "91567" }, "geometry": { "type": "Point", "coordinates": [ 10.48146637800005, 49.227881785000079 ] } },
{ "type": "Feature", "properties": { "Name": "Heroldsberg", "Population": 8281, "POSTCODE": null }, "geometry": null },
{ "type": "Feature", "properties": { "Name": "Arnstein", "Population": 8281, "POSTCODE": "06456" }, "geometry": { "type": "Point", "coordinates": [ 11.383159575000036, 51.657990772000062 ] } },
{ "type": "Feature", "properties": { "Name": "Schwarzenbruck", "Population": 8241, "POSTCODE": "90592" }, "geometry": { "type": "Point", "coordinates": [ 11.235739250000051, 49.350468489000036 ] } },
{ "type": "Feature", "properties": { "Name": "Grafenau", "Population": 8203, "POSTCODE": "94481" }, "geometry": { "type": "Point", "coordinates": [ 13.400494323000032, 48.846621669000058 ] } },
{ "type": "Feature", "properties": { "Name": "Velden", "Population": 8203, "POSTCODE": "84149" }, "geometry": { "type": "Point", "coordinates": [ 12.268698181000047, 48.36909428000007 ] } },
{ "type": "Feature", "properties": { "Name": "Bad Feilnbach", "Population": 8198, "POSTCODE": "83075" }, "geometry": { "type": "Point", "coordinates": [ 11.999535338000044, 47.787112982000053 ] } },
{ "type": "Feature", "properties": { "Name": "Hausham", "Population": 8177, "POSTCODE": "83734" }, "geometry": { "type": "Point", "coordinates": [ 11.81190625000005, 47.750561126000036 ] } },
{ "type": "Feature", "properties": { "Name": "Neuendettelsau", "Population": 8138, "POSTCODE": "91564" }, "geometry": { "type": "Point", "coordinates": [ 10.808409237000035, 49.287426752000044 ] } },
{ "type": "Feature", "properties": { "Name": "Reichertshofen", "Population": 8126, "POSTCODE": "85084" }, "geometry": { "type": "Point", "coordinates": [ 11.519034700000077, 48.654662959000063 ] } },
{ "type": "Feature", "properties": { "Name": "Helmbrechts", "Population": 8125, "POSTCODE": "95233" }, "geometry": { "type": "Point", "coordinates": [ 11.694059596000045, 50.239625859000057 ] } },
{ "type": "Feature", "properties": { "Name": "Bad Endorf", "Population": 8117, "POSTCODE": "83093" }, "geometry": { "type": "Point", "coordinates": [ 12.301311303000034, 47.904091828000048 ] } },
{ "type": "Feature", "properties": { "Name": "Neunburg vorm Wald", "Population": 8093, "POSTCODE": "92431" }, "geometry": { "type": "Point", "coordinates": [ 12.360378986000057, 49.344929852000064 ] } },
{ "type": "Feature", "properties": { "Name": "Sauerlach", "Population": 8063, "POSTCODE": "82054" }, "geometry": { "type": "Point", "coordinates": [ 11.635605991000034, 47.959465851000061 ] } },
{ "type": "Feature", "properties": { "Name": "Teublitz", "Population": 8060, "POSTCODE": "93158" }, "geometry": { "type": "Point", "coordinates": [ 12.099360231000048, 49.23453844800008 ] } },
{ "type": "Feature", "properties": { "Name": "Neunkirchen a.Brand", "Population": 8056, "POSTCODE": "91077" }, "geometry": { "type": "Point", "coordinates": [ 11.140222204000054, 49.621972415000073 ] } },
{ "type": "Feature", "properties": { "Name": "Berg b.Neumarkt i.d.OPf.", "Population": 8048, "POSTCODE": "92348" }, "geometry": { "type": "Point", "coordinates": [ 11.442949659000021, 49.353174914000078 ] } },
{ "type": "Feature", "properties": { "Name": "Röttenbach", "Population": 7988, "POSTCODE": "91341" }, "geometry": { "type": "Point", "coordinates": [ 10.918263754000066, 49.668169431000081 ] } },
{ "type": "Feature", "properties": { "Name": "Bad Füssing", "Population": 7981, "POSTCODE": "94072" }, "geometry": { "type": "Point", "coordinates": [ 13.30354707500004, 48.337630616000069 ] } },
{ "type": "Feature", "properties": { "Name": "Postbauer-Heng", "Population": 7912, "POSTCODE": "92353" }, "geometry": { "type": "Point", "coordinates": [ 11.354446430000053, 49.289859572000069 ] } },
{ "type": "Feature", "properties": { "Name": "Baiersdorf", "Population": 7890, "POSTCODE": "91083" }, "geometry": { "type": "Point", "coordinates": [ 11.02970663800005, 49.658262820000061 ] } },
{ "type": "Feature", "properties": { "Name": "Krailling", "Population": 7847, "POSTCODE": "82349" }, "geometry": { "type": "Point", "coordinates": [ 11.336510110000063, 48.081307271000071 ] } },
{ "type": "Feature", "properties": { "Name": "Stockstadt a.Main", "Population": 7837, "POSTCODE": "63811" }, "geometry": { "type": "Point", "coordinates": [ 9.050625611000044, 49.974898901000074 ] } },
{ "type": "Feature", "properties": { "Name": "Strullendorf", "Population": 7828, "POSTCODE": "96129" }, "geometry": { "type": "Point", "coordinates": [ 11.002226783000026, 49.874086962000035 ] } },
{ "type": "Feature", "properties": { "Name": "Altomünster", "Population": 7818, "POSTCODE": "85250" }, "geometry": { "type": "Point", "coordinates": [ 11.237863305000076, 48.389681793000079 ] } },
{ "type": "Feature", "properties": { "Name": "Parsberg", "Population": 7818, "POSTCODE": "92331" }, "geometry": { "type": "Point", "coordinates": [ 11.733588386000065, 49.166304371000081 ] } },
{ "type": "Feature", "properties": { "Name": "Hengersberg", "Population": 7810, "POSTCODE": "94491" }, "geometry": { "type": "Point", "coordinates": [ 13.075264360000062, 48.772185887000035 ] } },
{ "type": "Feature", "properties": { "Name": "Untermeitingen", "Population": 7789, "POSTCODE": "86836" }, "geometry": { "type": "Point", "coordinates": [ 10.829376611000043, 48.169548708000036 ] } },
{ "type": "Feature", "properties": { "Name": "Gundelfingen a.d.Donau", "Population": 7783, "POSTCODE": "89423" }, "geometry": { "type": "Point", "coordinates": [ 10.353653521000069, 48.525619812000059 ] } },
{ "type": "Feature", "properties": { "Name": "Reisbach", "Population": 7719, "POSTCODE": "94419" }, "geometry": { "type": "Point", "coordinates": [ 12.632571879000068, 48.568186561000061 ] } },
{ "type": "Feature", "properties": { "Name": "Berchtesgaden", "Population": 7697, "POSTCODE": null }, "geometry": null },
{ "type": "Feature", "properties": { "Name": "Küps", "Population": 7697, "POSTCODE": "96328" }, "geometry": { "type": "Point", "coordinates": [ 11.276924215000065, 50.193852355000047 ] } },
{ "type": "Feature", "properties": { "Name": "Pfronten", "Population": 7687, "POSTCODE": "87459" }, "geometry": { "type": "Point", "coordinates": [ 10.532668734000026, 47.570612307000033 ] } },
{ "type": "Feature", "properties": { "Name": "Oberstaufen", "Population": 7654, "POSTCODE": "87534" }, "geometry": { "type": "Point", "coordinates": [ 10.058074957000031, 47.528130617000045 ] } },
{ "type": "Feature", "properties": { "Name": "Bergkirchen", "Population": 7630, "POSTCODE": "85232" }, "geometry": { "type": "Point", "coordinates": [ 11.359969437000075, 48.255513511000061 ] } },
{ "type": "Feature", "properties": { "Name": "Seefeld", "Population": 7628, "POSTCODE": "82229" }, "geometry": { "type": "Point", "coordinates": [ 11.223888197000065, 48.036416834000079 ] } },
{ "type": "Feature", "properties": { "Name": "Schonungen", "Population": 7628, "POSTCODE": "97453" }, "geometry": { "type": "Point", "coordinates": [ 10.348845393000033, 50.077317409000045 ] } },
{ "type": "Feature", "properties": { "Name": "Karlstein a.Main", "Population": 7590, "POSTCODE": "63791" }, "geometry": { "type": "Point", "coordinates": [ 9.006267575000038, 50.05294938000003 ] } },
{ "type": "Feature", "properties": { "Name": "Rimpar", "Population": 7587, "POSTCODE": null }, "geometry": null },
{ "type": "Feature", "properties": { "Name": "Münnerstadt", "Population": 7577, "POSTCODE": "97702" }, "geometry": { "type": "Point", "coordinates": [ 10.228691750000053, 50.248213633000034 ] } },
{ "type": "Feature", "properties": { "Name": "Vohenstrauß", "Population": 7576, "POSTCODE": "92648" }, "geometry": { "type": "Point", "coordinates": [ 12.32777653100004, 49.620857826000076 ] } },
{ "type": "Feature", "properties": { "Name": "Großmehring", "Population": 7576, "POSTCODE": "85098" }, "geometry": { "type": "Point", "coordinates": [ 11.543377289000034, 48.78046648000003 ] } },
{ "type": "Feature", "properties": { "Name": "Dittelbrunn", "Population": 7519, "POSTCODE": "97456" }, "geometry": { "type": "Point", "coordinates": [ 10.20588888900005, 50.111932384000056 ] } },
{ "type": "Feature", "properties": { "Name": "Bad Kötzting", "Population": 7494, "POSTCODE": "93444" }, "geometry": { "type": "Point", "coordinates": [ 12.889120800000057, 49.160430431000066 ] } },
{ "type": "Feature", "properties": { "Name": "Naila", "Population": 7482, "POSTCODE": "95119" }, "geometry": { "type": "Point", "coordinates": [ 11.686621755000033, 50.322903127000075 ] } },
{ "type": "Feature", "properties": { "Name": "Leipheim", "Population": 7434, "POSTCODE": "89340" }, "geometry": { "type": "Point", "coordinates": [ 10.203469149000057, 48.45192666500003 ] } },
{ "type": "Feature", "properties": { "Name": "Sulzbach a.Main", "Population": 7423, "POSTCODE": "63834" }, "geometry": { "type": "Point", "coordinates": [ 9.16928527500005, 49.91187351800005 ] } },
{ "type": "Feature", "properties": { "Name": "Türkheim", "Population": 7410, "POSTCODE": "86842" }, "geometry": { "type": "Point", "coordinates": [ 10.635816280000029, 48.061558652000031 ] } },
{ "type": "Feature", "properties": { "Name": "Großkarolinenfeld", "Population": 7387, "POSTCODE": "83109" }, "geometry": { "type": "Point", "coordinates": [ 12.064431200000058, 47.89545501200007 ] } },
{ "type": "Feature", "properties": { "Name": "Burkardroth", "Population": 7361, "POSTCODE": "97705" }, "geometry": { "type": "Point", "coordinates": [ 9.972211213000037, 50.280708445000073 ] } },
{ "type": "Feature", "properties": { "Name": "Pleinfeld", "Population": 7350, "POSTCODE": "91785" }, "geometry": { "type": "Point", "coordinates": [ 10.98524453400006, 49.115189889000078 ] } },
{ "type": "Feature", "properties": { "Name": "Laufen", "Population": 7336, "POSTCODE": "83410" }, "geometry": { "type": "Point", "coordinates": [ 12.907450050000023, 47.935814913000058 ] } },
{ "type": "Feature", "properties": { "Name": "Sinzing", "Population": 7332, "POSTCODE": "93161" }, "geometry": { "type": "Point", "coordinates": [ 11.979435927000054, 48.984759874000076 ] } },
{ "type": "Feature", "properties": { "Name": "Ortenburg", "Population": 7330, "POSTCODE": "94496" }, "geometry": { "type": "Point", "coordinates": [ 13.218194499000049, 48.554588983000031 ] } },
{ "type": "Feature", "properties": { "Name": "Mittenwald", "Population": 7323, "POSTCODE": "82481" }, "geometry": { "type": "Point", "coordinates": [ 11.295486114000028, 47.463725898000064 ] } },
{ "type": "Feature", "properties": { "Name": "Pfaffenhofen a.d.Roth", "Population": 7311, "POSTCODE": "89284" }, "geometry": { "type": "Point", "coordinates": [ 10.161742316000073, 48.361129335000044 ] } },
{ "type": "Feature", "properties": { "Name": "Geisenhausen", "Population": 7278, "POSTCODE": "84144" }, "geometry": { "type": "Point", "coordinates": [ 12.266985021000039, 48.469576321000034 ] } },
{ "type": "Feature", "properties": { "Name": "Wallersdorf", "Population": 7246, "POSTCODE": "94522" }, "geometry": { "type": "Point", "coordinates": [ 12.752159644000074, 48.735583008000049 ] } },
{ "type": "Feature", "properties": { "Name": "Ampfing", "Population": 7234, "POSTCODE": "84539" }, "geometry": { "type": "Point", "coordinates": [ 12.402816545000064, 48.261274767000032 ] } },
{ "type": "Feature", "properties": { "Name": "Ebern", "Population": 7193, "POSTCODE": "96106" }, "geometry": { "type": "Point", "coordinates": [ 10.727923274000034, 50.09609888500006 ] } },
{ "type": "Feature", "properties": { "Name": "Schwanstetten", "Population": 7167, "POSTCODE": "90596" }, "geometry": { "type": "Point", "coordinates": [ 11.13666028800003, 49.304662791000055 ] } },
{ "type": "Feature", "properties": { "Name": "Pilsting", "Population": 7158, "POSTCODE": "94431" }, "geometry": { "type": "Point", "coordinates": [ 12.631921585000043, 48.707960043000071 ] } },
{ "type": "Feature", "properties": { "Name": "Bindlach", "Population": 7156, "POSTCODE": "95463" }, "geometry": { "type": "Point", "coordinates": [ 11.602295167000023, 49.996133926000027 ] } },
{ "type": "Feature", "properties": { "Name": "Greding", "Population": 7154, "POSTCODE": "91171" }, "geometry": { "type": "Point", "coordinates": [ 11.328307280000047, 49.059671662000028 ] } },
{ "type": "Feature", "properties": { "Name": "Altmannstein", "Population": 7150, "POSTCODE": "93336" }, "geometry": { "type": "Point", "coordinates": [ 11.617833503000043, 48.908415688000048 ] } },
{ "type": "Feature", "properties": { "Name": "Burgebrach", "Population": 7149, "POSTCODE": "96138" }, "geometry": { "type": "Point", "coordinates": [ 10.729996263000032, 49.820847674000049 ] } },
{ "type": "Feature", "properties": { "Name": "Scheßlitz", "Population": 7129, "POSTCODE": "96110" }, "geometry": { "type": "Point", "coordinates": [ 11.050172007000072, 49.980777265000029 ] } },
{ "type": "Feature", "properties": { "Name": "Ruhstorf a.d.Rott", "Population": 7115, "POSTCODE": "94099" }, "geometry": { "type": "Point", "coordinates": [ 13.319160500000066, 48.447255590000054 ] } },
{ "type": "Feature", "properties": { "Name": "Mühlhausen", "Population": 7096, "POSTCODE": "69242" }, "geometry": { "type": "Point", "coordinates": [ 8.72866308600004, 49.247800312000038 ] } },
{ "type": "Feature", "properties": { "Name": "Freyung", "Population": 7078, "POSTCODE": "94078" }, "geometry": { "type": "Point", "coordinates": [ 13.544763850000038, 48.819726401000025 ] } },
{ "type": "Feature", "properties": { "Name": "Tuntenhausen", "Population": 7074, "POSTCODE": "83104" }, "geometry": { "type": "Point", "coordinates": [ 12.018862050000052, 47.935043205000056 ] } },
{ "type": "Feature", "properties": { "Name": "Bischofswiesen", "Population": 7055, "POSTCODE": "83483" }, "geometry": { "type": "Point", "coordinates": [ 12.944107291000023, 47.662113625000075 ] } },
{ "type": "Feature", "properties": { "Name": "Pöttmes", "Population": 7012, "POSTCODE": "86554" }, "geometry": { "type": "Point", "coordinates": [ 11.067769967000061, 48.573007693000079 ] } },
{ "type": "Feature", "properties": { "Name": "Waging a.See", "Population": 7007, "POSTCODE": "83329" }, "geometry": { "type": "Point", "coordinates": [ 12.730449844000077, 47.937250329000051 ] } },
{ "type": "Feature", "properties": { "Name": "Jettingen-Scheppach", "Population": 6996, "POSTCODE": "89343" }, "geometry": { "type": "Point", "coordinates": [ 10.462378879000028, 48.391605364000043 ] } },
{ "type": "Feature", "properties": { "Name": "Geiselhöring", "Population": 6964, "POSTCODE": "94333" }, "geometry": { "type": "Point", "coordinates": [ 12.397795683000027, 48.819515726000077 ] } },
{ "type": "Feature", "properties": { "Name": "Bruckberg", "Population": 6952, "POSTCODE": "84079" }, "geometry": { "type": "Point", "coordinates": [ 12.004240898000035, 48.539361727000028 ] } },
{ "type": "Feature", "properties": { "Name": "Polling", "Population": 6948, "POSTCODE": "82398" }, "geometry": { "type": "Point", "coordinates": [ 11.131110203000048, 47.811951728000054 ] } },
{ "type": "Feature", "properties": { "Name": "Rednitzhembach", "Population": 6945, "POSTCODE": null }, "geometry": null },
{ "type": "Feature", "properties": { "Name": "Durach", "Population": 6918, "POSTCODE": "87471" }, "geometry": { "type": "Point", "coordinates": [ 10.35150552500005, 47.699797649000061 ] } },
{ "type": "Feature", "properties": { "Name": "Grassau", "Population": 6910, "POSTCODE": "83224" }, "geometry": { "type": "Point", "coordinates": [ 12.454860850000046, 47.78341574600006 ] } },
{ "type": "Feature", "properties": { "Name": "Georgensgmünd", "Population": 6907, "POSTCODE": "91166" }, "geometry": { "type": "Point", "coordinates": [ 11.025240673000042, 49.195156655000062 ] } },
{ "type": "Feature", "properties": { "Name": "Höchstädt a.d.Donau", "Population": 6902, "POSTCODE": "89420" }, "geometry": { "type": "Point", "coordinates": [ 10.574657185000035, 48.624339939000038 ] } },
{ "type": "Feature", "properties": { "Name": "Buxheim", "Population": 6886, "POSTCODE": "87740" }, "geometry": { "type": "Point", "coordinates": [ 10.123580075000064, 47.98425132400007 ] } },
{ "type": "Feature", "properties": { "Name": "Stegaurach", "Population": 6885, "POSTCODE": "96135" }, "geometry": { "type": "Point", "coordinates": [ 10.842866932000049, 49.857820463000053 ] } },
{ "type": "Feature", "properties": { "Name": "Dettelbach", "Population": 6866, "POSTCODE": "97337" }, "geometry": { "type": "Point", "coordinates": [ 10.130944795000062, 49.811387222000064 ] } },
{ "type": "Feature", "properties": { "Name": "Holzheim", "Population": 6860, "POSTCODE": "89438" }, "geometry": { "type": "Point", "coordinates": [ 10.537365696000052, 48.509532259000025 ] } },
{ "type": "Feature", "properties": { "Name": "Bernau a.Chiemsee", "Population": 6855, "POSTCODE": "83233" }, "geometry": { "type": "Point", "coordinates": [ 12.372828450000043, 47.807845373000077 ] } },
{ "type": "Feature", "properties": { "Name": "Putzbrunn", "Population": 6845, "POSTCODE": "85640" }, "geometry": { "type": "Point", "coordinates": [ 11.706601932000069, 48.08279163800006 ] } },
{ "type": "Feature", "properties": { "Name": "Kastl", "Population": 6842, "POSTCODE": "95506" }, "geometry": { "type": "Point", "coordinates": [ 11.91118877100007, 49.824815103000049 ] } },
{ "type": "Feature", "properties": { "Name": "Dinkelscherben", "Population": 6797, "POSTCODE": "86424" }, "geometry": { "type": "Point", "coordinates": [ 10.582381699000052, 48.340425052000057 ] } },
{ "type": "Feature", "properties": { "Name": "Ruhpolding", "Population": 6772, "POSTCODE": "83324" }, "geometry": { "type": "Point", "coordinates": [ 12.627342157000044, 47.730182373000048 ] } },
{ "type": "Feature", "properties": { "Name": "Gerolzhofen", "Population": 6767, "POSTCODE": "97447" }, "geometry": { "type": "Point", "coordinates": [ 10.346133350000059, 49.903648151000027 ] } },
{ "type": "Feature", "properties": { "Name": "Mallersdorf-Pfaffenberg", "Population": 6722, "POSTCODE": "84066" }, "geometry": { "type": "Point", "coordinates": [ 12.222263849000058, 48.772573752000028 ] } },
{ "type": "Feature", "properties": { "Name": "Waldsassen", "Population": 6711, "POSTCODE": "95652" }, "geometry": { "type": "Point", "coordinates": [ 12.315582612000071, 50.015204504000053 ] } },
{ "type": "Feature", "properties": { "Name": "Ebermannstadt", "Population": 6688, "POSTCODE": "91320" }, "geometry": { "type": "Point", "coordinates": [ 11.195133405000036, 49.781586140000059 ] } },
{ "type": "Feature", "properties": { "Name": "Leinburg", "Population": 6674, "POSTCODE": "91227" }, "geometry": { "type": "Point", "coordinates": [ 11.33263906600007, 49.448475993000045 ] } },
{ "type": "Feature", "properties": { "Name": "Brannenburg", "Population": 6658, "POSTCODE": "83098" }, "geometry": { "type": "Point", "coordinates": [ 12.06990402200006, 47.728944175000038 ] } },
{ "type": "Feature", "properties": { "Name": "Zusmarshausen", "Population": 6655, "POSTCODE": "86441" }, "geometry": { "type": "Point", "coordinates": [ 10.596337262000077, 48.406099744000073 ] } },
{ "type": "Feature", "properties": { "Name": "Eichendorf", "Population": 6651, "POSTCODE": "94428" }, "geometry": { "type": "Point", "coordinates": [ 12.845106178000037, 48.633419912000079 ] } },
{ "type": "Feature", "properties": { "Name": "Mitterteich", "Population": 6604, "POSTCODE": null }, "geometry": null },
{ "type": "Feature", "properties": { "Name": "Weisendorf", "Population": 6597, "POSTCODE": "91085" }, "geometry": { "type": "Point", "coordinates": [ 10.815214410000067, 49.627122769000039 ] } },
{ "type": "Feature", "properties": { "Name": "Schliersee", "Population": 6591, "POSTCODE": "83727" }, "geometry": { "type": "Point", "coordinates": [ 11.876400678000039, 47.68599966000005 ] } },
{ "type": "Feature", "properties": { "Name": "Grasbrunn", "Population": 6581, "POSTCODE": "85630" }, "geometry": { "type": "Point", "coordinates": [ 11.760423462000063, 48.072859588000028 ] } },
{ "type": "Feature", "properties": { "Name": "Schwarzenbach a.d.Saale", "Population": 6570, "POSTCODE": "95126" }, "geometry": { "type": "Point", "coordinates": [ 11.926049084000056, 50.210333245000072 ] } },
{ "type": "Feature", "properties": { "Name": "Waldmünchen", "Population": 6565, "POSTCODE": "93449" }, "geometry": { "type": "Point", "coordinates": [ 12.697324359000049, 49.367903391000027 ] } },
{ "type": "Feature", "properties": { "Name": "Salzweg", "Population": 6533, "POSTCODE": "94121" }, "geometry": { "type": "Point", "coordinates": [ 13.480196379000063, 48.62528327900003 ] } },
{ "type": "Feature", "properties": { "Name": "Haag i.OB", "Population": 6532, "POSTCODE": null }, "geometry": null },
{ "type": "Feature", "properties": { "Name": "Kiefersfelden", "Population": 6513, "POSTCODE": "83088" }, "geometry": { "type": "Point", "coordinates": [ 12.12702457000006, 47.625980175000052 ] } },
{ "type": "Feature", "properties": { "Name": "Arnstorf", "Population": 6495, "POSTCODE": "94424" }, "geometry": { "type": "Point", "coordinates": [ 12.821635722000053, 48.555481729000064 ] } },
{ "type": "Feature", "properties": { "Name": "Gerbrunn", "Population": 6493, "POSTCODE": "97218" }, "geometry": { "type": "Point", "coordinates": [ 10.000274904000037, 49.779654361000041 ] } },
{ "type": "Feature", "properties": { "Name": "Bad Brückenau", "Population": 6470, "POSTCODE": "97769" }, "geometry": { "type": "Point", "coordinates": [ 9.784948565000036, 50.307236597000042 ] } },
{ "type": "Feature", "properties": { "Name": "Burgkunstadt", "Population": 6463, "POSTCODE": "96224" }, "geometry": { "type": "Point", "coordinates": [ 11.287380885000061, 50.143473275000076 ] } },
{ "type": "Feature", "properties": { "Name": "Röhrmoos", "Population": 6449, "POSTCODE": "85244" }, "geometry": { "type": "Point", "coordinates": [ 11.458288724000056, 48.331764399000065 ] } },
{ "type": "Feature", "properties": { "Name": "Knetzgau", "Population": 6446, "POSTCODE": "97478" }, "geometry": { "type": "Point", "coordinates": [ 10.516555914000037, 49.97287487300008 ] } },
{ "type": "Feature", "properties": { "Name": "Uffenheim", "Population": 6431, "POSTCODE": "97215" }, "geometry": { "type": "Point", "coordinates": [ 10.204189750000069, 49.522697657000037 ] } },
{ "type": "Feature", "properties": { "Name": "Eggolsheim", "Population": 6414, "POSTCODE": "91330" }, "geometry": { "type": "Point", "coordinates": [ 11.084245300000077, 49.769779828000026 ] } },
{ "type": "Feature", "properties": { "Name": "Wassertrüdingen", "Population": 6414, "POSTCODE": "91717" }, "geometry": { "type": "Point", "coordinates": [ 10.637506625000071, 49.042239194000047 ] } },
{ "type": "Feature", "properties": { "Name": "Mainleus", "Population": 6410, "POSTCODE": "95336" }, "geometry": { "type": "Point", "coordinates": [ 11.352652750000061, 50.100200934000043 ] } },
{ "type": "Feature", "properties": { "Name": "Thannhausen", "Population": 6406, "POSTCODE": "86470" }, "geometry": { "type": "Point", "coordinates": [ 10.478788336000036, 48.277439057000038 ] } },
{ "type": "Feature", "properties": { "Name": "Dietfurt a.d.Altmühl", "Population": 6405, "POSTCODE": "92345" }, "geometry": { "type": "Point", "coordinates": [ 11.590806482000062, 49.029050875000053 ] } },
{ "type": "Feature", "properties": { "Name": "Zellingen", "Population": 6390, "POSTCODE": "97225" }, "geometry": { "type": "Point", "coordinates": [ 9.779597900000056, 49.894456950000063 ] } },
{ "type": "Feature", "properties": { "Name": "Obergünzburg", "Population": 6387, "POSTCODE": "87634" }, "geometry": { "type": "Point", "coordinates": [ 10.438716704000058, 47.850559691000058 ] } },
{ "type": "Feature", "properties": { "Name": "Vilseck", "Population": 6382, "POSTCODE": "92249" }, "geometry": { "type": "Point", "coordinates": [ 11.798486652000065, 49.611882005000041 ] } },
{ "type": "Feature", "properties": { "Name": "Bechhofen", "Population": 6365, "POSTCODE": "91572" }, "geometry": { "type": "Point", "coordinates": [ 10.556365113000027, 49.170708520000062 ] } },
{ "type": "Feature", "properties": { "Name": "Weiler-Simmerberg", "Population": 6365, "POSTCODE": "88171" }, "geometry": { "type": "Point", "coordinates": [ 9.916717172000062, 47.576735993000057 ] } },
{ "type": "Feature", "properties": { "Name": "Grafenwöhr", "Population": 6360, "POSTCODE": "92655" }, "geometry": { "type": "Point", "coordinates": [ 11.800772701000028, 49.683977576000075 ] } },
{ "type": "Feature", "properties": { "Name": "Petershausen", "Population": 6353, "POSTCODE": "85238" }, "geometry": { "type": "Point", "coordinates": [ 11.476817918000052, 48.40762512200007 ] } },
{ "type": "Feature", "properties": { "Name": "Neumarkt-Sankt Veit", "Population": 6334, "POSTCODE": "84494" }, "geometry": { "type": "Point", "coordinates": [ 12.516307273000052, 48.351434657000027 ] } },
{ "type": "Feature", "properties": { "Name": "Hutthurm", "Population": 6332, "POSTCODE": "94116" }, "geometry": { "type": "Point", "coordinates": [ 13.481160866000039, 48.690038465000043 ] } },
{ "type": "Feature", "properties": { "Name": "Pentling", "Population": 6328, "POSTCODE": "93080" }, "geometry": { "type": "Point", "coordinates": [ 12.060568586000045, 48.960131820000072 ] } },
{ "type": "Feature", "properties": { "Name": "Veitsbronn", "Population": 6312, "POSTCODE": "90587" }, "geometry": { "type": "Point", "coordinates": [ 10.883216008000034, 49.520463662000054 ] } },
{ "type": "Feature", "properties": { "Name": "Schwabhausen", "Population": 6311, "POSTCODE": "85247" }, "geometry": { "type": "Point", "coordinates": [ 11.342644696000036, 48.307667551000065 ] } },
{ "type": "Feature", "properties": { "Name": "Au i.d.Hallertau", "Population": 6290, "POSTCODE": "84072" }, "geometry": { "type": "Point", "coordinates": [ 11.71708201000007, 48.55013118800008 ] } },
{ "type": "Feature", "properties": { "Name": "Nabburg", "Population": 6276, "POSTCODE": "92507" }, "geometry": { "type": "Point", "coordinates": [ 12.177806504000046, 49.454323609000028 ] } },
{ "type": "Feature", "properties": { "Name": "Litzendorf", "Population": 6274, "POSTCODE": "96123" }, "geometry": { "type": "Point", "coordinates": [ 11.039370871000074, 49.915074615000037 ] } },
{ "type": "Feature", "properties": { "Name": "Schwarzenfeld", "Population": 6251, "POSTCODE": "92521" }, "geometry": { "type": "Point", "coordinates": [ 12.15927245000006, 49.380952857000068 ] } },
{ "type": "Feature", "properties": { "Name": "Oberding", "Population": 6251, "POSTCODE": "85445" }, "geometry": { "type": "Point", "coordinates": [ 11.827701356000034, 48.328755362000038 ] } },
{ "type": "Feature", "properties": { "Name": "Erdweg", "Population": 6206, "POSTCODE": "85253" }, "geometry": { "type": "Point", "coordinates": [ 11.283277177000059, 48.332726323000031 ] } },
{ "type": "Feature", "properties": { "Name": "Eurasburg", "Population": 6181, "POSTCODE": "86495" }, "geometry": { "type": "Point", "coordinates": [ 11.113902950000067, 48.329098284000054 ] } },
{ "type": "Feature", "properties": { "Name": "Bad Rodach", "Population": 6179, "POSTCODE": "96476" }, "geometry": { "type": "Point", "coordinates": [ 10.788545950000071, 50.338459509000074 ] } },
{ "type": "Feature", "properties": { "Name": "Gangkofen", "Population": 6161, "POSTCODE": "84140" }, "geometry": { "type": "Point", "coordinates": [ 12.562171750000061, 48.44951910900005 ] } },
{ "type": "Feature", "properties": { "Name": "Ebersdorf b.Coburg", "Population": 6119, "POSTCODE": "96237" }, "geometry": { "type": "Point", "coordinates": [ 11.074670127000047, 50.236501884000063 ] } },
{ "type": "Feature", "properties": { "Name": "Windsbach", "Population": 6114, "POSTCODE": "91575" }, "geometry": { "type": "Point", "coordinates": [ 10.843270508000046, 49.25277314200008 ] } },
{ "type": "Feature", "properties": { "Name": "Klingenberg a.Main", "Population": 6112, "POSTCODE": "63911" }, "geometry": { "type": "Point", "coordinates": [ 9.177429400000051, 49.771009339000045 ] } },
{ "type": "Feature", "properties": { "Name": "Gochsheim", "Population": 6093, "POSTCODE": "97469" }, "geometry": { "type": "Point", "coordinates": [ 10.288474331000032, 50.017003380000062 ] } },
{ "type": "Feature", "properties": { "Name": "Riedenburg", "Population": 6090, "POSTCODE": "93339" }, "geometry": { "type": "Point", "coordinates": [ 11.690725576000034, 48.969222483000067 ] } },
{ "type": "Feature", "properties": { "Name": "Moosinning", "Population": 6083, "POSTCODE": "85452" }, "geometry": { "type": "Point", "coordinates": [ 11.807930560000045, 48.277450889000079 ] } },
{ "type": "Feature", "properties": { "Name": "Buttenwiesen", "Population": 6081, "POSTCODE": "86647" }, "geometry": { "type": "Point", "coordinates": [ 10.719292474000042, 48.610690225000042 ] } },
{ "type": "Feature", "properties": { "Name": "Mengkofen", "Population": 6065, "POSTCODE": "84152" }, "geometry": { "type": "Point", "coordinates": [ 12.429991950000044, 48.733805158000052 ] } },
{ "type": "Feature", "properties": { "Name": "Neustadt a.d.Waldnaab", "Population": 6057, "POSTCODE": "92660" }, "geometry": { "type": "Point", "coordinates": [ 12.170528027000046, 49.733193198000038 ] } },
{ "type": "Feature", "properties": { "Name": "Bischberg", "Population": 6056, "POSTCODE": "96120" }, "geometry": { "type": "Point", "coordinates": [ 10.802688141000033, 49.901308595000046 ] } },
{ "type": "Feature", "properties": { "Name": "Bad Königshofen i.Grabfeld", "Population": 6034, "POSTCODE": "97631" }, "geometry": { "type": "Point", "coordinates": [ 10.480695602000026, 50.270666719000076 ] } },
{ "type": "Feature", "properties": { "Name": "Untergriesbach", "Population": 6033, "POSTCODE": "94107" }, "geometry": { "type": "Point", "coordinates": [ 13.686209574000031, 48.574238080000043 ] } },
{ "type": "Feature", "properties": { "Name": "Karlshuld", "Population": 5997, "POSTCODE": "86668" }, "geometry": { "type": "Point", "coordinates": [ 11.290698917000043, 48.677132235000045 ] } },
{ "type": "Feature", "properties": { "Name": "Michelau i.OFr.", "Population": 5995, "POSTCODE": "96247" }, "geometry": { "type": "Point", "coordinates": [ 11.130474050000032, 50.175733877000027 ] } },
{ "type": "Feature", "properties": { "Name": "Breitenbrunn", "Population": 5982, "POSTCODE": "87739" }, "geometry": { "type": "Point", "coordinates": [ 10.386607811000033, 48.13421592800006 ] } },
{ "type": "Feature", "properties": { "Name": "Allershausen", "Population": 5980, "POSTCODE": "85391" }, "geometry": { "type": "Point", "coordinates": [ 11.590388149000034, 48.433959035000044 ] } },
{ "type": "Feature", "properties": { "Name": "Rohrbach", "Population": 5970, "POSTCODE": "76865" }, "geometry": { "type": "Point", "coordinates": [ 8.149628369000027, 49.147522121000065 ] } },
{ "type": "Feature", "properties": { "Name": "Haldenwang", "Population": 5936, "POSTCODE": "89356" }, "geometry": { "type": "Point", "coordinates": [ 10.457515607000062, 48.447843099000067 ] } },
{ "type": "Feature", "properties": { "Name": "Langquaid", "Population": 5936, "POSTCODE": "84085" }, "geometry": { "type": "Point", "coordinates": [ 12.08198952500004, 48.839285110000048 ] } },
{ "type": "Feature", "properties": { "Name": "Schlüsselfeld", "Population": 5932, "POSTCODE": "96132" }, "geometry": { "type": "Point", "coordinates": [ 10.629137372000059, 49.767891309000049 ] } },
{ "type": "Feature", "properties": { "Name": "Pliening", "Population": 5910, "POSTCODE": "85652" }, "geometry": { "type": "Point", "coordinates": [ 11.795360536000032, 48.198236726000061 ] } },
{ "type": "Feature", "properties": { "Name": "Hebertshausen", "Population": 5894, "POSTCODE": "85241" }, "geometry": { "type": "Point", "coordinates": [ 11.475750050000045, 48.29102725000007 ] } },
{ "type": "Feature", "properties": { "Name": "Pyrbaum", "Population": 5872, "POSTCODE": "90602" }, "geometry": { "type": "Point", "coordinates": [ 11.270752143000038, 49.289296138000054 ] } },
{ "type": "Feature", "properties": { "Name": "Kemnath", "Population": 5864, "POSTCODE": "95478" }, "geometry": { "type": "Point", "coordinates": [ 11.928252142000076, 49.859494937000079 ] } },
{ "type": "Feature", "properties": { "Name": "Weidenberg", "Population": 5864, "POSTCODE": "95466" }, "geometry": { "type": "Point", "coordinates": [ 11.733848500000022, 49.949193576000027 ] } },
{ "type": "Feature", "properties": { "Name": "Barbing", "Population": 5861, "POSTCODE": "93092" }, "geometry": { "type": "Point", "coordinates": [ 12.30344585000006, 48.995901365000066 ] } },
{ "type": "Feature", "properties": { "Name": "Emskirchen", "Population": 5854, "POSTCODE": "91448" }, "geometry": { "type": "Point", "coordinates": [ 10.689596800000061, 49.553111772000079 ] } },
{ "type": "Feature", "properties": { "Name": "Rohrdorf", "Population": 5853, "POSTCODE": "72229" }, "geometry": { "type": "Point", "coordinates": [ 8.686237906000031, 48.568197732000044 ] } },
{ "type": "Feature", "properties": { "Name": "Schäftlarn", "Population": 5840, "POSTCODE": "82069" }, "geometry": { "type": "Point", "coordinates": [ 11.438748392000036, 47.996310634000054 ] } },
{ "type": "Feature", "properties": { "Name": "Speichersdorf", "Population": 5840, "POSTCODE": "95469" }, "geometry": { "type": "Point", "coordinates": [ 11.786168846000066, 49.868127404000063 ] } },
{ "type": "Feature", "properties": { "Name": "Dasing", "Population": 5838, "POSTCODE": "86453" }, "geometry": { "type": "Point", "coordinates": [ 11.069819400000029, 48.381986643000062 ] } },
{ "type": "Feature", "properties": { "Name": "Bad Birnbach", "Population": 5833, "POSTCODE": "84364" }, "geometry": { "type": "Point", "coordinates": [ 13.067758391000041, 48.445944570000051 ] } },
{ "type": "Feature", "properties": { "Name": "Tittmoning", "Population": 5826, "POSTCODE": "84529" }, "geometry": { "type": "Point", "coordinates": [ 12.740155375000029, 48.046703515000047 ] } },
{ "type": "Feature", "properties": { "Name": "Geltendorf", "Population": 5817, "POSTCODE": "82269" }, "geometry": { "type": "Point", "coordinates": [ 11.006670003000067, 48.135347902000035 ] } },
{ "type": "Feature", "properties": { "Name": "Gmund a.Tegernsee", "Population": 5813, "POSTCODE": "83703" }, "geometry": { "type": "Point", "coordinates": [ 11.765283550000049, 47.749254276000045 ] } },
{ "type": "Feature", "properties": { "Name": "Bad Grönenbach", "Population": 5780, "POSTCODE": "87730" }, "geometry": { "type": "Point", "coordinates": [ 10.229849778000073, 47.873074405000068 ] } },
{ "type": "Feature", "properties": { "Name": "Dietenhofen", "Population": 5771, "POSTCODE": "90599" }, "geometry": { "type": "Point", "coordinates": [ 10.684914746000061, 49.400963236000052 ] } },
{ "type": "Feature", "properties": { "Name": "Kipfenberg", "Population": 5767, "POSTCODE": "85110" }, "geometry": { "type": "Point", "coordinates": [ 11.382661948000077, 48.938918387000058 ] } },
{ "type": "Feature", "properties": { "Name": "Wemding", "Population": 5757, "POSTCODE": "86650" }, "geometry": { "type": "Point", "coordinates": [ 10.709127465000051, 48.877992086000063 ] } },
{ "type": "Feature", "properties": { "Name": "Bergen", "Population": 5749, "POSTCODE": "83344" }, "geometry": { "type": "Point", "coordinates": [ 12.583129883000026, 47.804077147000044 ] } },
{ "type": "Feature", "properties": { "Name": "Stockheim", "Population": 5748, "POSTCODE": "96342" }, "geometry": { "type": "Point", "coordinates": [ 11.286781732000065, 50.307042279000029 ] } },
{ "type": "Feature", "properties": { "Name": "Hirschau", "Population": 5726, "POSTCODE": "92242" }, "geometry": { "type": "Point", "coordinates": [ 11.941690995000044, 49.551074046000053 ] } },
{ "type": "Feature", "properties": { "Name": "Saal a.d.Donau", "Population": 5685, "POSTCODE": "93342" }, "geometry": { "type": "Point", "coordinates": [ 11.930623054000023, 48.868520035000074 ] } },
{ "type": "Feature", "properties": { "Name": "Odelzhausen", "Population": 5671, "POSTCODE": "85235" }, "geometry": { "type": "Point", "coordinates": [ 11.183472450000068, 48.319751631000031 ] } },
{ "type": "Feature", "properties": { "Name": "Kolitzheim", "Population": 5671, "POSTCODE": "97509" }, "geometry": { "type": "Point", "coordinates": [ 10.252892075000034, 49.930056318000027 ] } },
{ "type": "Feature", "properties": { "Name": "Babenhausen", "Population": 5669, "POSTCODE": "64832" }, "geometry": { "type": "Point", "coordinates": [ 8.950027180000063, 49.957120693000036 ] } },
{ "type": "Feature", "properties": { "Name": "Tacherting", "Population": 5643, "POSTCODE": "83342" }, "geometry": { "type": "Point", "coordinates": [ 12.508206049000023, 48.082279678000077 ] } },
{ "type": "Feature", "properties": { "Name": "Nandlstadt", "Population": 5635, "POSTCODE": "85405" }, "geometry": { "type": "Point", "coordinates": [ 11.811249888000077, 48.530792717000054 ] } },
{ "type": "Feature", "properties": { "Name": "Kleinwallstadt", "Population": 5632, "POSTCODE": "63839" }, "geometry": { "type": "Point", "coordinates": [ 9.189728405000039, 49.868588144000057 ] } },
{ "type": "Feature", "properties": { "Name": "Isen", "Population": 5619, "POSTCODE": "84424" }, "geometry": { "type": "Point", "coordinates": [ 12.05857676100004, 48.191107245000069 ] } },
{ "type": "Feature", "properties": { "Name": "Giebelstadt", "Population": 5617, "POSTCODE": "97232" }, "geometry": { "type": "Point", "coordinates": [ 9.936123033000058, 49.648628280000025 ] } },
{ "type": "Feature", "properties": { "Name": "Haimhausen", "Population": 5615, "POSTCODE": "85778" }, "geometry": { "type": "Point", "coordinates": [ 11.544257150000021, 48.316132146000029 ] } },
{ "type": "Feature", "properties": { "Name": "Ebensfeld", "Population": 5614, "POSTCODE": "96250" }, "geometry": { "type": "Point", "coordinates": [ 10.961215321000054, 50.063840194000079 ] } },
{ "type": "Feature", "properties": { "Name": "Harburg (Schwaben)", "Population": 5598, "POSTCODE": "86655" }, "geometry": { "type": "Point", "coordinates": [ 10.694105200000024, 48.771898092000072 ] } },
{ "type": "Feature", "properties": { "Name": "Beratzhausen", "Population": 5594, "POSTCODE": "93176" }, "geometry": { "type": "Point", "coordinates": [ 11.821335290000036, 49.118648675000031 ] } },
{ "type": "Feature", "properties": { "Name": "Pöcking", "Population": 5589, "POSTCODE": "82343" }, "geometry": { "type": "Point", "coordinates": [ 11.313397400000042, 47.966389190000029 ] } },
{ "type": "Feature", "properties": { "Name": "Aying", "Population": 5581, "POSTCODE": "85653" }, "geometry": { "type": "Point", "coordinates": [ 11.778526900000031, 47.966019264000067 ] } },
{ "type": "Feature", "properties": { "Name": "Saaldorf-Surheim", "Population": 5578, "POSTCODE": "83416" }, "geometry": { "type": "Point", "coordinates": [ 12.928004024000074, 47.879637077000041 ] } },
{ "type": "Feature", "properties": { "Name": "Affing", "Population": 5575, "POSTCODE": "86444" }, "geometry": { "type": "Point", "coordinates": [ 10.96403470000007, 48.449315915000057 ] } },
{ "type": "Feature", "properties": { "Name": "Dietramszell", "Population": 5572, "POSTCODE": "83623" }, "geometry": { "type": "Point", "coordinates": [ 11.568258600000036, 47.854032800000027 ] } },
{ "type": "Feature", "properties": { "Name": "Leutershausen", "Population": 5570, "POSTCODE": "91578" }, "geometry": { "type": "Point", "coordinates": [ 10.397385457000041, 49.296662429000037 ] } },
{ "type": "Feature", "properties": { "Name": "Tegernheim", "Population": 5570, "POSTCODE": "93105" }, "geometry": { "type": "Point", "coordinates": [ 12.183266075000063, 49.030266724000057 ] } },
{ "type": "Feature", "properties": { "Name": "Fischbachau", "Population": 5562, "POSTCODE": "83730" }, "geometry": { "type": "Point", "coordinates": [ 11.947952878000024, 47.736779736000074 ] } },
{ "type": "Feature", "properties": { "Name": "Markt Erlbach", "Population": 5557, "POSTCODE": "91459" }, "geometry": { "type": "Point", "coordinates": [ 10.624222707000058, 49.500804319000054 ] } },
{ "type": "Feature", "properties": { "Name": "Riedering", "Population": 5550, "POSTCODE": "83083" }, "geometry": { "type": "Point", "coordinates": [ 12.237545062000038, 47.839524878000077 ] } },
{ "type": "Feature", "properties": { "Name": "Abenberg", "Population": 5547, "POSTCODE": "91183" }, "geometry": { "type": "Point", "coordinates": [ 10.935304855000027, 49.234539550000079 ] } },
{ "type": "Feature", "properties": { "Name": "Zeil a.Main", "Population": 5540, "POSTCODE": "97475" }, "geometry": { "type": "Point", "coordinates": [ 10.60803984000006, 50.023639091000064 ] } },
{ "type": "Feature", "properties": { "Name": "Wartenberg", "Population": 5539, "POSTCODE": "36367" }, "geometry": { "type": "Point", "coordinates": [ 9.45533210900004, 50.622377103000076 ] } },
{ "type": "Feature", "properties": { "Name": "Kumhausen", "Population": 5538, "POSTCODE": "84036" }, "geometry": { "type": "Point", "coordinates": [ 12.198145798000041, 48.524413394000078 ] } },
{ "type": "Feature", "properties": { "Name": "Mellrichstadt", "Population": 5530, "POSTCODE": "97638" }, "geometry": { "type": "Point", "coordinates": [ 10.317255382000042, 50.437538538000069 ] } },
{ "type": "Feature", "properties": { "Name": "Weßling", "Population": 5519, "POSTCODE": "82234" }, "geometry": { "type": "Point", "coordinates": [ 11.277306275000058, 48.068067487000064 ] } },
{ "type": "Feature", "properties": { "Name": "Blaichach", "Population": 5518, "POSTCODE": "87544" }, "geometry": { "type": "Point", "coordinates": [ 10.18584235700007, 47.502467555000067 ] } },
{ "type": "Feature", "properties": { "Name": "Schweitenkirchen", "Population": 5517, "POSTCODE": "85301" }, "geometry": { "type": "Point", "coordinates": [ 11.613843780000025, 48.514692430000025 ] } },
{ "type": "Feature", "properties": { "Name": "Büchenbach", "Population": 5514, "POSTCODE": "91186" }, "geometry": { "type": "Point", "coordinates": [ 11.024942821000025, 49.268261209000059 ] } },
{ "type": "Feature", "properties": { "Name": "Altenkunstadt", "Population": 5502, "POSTCODE": "96264" }, "geometry": { "type": "Point", "coordinates": [ 11.212306050000052, 50.122028478000061 ] } },
{ "type": "Feature", "properties": { "Name": "Wernberg-Köblitz", "Population": 5494, "POSTCODE": "92533" }, "geometry": { "type": "Point", "coordinates": [ 12.158989259000066, 49.541081563000034 ] } },
{ "type": "Feature", "properties": { "Name": "Baar-Ebenhausen", "Population": 5488, "POSTCODE": "85107" }, "geometry": { "type": "Point", "coordinates": [ 11.473221675000048, 48.680471958000055 ] } },
{ "type": "Feature", "properties": { "Name": "Aschau i.Chiemgau", "Population": 5471, "POSTCODE": "83229" }, "geometry": { "type": "Point", "coordinates": [ 12.309930521000069, 47.74317805700008 ] } },
{ "type": "Feature", "properties": { "Name": "Zeitlarn", "Population": 5463, "POSTCODE": "93197" }, "geometry": { "type": "Point", "coordinates": [ 12.168314480000049, 49.112659404000055 ] } },
{ "type": "Feature", "properties": { "Name": "Brunnthal", "Population": 5451, "POSTCODE": "85649" }, "geometry": { "type": "Point", "coordinates": [ 11.691810137000061, 47.990447141000061 ] } },
{ "type": "Feature", "properties": { "Name": "Monheim", "Population": 5450, "POSTCODE": "86653" }, "geometry": { "type": "Point", "coordinates": [ 10.871534449000023, 48.833156339000027 ] } },
{ "type": "Feature", "properties": { "Name": "Rottach-Egern", "Population": 5441, "POSTCODE": "83700" }, "geometry": { "type": "Point", "coordinates": [ 11.823883444000046, 47.65256112700007 ] } },
{ "type": "Feature", "properties": { "Name": "Pfeffenhausen", "Population": 5441, "POSTCODE": "84076" }, "geometry": { "type": "Point", "coordinates": [ 11.942707958000028, 48.663669244000062 ] } },
{ "type": "Feature", "properties": { "Name": "Triftern", "Population": 5428, "POSTCODE": "84371" }, "geometry": { "type": "Point", "coordinates": [ 13.004453362000049, 48.388848879000079 ] } },
{ "type": "Feature", "properties": { "Name": "Bessenbach", "Population": 5425, "POSTCODE": "63856" }, "geometry": { "type": "Point", "coordinates": [ 9.261305517000039, 49.964997801000038 ] } },
{ "type": "Feature", "properties": { "Name": "Velburg", "Population": 5424, "POSTCODE": "92355" }, "geometry": { "type": "Point", "coordinates": [ 11.67852838500005, 49.261558825000066 ] } },
{ "type": "Feature", "properties": { "Name": "Waakirchen", "Population": 5419, "POSTCODE": "83666" }, "geometry": { "type": "Point", "coordinates": [ 11.675646346000065, 47.771409316000074 ] } },
{ "type": "Feature", "properties": { "Name": "Rottendorf", "Population": 5398, "POSTCODE": "97228" }, "geometry": { "type": "Point", "coordinates": [ 10.038578431000076, 49.795213191000073 ] } },
{ "type": "Feature", "properties": { "Name": "Wegscheid", "Population": 5394, "POSTCODE": "94110" }, "geometry": { "type": "Point", "coordinates": [ 13.766915181000059, 48.618471596000063 ] } },
{ "type": "Feature", "properties": { "Name": "Deining", "Population": 5392, "POSTCODE": "92364" }, "geometry": { "type": "Point", "coordinates": [ 11.539376075000064, 49.212941138000076 ] } },
{ "type": "Feature", "properties": { "Name": "Bernhardswald", "Population": 5366, "POSTCODE": "93170" }, "geometry": { "type": "Point", "coordinates": [ 12.244536595000056, 49.106758160000027 ] } },
{ "type": "Feature", "properties": { "Name": "Wackersdorf", "Population": 5364, "POSTCODE": "92442" }, "geometry": { "type": "Point", "coordinates": [ 12.191185757000028, 49.314556439000057 ] } },
{ "type": "Feature", "properties": { "Name": "Oberhausen", "Population": 5360, "POSTCODE": "46117" }, "geometry": { "type": "Point", "coordinates": [ 6.893003345000068, 51.500331036000034 ] } },
{ "type": "Feature", "properties": { "Name": "Kirchdorf a.Inn", "Population": 5341, "POSTCODE": "84375" }, "geometry": { "type": "Point", "coordinates": [ 12.952316350000046, 48.22658811000008 ] } },
{ "type": "Feature", "properties": { "Name": "Großaitingen", "Population": 5331, "POSTCODE": "86845" }, "geometry": { "type": "Point", "coordinates": [ 10.746833197000058, 48.231334595000078 ] } },
{ "type": "Feature", "properties": { "Name": "Wörthsee", "Population": 5330, "POSTCODE": "82237" }, "geometry": { "type": "Point", "coordinates": [ 11.201916292000021, 48.080353397000067 ] } },
{ "type": "Feature", "properties": { "Name": "Estenfeld", "Population": 5323, "POSTCODE": "97230" }, "geometry": { "type": "Point", "coordinates": [ 10.018279950000021, 49.821940950000055 ] } },
{ "type": "Feature", "properties": { "Name": "Schechen", "Population": 5316, "POSTCODE": "83135" }, "geometry": { "type": "Point", "coordinates": [ 12.119742117000044, 47.926237327000081 ] } },
{ "type": "Feature", "properties": { "Name": "Schönau a.Königssee", "Population": 5315, "POSTCODE": "83471" }, "geometry": { "type": "Point", "coordinates": [ 13.002067839000063, 47.579820127000062 ] } },
{ "type": "Feature", "properties": { "Name": "Eltmann", "Population": 5311, "POSTCODE": "97483" }, "geometry": { "type": "Point", "coordinates": [ 10.668641600000058, 49.958883656000069 ] } },
{ "type": "Feature", "properties": { "Name": "Weitnau", "Population": 5302, "POSTCODE": "87480" }, "geometry": { "type": "Point", "coordinates": [ 10.148415586000056, 47.653682279000066 ] } },
{ "type": "Feature", "properties": { "Name": "Seubersdorf i.d.OPf.", "Population": 5295, "POSTCODE": "92358" }, "geometry": { "type": "Point", "coordinates": [ 11.617493642000056, 49.155212970000036 ] } },
{ "type": "Feature", "properties": { "Name": "Moosthenning", "Population": 5290, "POSTCODE": "84164" }, "geometry": { "type": "Point", "coordinates": [ 12.480169768000053, 48.682705385000077 ] } },
{ "type": "Feature", "properties": { "Name": "Laaber", "Population": 5290, "POSTCODE": null }, "geometry": null },
{ "type": "Feature", "properties": { "Name": "Piding", "Population": 5284, "POSTCODE": "83451" }, "geometry": { "type": "Point", "coordinates": [ 12.913893475000066, 47.781259865000038 ] } },
{ "type": "Feature", "properties": { "Name": "Bergrheinfeld", "Population": 5276, "POSTCODE": "97493" }, "geometry": { "type": "Point", "coordinates": [ 10.167487902000062, 50.000206308000031 ] } },
{ "type": "Feature", "properties": { "Name": "Egling", "Population": 5273, "POSTCODE": "82544" }, "geometry": { "type": "Point", "coordinates": [ 11.510851227000046, 47.92693570800003 ] } },
{ "type": "Feature", "properties": { "Name": "Thalmässing", "Population": 5264, "POSTCODE": "91177" }, "geometry": { "type": "Point", "coordinates": [ 11.22381484400006, 49.09757927000004 ] } },
{ "type": "Feature", "properties": { "Name": "Oberkotzau", "Population": 5263, "POSTCODE": "95145" }, "geometry": { "type": "Point", "coordinates": [ 11.930758353000044, 50.255791749000082 ] } },
{ "type": "Feature", "properties": { "Name": "Bodenkirchen", "Population": 5262, "POSTCODE": "84155" }, "geometry": { "type": "Point", "coordinates": [ 12.411516736000067, 48.40752580000003 ] } },
{ "type": "Feature", "properties": { "Name": "Pommelsbrunn", "Population": 5242, "POSTCODE": "91224" }, "geometry": { "type": "Point", "coordinates": [ 11.489313650000042, 49.52440934100008 ] } },
{ "type": "Feature", "properties": { "Name": "Hemhofen", "Population": 5220, "POSTCODE": "91334" }, "geometry": { "type": "Point", "coordinates": [ 10.942819039000028, 49.688453515000049 ] } },
{ "type": "Feature", "properties": { "Name": "Spalt", "Population": 5196, "POSTCODE": "91174" }, "geometry": { "type": "Point", "coordinates": [ 10.917291073000058, 49.176303561000054 ] } },
{ "type": "Feature", "properties": { "Name": "Oettingen i.Bay.", "Population": 5196, "POSTCODE": "86732" }, "geometry": { "type": "Point", "coordinates": [ 10.602683700000057, 48.962574409000069 ] } },
{ "type": "Feature", "properties": { "Name": "Wörth a.d.Donau", "Population": 5196, "POSTCODE": "93086" }, "geometry": { "type": "Point", "coordinates": [ 12.421828885000025, 49.00466074600007 ] } },
{ "type": "Feature", "properties": { "Name": "Pottenstein", "Population": 5190, "POSTCODE": "91278" }, "geometry": { "type": "Point", "coordinates": [ 11.418739413000026, 49.768415619000052 ] } },
{ "type": "Feature", "properties": { "Name": "Reichertshausen", "Population": 5188, "POSTCODE": "85293" }, "geometry": { "type": "Point", "coordinates": [ 11.478022908000071, 48.454621884000062 ] } },
{ "type": "Feature", "properties": { "Name": "Wettstetten", "Population": 5184, "POSTCODE": "85139" }, "geometry": { "type": "Point", "coordinates": [ 11.411162837000063, 48.833834848000038 ] } },
{ "type": "Feature", "properties": { "Name": "Frensdorf", "Population": 5175, "POSTCODE": "96158" }, "geometry": { "type": "Point", "coordinates": [ 10.87032150400006, 49.810654387000056 ] } },
{ "type": "Feature", "properties": { "Name": "Wilhermsdorf", "Population": 5158, "POSTCODE": "91452" }, "geometry": { "type": "Point", "coordinates": [ 10.719220965000034, 49.464477830000078 ] } },
{ "type": "Feature", "properties": { "Name": "Karlskron", "Population": 5150, "POSTCODE": "85123" }, "geometry": { "type": "Point", "coordinates": [ 11.397704800000042, 48.663216699000031 ] } },
{ "type": "Feature", "properties": { "Name": "Oberammergau", "Population": 5132, "POSTCODE": "82487" }, "geometry": { "type": "Point", "coordinates": [ 11.071178322000037, 47.596231549000038 ] } },
{ "type": "Feature", "properties": { "Name": "Hofheim i.UFr.", "Population": 5125, "POSTCODE": "97461" }, "geometry": { "type": "Point", "coordinates": [ 10.536085370000023, 50.138204282000061 ] } },
{ "type": "Feature", "properties": { "Name": "Stammham", "Population": 5114, "POSTCODE": "85134" }, "geometry": { "type": "Point", "coordinates": [ 11.470843298000034, 48.869258701000035 ] } },
{ "type": "Feature", "properties": { "Name": "Oberaudorf", "Population": 5095, "POSTCODE": "83080" }, "geometry": { "type": "Point", "coordinates": [ 12.113805242000069, 47.663649576000068 ] } },
{ "type": "Feature", "properties": { "Name": "Erbendorf", "Population": 5095, "POSTCODE": "92681" }, "geometry": { "type": "Point", "coordinates": [ 12.036308650000024, 49.842014366000058 ] } },
{ "type": "Feature", "properties": { "Name": "Glonn", "Population": 5085, "POSTCODE": "85625" }, "geometry": { "type": "Point", "coordinates": [ 11.884530160000054, 47.977912383000046 ] } },
{ "type": "Feature", "properties": { "Name": "Laufach", "Population": 5075, "POSTCODE": "63846" }, "geometry": { "type": "Point", "coordinates": [ 9.326932923000072, 50.009900860000073 ] } },
{ "type": "Feature", "properties": { "Name": "Mammendorf", "Population": 5066, "POSTCODE": "82291" }, "geometry": { "type": "Point", "coordinates": [ 11.161119351000025, 48.207559006000054 ] } },
{ "type": "Feature", "properties": { "Name": "Wiggensbach", "Population": 5065, "POSTCODE": "87487" }, "geometry": { "type": "Point", "coordinates": [ 10.203324050000049, 47.746030379000047 ] } },
{ "type": "Feature", "properties": { "Name": "Fahrenzhausen", "Population": 5064, "POSTCODE": "85777" }, "geometry": { "type": "Point", "coordinates": [ 11.563020823000045, 48.363117636000027 ] } },
{ "type": "Feature", "properties": { "Name": "Igensdorf", "Population": 5063, "POSTCODE": "91338" }, "geometry": { "type": "Point", "coordinates": [ 11.233741350000059, 49.617456559000061 ] } },
{ "type": "Feature", "properties": { "Name": "Bad Hindelang", "Population": 5058, "POSTCODE": "87541" }, "geometry": { "type": "Point", "coordinates": [ 10.401717564000023, 47.466866725000045 ] } },
{ "type": "Feature", "properties": { "Name": "Schönberg", "Population": 5056, "POSTCODE": "84573" }, "geometry": { "type": "Point", "coordinates": [ 12.424444298000026, 48.344834013000082 ] } },
{ "type": "Feature", "properties": { "Name": "Eckersdorf", "Population": 5054, "POSTCODE": "95488" }, "geometry": { "type": "Point", "coordinates": [ 11.457951766000065, 49.95228493500008 ] } },
{ "type": "Feature", "properties": { "Name": "Oerlenbach", "Population": 5051, "POSTCODE": "97714" }, "geometry": { "type": "Point", "coordinates": [ 10.135186315000055, 50.149290925000059 ] } },
{ "type": "Feature", "properties": { "Name": "Heroldsbach", "Population": 5050, "POSTCODE": "91336" }, "geometry": { "type": "Point", "coordinates": [ 10.970169600000077, 49.706300985000041 ] } },
{ "type": "Feature", "properties": { "Name": "Sulzberg", "Population": 5040, "POSTCODE": "87477" }, "geometry": { "type": "Point", "coordinates": [ 10.355602781000073, 47.659456864000049 ] } },
{ "type": "Feature", "properties": { "Name": "Denkendorf", "Population": 5036, "POSTCODE": "85095" }, "geometry": { "type": "Point", "coordinates": [ 11.469377580000071, 48.927593840000043 ] } },
{ "type": "Feature", "properties": { "Name": "Weitramsdorf", "Population": 5029, "POSTCODE": "96479" }, "geometry": { "type": "Point", "coordinates": [ 10.872662760000026, 50.248102585000026 ] } },
{ "type": "Feature", "properties": { "Name": "Mintraching", "Population": 5020, "POSTCODE": "93098" }, "geometry": { "type": "Point", "coordinates": [ 12.261812038000073, 48.94856152300008 ] } },
{ "type": "Feature", "properties": { "Name": "Großheubach", "Population": 5013, "POSTCODE": "63920" }, "geometry": { "type": "Point", "coordinates": [ 9.233605295000075, 49.735328069000047 ] } },
{ "type": "Feature", "properties": { "Name": "Übersee", "Population": 5013, "POSTCODE": "83236" }, "geometry": { "type": "Point", "coordinates": [ 12.471329100000048, 47.822730191000062 ] } },
{ "type": "Feature", "properties": { "Name": "Windorf", "Population": 5005, "POSTCODE": "94565" }, "geometry": { "type": "Point", "coordinates": [ 13.225891113000046, 48.677124022000044 ] } },
{ "type": "Feature", "properties": { "Name": "Fischach", "Population": 5001, "POSTCODE": "86850" }, "geometry": { "type": "Point", "coordinates": [ 10.650924541000052, 48.283261921000076 ] } },
{ "type": "Feature", "properties": { "Name": "Petersaurach", "Population": 5000, "POSTCODE": "91580" }, "geometry": { "type": "Point", "coordinates": [ 10.723541619000059, 49.32062927100003 ] } },
{ "type": "Feature", "properties": { "Name": "Hahnbach", "Population": 4987, "POSTCODE": "92256" }, "geometry": { "type": "Point", "coordinates": [ 11.811561110000071, 49.537515744000075 ] } },
{ "type": "Feature", "properties": { "Name": "Windischeschenbach", "Population": 4980, "POSTCODE": "92670" }, "geometry": { "type": "Point", "coordinates": [ 12.155957662000048, 49.811602742000048 ] } },
{ "type": "Feature", "properties": { "Name": "Zolling", "Population": 4956, "POSTCODE": "85406" }, "geometry": { "type": "Point", "coordinates": [ 11.76800557100006, 48.468503897000062 ] } },
{ "type": "Feature", "properties": { "Name": "Oberthulba", "Population": 4948, "POSTCODE": "97723" }, "geometry": { "type": "Point", "coordinates": [ 9.92724051600004, 50.198213646000056 ] } },
{ "type": "Feature", "properties": { "Name": "Pfreimd", "Population": 4943, "POSTCODE": "92536" }, "geometry": { "type": "Point", "coordinates": [ 12.203688734000025, 49.500864644000046 ] } },
{ "type": "Feature", "properties": { "Name": "Königsmoos", "Population": 4938, "POSTCODE": "86669" }, "geometry": { "type": "Point", "coordinates": [ 11.195306712000047, 48.651251569000067 ] } },
{ "type": "Feature", "properties": { "Name": "Waldbüttelbrunn", "Population": 4926, "POSTCODE": "97297" }, "geometry": { "type": "Point", "coordinates": [ 9.776105125000072, 49.790331804000061 ] } },
{ "type": "Feature", "properties": { "Name": "Zapfendorf", "Population": 4922, "POSTCODE": "96199" }, "geometry": { "type": "Point", "coordinates": [ 10.95234560800003, 50.013797844000067 ] } },
{ "type": "Feature", "properties": { "Name": "Creußen", "Population": 4914, "POSTCODE": "95473" }, "geometry": { "type": "Point", "coordinates": [ 11.623649651000051, 49.846872517000065 ] } },
{ "type": "Feature", "properties": { "Name": "Arzberg", "Population": 4908, "POSTCODE": "04886" }, "geometry": { "type": "Point", "coordinates": [ 13.139174250000053, 51.540297776000045 ] } },
{ "type": "Feature", "properties": { "Name": "Oberviechtach", "Population": 4905, "POSTCODE": "92526" }, "geometry": { "type": "Point", "coordinates": [ 12.44852078100007, 49.48455735400006 ] } },
{ "type": "Feature", "properties": { "Name": "Hohenwart", "Population": 4903, "POSTCODE": "86558" }, "geometry": { "type": "Point", "coordinates": [ 11.397326845000066, 48.594087409000053 ] } },
{ "type": "Feature", "properties": { "Name": "Lenting", "Population": 4895, "POSTCODE": "85101" }, "geometry": { "type": "Point", "coordinates": [ 11.454260850000026, 48.809843514000079 ] } },
{ "type": "Feature", "properties": { "Name": "Bibertal", "Population": 4892, "POSTCODE": "89346" }, "geometry": { "type": "Point", "coordinates": [ 10.204904200000044, 48.385052199000029 ] } },
{ "type": "Feature", "properties": { "Name": "Scheyern", "Population": 4883, "POSTCODE": "85298" }, "geometry": { "type": "Point", "coordinates": [ 11.433328992000042, 48.501300422000043 ] } },
{ "type": "Feature", "properties": { "Name": "Wiesentheid", "Population": 4875, "POSTCODE": "97353" }, "geometry": { "type": "Point", "coordinates": [ 10.334148300000038, 49.798772069000051 ] } },
{ "type": "Feature", "properties": { "Name": "Winhöring", "Population": 4871, "POSTCODE": "84543" }, "geometry": { "type": "Point", "coordinates": [ 12.655798694000055, 48.269797495000034 ] } },
{ "type": "Feature", "properties": { "Name": "Lauben", "Population": 4847, "POSTCODE": "87493" }, "geometry": { "type": "Point", "coordinates": [ 10.309130885000059, 47.780216040000028 ] } },
{ "type": "Feature", "properties": { "Name": "Falkenberg", "Population": 4841, "POSTCODE": "95685" }, "geometry": { "type": "Point", "coordinates": [ 12.224715681000077, 49.855024094000044 ] } },
{ "type": "Feature", "properties": { "Name": "Rennertshofen", "Population": 4840, "POSTCODE": "86643" }, "geometry": { "type": "Point", "coordinates": [ 11.047166150000066, 48.763281185000039 ] } },
{ "type": "Feature", "properties": { "Name": "Inning a.Ammersee", "Population": 4822, "POSTCODE": "82266" }, "geometry": { "type": "Point", "coordinates": [ 11.152992112000049, 48.070830256000079 ] } },
{ "type": "Feature", "properties": { "Name": "Frontenhausen", "Population": 4821, "POSTCODE": "84160" }, "geometry": { "type": "Point", "coordinates": [ 12.527428890000067, 48.521246663000056 ] } },
{ "type": "Feature", "properties": { "Name": "Bad Wiessee", "Population": 4820, "POSTCODE": "83707" }, "geometry": { "type": "Point", "coordinates": [ 11.694750649000071, 47.700599011000065 ] } },
{ "type": "Feature", "properties": { "Name": "Uttenreuth", "Population": 4790, "POSTCODE": null }, "geometry": null },
{ "type": "Feature", "properties": { "Name": "Weismain", "Population": 4786, "POSTCODE": "96260" }, "geometry": { "type": "Point", "coordinates": [ 11.235500599000034, 50.055775781000079 ] } },
{ "type": "Feature", "properties": { "Name": "Hollfeld", "Population": 4784, "POSTCODE": "96142" }, "geometry": { "type": "Point", "coordinates": [ 11.281730373000073, 49.937471304000042 ] } },
{ "type": "Feature", "properties": { "Name": "Chieming", "Population": 4778, "POSTCODE": "83339" }, "geometry": { "type": "Point", "coordinates": [ 12.514075650000052, 47.924758530000076 ] } },
{ "type": "Feature", "properties": { "Name": "Altenmünster", "Population": 4776, "POSTCODE": "86450" }, "geometry": { "type": "Point", "coordinates": [ 10.583206337000036, 48.46235996300004 ] } },
{ "type": "Feature", "properties": { "Name": "Mömlingen", "Population": 4774, "POSTCODE": "63853" }, "geometry": { "type": "Point", "coordinates": [ 9.07476815800004, 49.858244067000044 ] } },
{ "type": "Feature", "properties": { "Name": "Wörth a.Main", "Population": 4769, "POSTCODE": "63939" }, "geometry": { "type": "Point", "coordinates": [ 9.159032400000058, 49.787570990000063 ] } },
{ "type": "Feature", "properties": { "Name": "Iphofen", "Population": 4768, "POSTCODE": "97346" }, "geometry": { "type": "Point", "coordinates": [ 10.312592350000045, 49.65692688200005 ] } },
{ "type": "Feature", "properties": { "Name": "Schöllnach", "Population": 4763, "POSTCODE": "94508" }, "geometry": { "type": "Point", "coordinates": [ 13.190712997000048, 48.772729496000068 ] } },
{ "type": "Feature", "properties": { "Name": "Bischofsheim i.d.Rhön", "Population": 4755, "POSTCODE": "97653" }, "geometry": { "type": "Point", "coordinates": [ 10.006021702000055, 50.399435615000073 ] } },
{ "type": "Feature", "properties": { "Name": "Asbach-Bäumenheim", "Population": 4750, "POSTCODE": "86663" }, "geometry": { "type": "Point", "coordinates": [ 10.822591104000026, 48.687615252000057 ] } },
{ "type": "Feature", "properties": { "Name": "Gablingen", "Population": 4746, "POSTCODE": "86456" }, "geometry": { "type": "Point", "coordinates": [ 10.813193096000077, 48.456649703000039 ] } },
{ "type": "Feature", "properties": { "Name": "Rückersdorf", "Population": 4744, "POSTCODE": "07580" }, "geometry": { "type": "Point", "coordinates": [ 12.213015350000035, 50.821728662000055 ] } },
{ "type": "Feature", "properties": { "Name": "Finsing", "Population": 4740, "POSTCODE": "85464" }, "geometry": { "type": "Point", "coordinates": [ 11.79579306100004, 48.231211814000062 ] } },
{ "type": "Feature", "properties": { "Name": "Bernried", "Population": 4736, "POSTCODE": "94505" }, "geometry": { "type": "Point", "coordinates": [ 12.907541400000071, 48.913353660000041 ] } },
{ "type": "Feature", "properties": { "Name": "Bad Bocklet", "Population": 4734, "POSTCODE": "97708" }, "geometry": { "type": "Point", "coordinates": [ 10.069283445000053, 50.273367805000078 ] } },
{ "type": "Feature", "properties": { "Name": "Niedernberg", "Population": 4720, "POSTCODE": "63843" }, "geometry": { "type": "Point", "coordinates": [ 9.121432566000067, 49.90717739400003 ] } },
{ "type": "Feature", "properties": { "Name": "Möhrendorf", "Population": 4712, "POSTCODE": null }, "geometry": null },
{ "type": "Feature", "properties": { "Name": "Inzell", "Population": 4704, "POSTCODE": "83334" }, "geometry": { "type": "Point", "coordinates": [ 12.768284517000041, 47.768213262000074 ] } },
{ "type": "Feature", "properties": { "Name": "Bellenberg", "Population": 4694, "POSTCODE": "89287" }, "geometry": { "type": "Point", "coordinates": [ 10.096519365000063, 48.258452524000063 ] } },
{ "type": "Feature", "properties": { "Name": "Aindling", "Population": 4691, "POSTCODE": "86447" }, "geometry": { "type": "Point", "coordinates": [ 10.949297800000068, 48.521373735000054 ] } },
{ "type": "Feature", "properties": { "Name": "Altenstadt a.d.Waldnaab", "Population": 4687, "POSTCODE": null }, "geometry": null },
{ "type": "Feature", "properties": { "Name": "Heideck", "Population": 4684, "POSTCODE": "91180" }, "geometry": { "type": "Point", "coordinates": [ 11.121566006000023, 49.130559480000045 ] } },
{ "type": "Feature", "properties": { "Name": "Otterfing", "Population": 4682, "POSTCODE": "83624" }, "geometry": { "type": "Point", "coordinates": [ 11.674141504000033, 47.914368839000076 ] } },
{ "type": "Feature", "properties": { "Name": "Burgheim", "Population": 4678, "POSTCODE": "86666" }, "geometry": { "type": "Point", "coordinates": [ 11.038443007000069, 48.690845114000069 ] } },
{ "type": "Feature", "properties": { "Name": "Rotthalmünster", "Population": 4676, "POSTCODE": "94094" }, "geometry": { "type": "Point", "coordinates": [ 13.191764252000041, 48.360386261000031 ] } },
{ "type": "Feature", "properties": { "Name": "Neunkirchen a.Sand", "Population": 4662, "POSTCODE": "91233" }, "geometry": { "type": "Point", "coordinates": [ 11.34257724400004, 49.534161963000031 ] } },
{ "type": "Feature", "properties": { "Name": "Vierkirchen", "Population": 4654, "POSTCODE": "85256" }, "geometry": { "type": "Point", "coordinates": [ 11.466253141000038, 48.365359907000027 ] } },
{ "type": "Feature", "properties": { "Name": "Leidersbach", "Population": 4642, "POSTCODE": "63849" }, "geometry": { "type": "Point", "coordinates": [ 9.239657115000057, 49.899579884000048 ] } },
{ "type": "Feature", "properties": { "Name": "Utting am Ammersee", "Population": 4616, "POSTCODE": "86919" }, "geometry": { "type": "Point", "coordinates": [ 11.078235286000051, 48.018766483000036 ] } },
{ "type": "Feature", "properties": { "Name": "Scheinfeld", "Population": 4583, "POSTCODE": "91443" }, "geometry": { "type": "Point", "coordinates": [ 10.475063164000062, 49.672035115000028 ] } },
{ "type": "Feature", "properties": { "Name": "Kürnach", "Population": 4578, "POSTCODE": "97273" }, "geometry": { "type": "Point", "coordinates": [ 10.051272732000029, 49.840952697000034 ] } },
{ "type": "Feature", "properties": { "Name": "Oy-Mittelberg", "Population": 4564, "POSTCODE": "87466" }, "geometry": { "type": "Point", "coordinates": [ 10.439136966000035, 47.648562731000027 ] } },
{ "type": "Feature", "properties": { "Name": "Sankt Wolfgang", "Population": 4557, "POSTCODE": "84427" }, "geometry": { "type": "Point", "coordinates": [ 12.146990110000047, 48.219617523000068 ] } },
{ "type": "Feature", "properties": { "Name": "Rattelsdorf", "Population": 4554, "POSTCODE": "96179" }, "geometry": { "type": "Point", "coordinates": [ 10.881660650000072, 50.025622532000057 ] } },
{ "type": "Feature", "properties": { "Name": "Bubenreuth", "Population": 4547, "POSTCODE": "91088" }, "geometry": { "type": "Point", "coordinates": [ 11.01516496000005, 49.624267863000057 ] } },
{ "type": "Feature", "properties": { "Name": "Aßling", "Population": 4545, "POSTCODE": "85617" }, "geometry": { "type": "Point", "coordinates": [ 12.011351650000051, 47.990136896000081 ] } },
{ "type": "Feature", "properties": { "Name": "Oberhaid", "Population": 4542, "POSTCODE": "96173" }, "geometry": { "type": "Point", "coordinates": [ 10.798754077000069, 49.946384971000043 ] } },
{ "type": "Feature", "properties": { "Name": "Adlkofen", "Population": 4517, "POSTCODE": "84166" }, "geometry": { "type": "Point", "coordinates": [ 12.282315874000062, 48.536348382000028 ] } },
{ "type": "Feature", "properties": { "Name": "Neuburg a.Inn", "Population": 4496, "POSTCODE": "94127" }, "geometry": { "type": "Point", "coordinates": [ 13.402745848000052, 48.516977541000074 ] } },
{ "type": "Feature", "properties": { "Name": "Seeon-Seebruck", "Population": 4490, "POSTCODE": "83370" }, "geometry": { "type": "Point", "coordinates": [ 12.459136731000058, 47.972232973000075 ] } },
{ "type": "Feature", "properties": { "Name": "Breitengüßbach", "Population": 4481, "POSTCODE": "96149" }, "geometry": { "type": "Point", "coordinates": [ 10.914489403000061, 49.96981997000006 ] } },
{ "type": "Feature", "properties": { "Name": "Gessertshausen", "Population": 4450, "POSTCODE": "86459" }, "geometry": { "type": "Point", "coordinates": [ 10.714634469000032, 48.303467857000044 ] } },
{ "type": "Feature", "properties": { "Name": "Röthlein", "Population": 4444, "POSTCODE": "97520" }, "geometry": { "type": "Point", "coordinates": [ 10.213801734000072, 49.963755239000079 ] } },
{ "type": "Feature", "properties": { "Name": "Obing", "Population": 4441, "POSTCODE": "83119" }, "geometry": { "type": "Point", "coordinates": [ 12.400582991000022, 48.014186448000032 ] } },
{ "type": "Feature", "properties": { "Name": "Scheidegg", "Population": 4432, "POSTCODE": "88175" }, "geometry": { "type": "Point", "coordinates": [ 9.851473975000033, 47.56972169800008 ] } },
{ "type": "Feature", "properties": { "Name": "Sonnefeld", "Population": 4430, "POSTCODE": "96242" }, "geometry": { "type": "Point", "coordinates": [ 11.148657384000046, 50.237088307000079 ] } },
{ "type": "Feature", "properties": { "Name": "Rettenberg", "Population": 4428, "POSTCODE": "87549" }, "geometry": { "type": "Point", "coordinates": [ 10.31910967500005, 47.58644683700004 ] } },
{ "type": "Feature", "properties": { "Name": "Wörth", "Population": 4409, "POSTCODE": "85457" }, "geometry": { "type": "Point", "coordinates": [ 11.913743357000044, 48.241462812000066 ] } },
{ "type": "Feature", "properties": { "Name": "Lautertal", "Population": 4404, "POSTCODE": "96486" }, "geometry": { "type": "Point", "coordinates": [ 10.959886787000073, 50.343326440000055 ] } },
{ "type": "Feature", "properties": { "Name": "Frammersbach", "Population": 4402, "POSTCODE": null }, "geometry": null },
{ "type": "Feature", "properties": { "Name": "Kirchberg i.Wald", "Population": 4392, "POSTCODE": "94259" }, "geometry": { "type": "Point", "coordinates": [ 13.185583809000036, 48.894073118000051 ] } },
{ "type": "Feature", "properties": { "Name": "Anzing", "Population": 4388, "POSTCODE": "85646" }, "geometry": { "type": "Point", "coordinates": [ 11.849560894000035, 48.155340530000046 ] } },
{ "type": "Feature", "properties": { "Name": "Güntersleben", "Population": 4382, "POSTCODE": "97261" }, "geometry": { "type": "Point", "coordinates": [ 9.902835053000047, 49.874105624000038 ] } },
{ "type": "Feature", "properties": { "Name": "Münsing", "Population": 4373, "POSTCODE": "82541" }, "geometry": { "type": "Point", "coordinates": [ 11.352226796000025, 47.876289647000078 ] } },
{ "type": "Feature", "properties": { "Name": "Bad Berneck i.Fichtelgebirge", "Population": 4373, "POSTCODE": "95460" }, "geometry": { "type": "Point", "coordinates": [ 11.671851582000045, 50.047162772000036 ] } },
{ "type": "Feature", "properties": { "Name": "Büchlberg", "Population": 4371, "POSTCODE": "94124" }, "geometry": { "type": "Point", "coordinates": [ 13.529336818000047, 48.674828590000061 ] } },
{ "type": "Feature", "properties": { "Name": "Poppenhausen", "Population": 4371, "POSTCODE": "97490" }, "geometry": { "type": "Point", "coordinates": [ 10.145329010000069, 50.102901039000074 ] } },
{ "type": "Feature", "properties": { "Name": "Zell a.Main", "Population": 4360, "POSTCODE": "97299" }, "geometry": { "type": "Point", "coordinates": [ 9.859294699000031, 49.807134876000077 ] } },
{ "type": "Feature", "properties": { "Name": "Donaustauf", "Population": 4357, "POSTCODE": "93093" }, "geometry": { "type": "Point", "coordinates": [ 12.226082809000047, 49.029131480000046 ] } },
{ "type": "Feature", "properties": { "Name": "Leiblfing", "Population": 4349, "POSTCODE": "94339" }, "geometry": { "type": "Point", "coordinates": [ 12.566188175000036, 48.758357239000077 ] } },
{ "type": "Feature", "properties": { "Name": "Maßbach", "Population": 4348, "POSTCODE": "97711" }, "geometry": { "type": "Point", "coordinates": [ 10.271905061000041, 50.195342182000047 ] } },
{ "type": "Feature", "properties": { "Name": "Fridolfing", "Population": 4337, "POSTCODE": "83413" }, "geometry": { "type": "Point", "coordinates": [ 12.824708, 48.001427082000077 ] } },
{ "type": "Feature", "properties": { "Name": "Buch", "Population": 4337, "POSTCODE": "89290" }, "geometry": { "type": "Point", "coordinates": [ 10.196307243000035, 48.230482368000025 ] } },
{ "type": "Feature", "properties": { "Name": "Feldafing", "Population": 4337, "POSTCODE": "82340" }, "geometry": { "type": "Point", "coordinates": [ 11.292130197000063, 47.940597402000037 ] } },
{ "type": "Feature", "properties": { "Name": "Offingen", "Population": 4336, "POSTCODE": "89362" }, "geometry": { "type": "Point", "coordinates": [ 10.364173658000027, 48.478631892000067 ] } },
{ "type": "Feature", "properties": { "Name": "Grabenstätt", "Population": 4324, "POSTCODE": "83355" }, "geometry": { "type": "Point", "coordinates": [ 12.55045388700006, 47.845458088000044 ] } },
{ "type": "Feature", "properties": { "Name": "Röhrnbach", "Population": 4323, "POSTCODE": "94133" }, "geometry": { "type": "Point", "coordinates": [ 13.516638601000068, 48.75332614000007 ] } },
{ "type": "Feature", "properties": { "Name": "Penzing", "Population": 4321, "POSTCODE": "86929" }, "geometry": { "type": "Point", "coordinates": [ 10.939715919000037, 48.078471342000057 ] } },
{ "type": "Feature", "properties": { "Name": "Waldershof", "Population": 4315, "POSTCODE": "95679" }, "geometry": { "type": "Point", "coordinates": [ 12.070833358000073, 49.95214719900008 ] } },
{ "type": "Feature", "properties": { "Name": "Aldersbach", "Population": 4310, "POSTCODE": "94501" }, "geometry": { "type": "Point", "coordinates": [ 13.075101429000028, 48.578003451000029 ] } },
{ "type": "Feature", "properties": { "Name": "Eschenbach i.d.OPf.", "Population": 4308, "POSTCODE": null }, "geometry": null },
{ "type": "Feature", "properties": { "Name": "Edling", "Population": 4307, "POSTCODE": "83533" }, "geometry": { "type": "Point", "coordinates": [ 12.158548425000049, 48.033584186000041 ] } },
{ "type": "Feature", "properties": { "Name": "Kranzberg", "Population": 4304, "POSTCODE": "85402" }, "geometry": { "type": "Point", "coordinates": [ 11.626916162000043, 48.404855612000063 ] } },
{ "type": "Feature", "properties": { "Name": "Schnaittenbach", "Population": 4304, "POSTCODE": "92253" }, "geometry": { "type": "Point", "coordinates": [ 12.043455685000026, 49.537216684000043 ] } },
{ "type": "Feature", "properties": { "Name": "Gößweinstein", "Population": 4298, "POSTCODE": "91327" }, "geometry": { "type": "Point", "coordinates": [ 11.322997888000032, 49.761291292000067 ] } },
{ "type": "Feature", "properties": { "Name": "Triefenstein", "Population": 4289, "POSTCODE": "97855" }, "geometry": { "type": "Point", "coordinates": [ 9.597510520000071, 49.800879227000053 ] } },
{ "type": "Feature", "properties": { "Name": "Metten", "Population": 4288, "POSTCODE": "94526" }, "geometry": { "type": "Point", "coordinates": [ 12.911995630000035, 48.856262129000072 ] } },
{ "type": "Feature", "properties": { "Name": "Emmerting", "Population": 4274, "POSTCODE": "84547" }, "geometry": { "type": "Point", "coordinates": [ 12.762563635000049, 48.207238005000079 ] } },
{ "type": "Feature", "properties": { "Name": "Hohenthann", "Population": 4270, "POSTCODE": "84098" }, "geometry": { "type": "Point", "coordinates": [ 12.097353192000071, 48.659921590000067 ] } },
{ "type": "Feature", "properties": { "Name": "Neufahrn i.NB", "Population": 4263, "POSTCODE": "84088" }, "geometry": { "type": "Point", "coordinates": [ 12.15074321700007, 48.735735964000071 ] } },
{ "type": "Feature", "properties": { "Name": "Anger", "Population": 4260, "POSTCODE": "83454" }, "geometry": { "type": "Point", "coordinates": [ 12.846257106000053, 47.796834051000076 ] } },
{ "type": "Feature", "properties": { "Name": "Biessenhofen", "Population": 4254, "POSTCODE": "87640" }, "geometry": { "type": "Point", "coordinates": [ 10.641697606000037, 47.821343894000051 ] } },
{ "type": "Feature", "properties": { "Name": "Grettstadt", "Population": 4251, "POSTCODE": "97508" }, "geometry": { "type": "Point", "coordinates": [ 10.340008161000071, 49.989626912000062 ] } },
{ "type": "Feature", "properties": { "Name": "Großhabersdorf", "Population": 4243, "POSTCODE": "90613" }, "geometry": { "type": "Point", "coordinates": [ 10.791365400000075, 49.402171125000052 ] } },
{ "type": "Feature", "properties": { "Name": "Gefrees", "Population": 4240, "POSTCODE": "95482" }, "geometry": { "type": "Point", "coordinates": [ 11.732773788000031, 50.094072143000062 ] } },
{ "type": "Feature", "properties": { "Name": "Neureichenau", "Population": 4238, "POSTCODE": "94089" }, "geometry": { "type": "Point", "coordinates": [ 13.765571768000029, 48.753843011000072 ] } },
{ "type": "Feature", "properties": { "Name": "Traitsching", "Population": 4237, "POSTCODE": "93455" }, "geometry": { "type": "Point", "coordinates": [ 12.647424363000027, 49.131221413000048 ] } },
{ "type": "Feature", "properties": { "Name": "Schwarzenbach a.Wald", "Population": 4231, "POSTCODE": "95131" }, "geometry": { "type": "Point", "coordinates": [ 11.611910323000075, 50.288313196000047 ] } },
{ "type": "Feature", "properties": { "Name": "Bodenwöhr", "Population": 4221, "POSTCODE": "92439" }, "geometry": { "type": "Point", "coordinates": [ 12.293168050000077, 49.297553912000069 ] } },
{ "type": "Feature", "properties": { "Name": "Niederaichbach", "Population": 4220, "POSTCODE": "84100" }, "geometry": { "type": "Point", "coordinates": [ 12.320213703000036, 48.591817162000041 ] } },
{ "type": "Feature", "properties": { "Name": "Pressath", "Population": 4217, "POSTCODE": "92690" }, "geometry": { "type": "Point", "coordinates": [ 11.974062648000029, 49.768007280000063 ] } },
{ "type": "Feature", "properties": { "Name": "Sennfeld", "Population": 4212, "POSTCODE": "97526" }, "geometry": { "type": "Point", "coordinates": [ 10.264154700000063, 50.042414117000078 ] } },
{ "type": "Feature", "properties": { "Name": "Langerringen", "Population": 4203, "POSTCODE": "86853" }, "geometry": { "type": "Point", "coordinates": [ 10.748605792000035, 48.12595505400003 ] } },
{ "type": "Feature", "properties": { "Name": "Großwallstadt", "Population": 4198, "POSTCODE": "63868" }, "geometry": { "type": "Point", "coordinates": [ 9.137572759000022, 49.873544121000066 ] } },
{ "type": "Feature", "properties": { "Name": "Tittling", "Population": 4197, "POSTCODE": "94104" }, "geometry": { "type": "Point", "coordinates": [ 13.396482443000025, 48.728883675000077 ] } },
{ "type": "Feature", "properties": { "Name": "Simbach", "Population": 4197, "POSTCODE": "94436" }, "geometry": { "type": "Point", "coordinates": [ 12.719596918000036, 48.56108852400007 ] } },
{ "type": "Feature", "properties": { "Name": "Bürgstadt", "Population": 4193, "POSTCODE": "63927" }, "geometry": { "type": "Point", "coordinates": [ 9.298907007000025, 49.722412848000033 ] } },
{ "type": "Feature", "properties": { "Name": "Sengenthal", "Population": 4186, "POSTCODE": "92369" }, "geometry": { "type": "Point", "coordinates": [ 11.448072054000022, 49.223096935000058 ] } },
{ "type": "Feature", "properties": { "Name": "Winkelhaid", "Population": 4184, "POSTCODE": "90610" }, "geometry": { "type": "Point", "coordinates": [ 11.30553208200007, 49.408878980000054 ] } },
{ "type": "Feature", "properties": { "Name": "Ihrlerstein", "Population": 4184, "POSTCODE": "93346" }, "geometry": { "type": "Point", "coordinates": [ 11.850313159000052, 48.953255716000058 ] } },
{ "type": "Feature", "properties": { "Name": "Kühbach", "Population": 4170, "POSTCODE": "86556" }, "geometry": { "type": "Point", "coordinates": [ 11.180977060000032, 48.505937337000034 ] } },
{ "type": "Feature", "properties": { "Name": "Eging a.See", "Population": 4168, "POSTCODE": "94535" }, "geometry": { "type": "Point", "coordinates": [ 13.255998757000043, 48.709372836000057 ] } },
{ "type": "Feature", "properties": { "Name": "Bruck i.d.OPf.", "Population": 4167, "POSTCODE": "92436" }, "geometry": { "type": "Point", "coordinates": [ 12.306517431000032, 49.247418613000036 ] } },
{ "type": "Feature", "properties": { "Name": "Hallerndorf", "Population": 4161, "POSTCODE": "91352" }, "geometry": { "type": "Point", "coordinates": [ 10.976340063000066, 49.752342884000029 ] } },
{ "type": "Feature", "properties": { "Name": "Siegenburg", "Population": 4160, "POSTCODE": "93354" }, "geometry": { "type": "Point", "coordinates": [ 11.849884243000076, 48.758490810000069 ] } },
{ "type": "Feature", "properties": { "Name": "Gräfenberg", "Population": 4160, "POSTCODE": "91322" }, "geometry": { "type": "Point", "coordinates": [ 11.244419964000031, 49.662404645000038 ] } },
{ "type": "Feature", "properties": { "Name": "Fuchstal", "Population": 4151, "POSTCODE": "86925" }, "geometry": { "type": "Point", "coordinates": [ 10.822723409000048, 47.93315997600007 ] } },
{ "type": "Feature", "properties": { "Name": "Thyrnau", "Population": 4150, "POSTCODE": "94136" }, "geometry": { "type": "Point", "coordinates": [ 13.550976496000033, 48.60884797600005 ] } },
{ "type": "Feature", "properties": { "Name": "Pförring", "Population": 4150, "POSTCODE": "85104" }, "geometry": { "type": "Point", "coordinates": [ 11.68762952700007, 48.819690267000055 ] } },
{ "type": "Feature", "properties": { "Name": "Stadtlauringen", "Population": 4149, "POSTCODE": "97488" }, "geometry": { "type": "Point", "coordinates": [ 10.384749672000055, 50.184492386000045 ] } },
{ "type": "Feature", "properties": { "Name": "Reichenberg", "Population": 4148, "POSTCODE": "97234" }, "geometry": { "type": "Point", "coordinates": [ 9.906285522000076, 49.718019992000052 ] } },
{ "type": "Feature", "properties": { "Name": "Wald", "Population": 4147, "POSTCODE": "88639" }, "geometry": { "type": "Point", "coordinates": [ 9.166845820000049, 47.931761960000074 ] } },
{ "type": "Feature", "properties": { "Name": "Rott a.Inn", "Population": 4142, "POSTCODE": "83543" }, "geometry": { "type": "Point", "coordinates": [ 12.126383473000033, 47.988220140000067 ] } },
{ "type": "Feature", "properties": { "Name": "Tapfheim", "Population": 4142, "POSTCODE": "86660" }, "geometry": { "type": "Point", "coordinates": [ 10.689534632000061, 48.684525543000063 ] } },
{ "type": "Feature", "properties": { "Name": "Selbitz", "Population": 4141, "POSTCODE": "95152" }, "geometry": { "type": "Point", "coordinates": [ 11.754797308000036, 50.321074442000054 ] } },
{ "type": "Feature", "properties": { "Name": "Altenmarkt a.d.Alz", "Population": 4141, "POSTCODE": "83352" }, "geometry": { "type": "Point", "coordinates": [ 12.505802183000071, 48.002069023000047 ] } },
{ "type": "Feature", "properties": { "Name": "Schöllkrippen", "Population": 4136, "POSTCODE": "63825" }, "geometry": { "type": "Point", "coordinates": [ 9.268291150000039, 50.079288805000033 ] } },
{ "type": "Feature", "properties": { "Name": "Neubeuern", "Population": 4131, "POSTCODE": "83115" }, "geometry": { "type": "Point", "coordinates": [ 12.149866455000051, 47.780221465000068 ] } },
{ "type": "Feature", "properties": { "Name": "Moorenweis", "Population": 4122, "POSTCODE": "82272" }, "geometry": { "type": "Point", "coordinates": [ 11.064262451000047, 48.161581091000073 ] } },
{ "type": "Feature", "properties": { "Name": "Untersiemau", "Population": 4116, "POSTCODE": "96253" }, "geometry": { "type": "Point", "coordinates": [ 10.96260355000004, 50.204333721000069 ] } },
{ "type": "Feature", "properties": { "Name": "Buchenberg", "Population": 4110, "POSTCODE": "87474" }, "geometry": { "type": "Point", "coordinates": [ 10.199437700000033, 47.703426314000069 ] } },
{ "type": "Feature", "properties": { "Name": "Baunach", "Population": 4109, "POSTCODE": "96148" }, "geometry": { "type": "Point", "coordinates": [ 10.821038968000039, 49.995519525000077 ] } },
{ "type": "Feature", "properties": { "Name": "Waldaschaff", "Population": 4106, "POSTCODE": null }, "geometry": null },
{ "type": "Feature", "properties": { "Name": "Alling", "Population": 4105, "POSTCODE": "82239" }, "geometry": { "type": "Point", "coordinates": [ 11.277272650000043, 48.148196539000025 ] } },
{ "type": "Feature", "properties": { "Name": "Pfaffing", "Population": 4104, "POSTCODE": "83539" }, "geometry": { "type": "Point", "coordinates": [ 12.103615964000028, 48.053016414000069 ] } },
{ "type": "Feature", "properties": { "Name": "Schwebheim", "Population": 4103, "POSTCODE": "97525" }, "geometry": { "type": "Point", "coordinates": [ 10.258399236000059, 49.990538589000039 ] } },
{ "type": "Feature", "properties": { "Name": "Thierhaupten", "Population": 4100, "POSTCODE": "86672" }, "geometry": { "type": "Point", "coordinates": [ 10.915399, 48.56197643400003 ] } },
{ "type": "Feature", "properties": { "Name": "Kochel a.See", "Population": 4095, "POSTCODE": "82431" }, "geometry": { "type": "Point", "coordinates": [ 11.378864030000045, 47.656594471000062 ] } },
{ "type": "Feature", "properties": { "Name": "Rieden", "Population": 4087, "POSTCODE": "92286" }, "geometry": { "type": "Point", "coordinates": [ 11.929518184000074, 49.308715495000058 ] } },
{ "type": "Feature", "properties": { "Name": "Johannesberg", "Population": 4079, "POSTCODE": "63867" }, "geometry": { "type": "Point", "coordinates": [ 9.135190150000028, 50.028367508000031 ] } },
{ "type": "Feature", "properties": { "Name": "Langenbach", "Population": 4068, "POSTCODE": "85416" }, "geometry": { "type": "Point", "coordinates": [ 11.854772841000056, 48.434392725000066 ] } },
{ "type": "Feature", "properties": { "Name": "Massing", "Population": 4067, "POSTCODE": "84323" }, "geometry": { "type": "Point", "coordinates": [ 12.617490770000074, 48.400544254000067 ] } },
{ "type": "Feature", "properties": { "Name": "Freudenberg", "Population": 4064, "POSTCODE": "92272" }, "geometry": { "type": "Point", "coordinates": [ 11.969060288000037, 49.468518667000069 ] } },
{ "type": "Feature", "properties": { "Name": "Thurnau", "Population": 4053, "POSTCODE": "95349" }, "geometry": { "type": "Point", "coordinates": [ 11.401604961000032, 50.000530430000026 ] } },
{ "type": "Feature", "properties": { "Name": "Oberaurach", "Population": 4053, "POSTCODE": "97514" }, "geometry": { "type": "Point", "coordinates": [ 10.620165650000047, 49.931384679000075 ] } },
{ "type": "Feature", "properties": { "Name": "Ahorn", "Population": 4047, "POSTCODE": "74744" }, "geometry": { "type": "Point", "coordinates": [ 9.543691050000064, 49.486229039000079 ] } },
{ "type": "Feature", "properties": { "Name": "Graben", "Population": 4038, "POSTCODE": null }, "geometry": null },
{ "type": "Feature", "properties": { "Name": "Bockhorn", "Population": 4031, "POSTCODE": "85461" }, "geometry": { "type": "Point", "coordinates": [ 11.996276150000028, 48.307856602000072 ] } },
{ "type": "Feature", "properties": { "Name": "Weil", "Population": 4022, "POSTCODE": "86947" }, "geometry": { "type": "Point", "coordinates": [ 10.916813150000053, 48.13089870500005 ] } },
{ "type": "Feature", "properties": { "Name": "Kraiburg a.Inn", "Population": 4021, "POSTCODE": "84559" }, "geometry": { "type": "Point", "coordinates": [ 12.471445875000029, 48.181661850000069 ] } },
{ "type": "Feature", "properties": { "Name": "Gars a.Inn", "Population": 4021, "POSTCODE": "83546" }, "geometry": { "type": "Point", "coordinates": [ 12.322112817000061, 48.176067912000065 ] } },
{ "type": "Feature", "properties": { "Name": "Markt Rettenbach", "Population": 4019, "POSTCODE": "87733" }, "geometry": { "type": "Point", "coordinates": [ 10.399766782000029, 47.95466688700003 ] } },
{ "type": "Feature", "properties": { "Name": "Mertingen", "Population": 3980, "POSTCODE": "86690" }, "geometry": { "type": "Point", "coordinates": [ 10.791816780000033, 48.651507521000042 ] } },
{ "type": "Feature", "properties": { "Name": "Kaisheim", "Population": 3977, "POSTCODE": "86687" }, "geometry": { "type": "Point", "coordinates": [ 10.855171375000054, 48.747963965000054 ] } },
{ "type": "Feature", "properties": { "Name": "Kirchroth", "Population": 3958, "POSTCODE": "94356" }, "geometry": { "type": "Point", "coordinates": [ 12.536648700000057, 48.955407189000027 ] } },
{ "type": "Feature", "properties": { "Name": "Pappenheim", "Population": 3942, "POSTCODE": "91788" }, "geometry": { "type": "Point", "coordinates": [ 11.003642376000073, 48.939708366000048 ] } },
{ "type": "Feature", "properties": { "Name": "Buch a.Erlbach", "Population": 3929, "POSTCODE": "84172" }, "geometry": { "type": "Point", "coordinates": [ 12.046148813000059, 48.442575756000053 ] } },
{ "type": "Feature", "properties": { "Name": "Wiesau", "Population": 3916, "POSTCODE": "95676" }, "geometry": { "type": "Point", "coordinates": [ 12.184566553000025, 49.906939536000039 ] } },
{ "type": "Feature", "properties": { "Name": "Eschau", "Population": 3915, "POSTCODE": "63863" }, "geometry": { "type": "Point", "coordinates": [ 9.28865546000003, 49.830573813000058 ] } },
{ "type": "Feature", "properties": { "Name": "Fraunberg", "Population": 3914, "POSTCODE": "85447" }, "geometry": { "type": "Point", "coordinates": [ 12.00180798100007, 48.360516277000045 ] } },
{ "type": "Feature", "properties": { "Name": "Wiesenfelden", "Population": 3912, "POSTCODE": "94344" }, "geometry": { "type": "Point", "coordinates": [ 12.545002105000037, 49.036826630000064 ] } },
{ "type": "Feature", "properties": { "Name": "Amorbach", "Population": 3907, "POSTCODE": "63916" }, "geometry": { "type": "Point", "coordinates": [ 9.277807446000054, 49.654601448000051 ] } },
{ "type": "Feature", "properties": { "Name": "Ellingen", "Population": 3897, "POSTCODE": "91792" }, "geometry": { "type": "Point", "coordinates": [ 10.962072925000029, 49.067368823000038 ] } },
{ "type": "Feature", "properties": { "Name": "Steinhöring", "Population": 3894, "POSTCODE": "85643" }, "geometry": { "type": "Point", "coordinates": [ 12.043048468000052, 48.098854345000063 ] } },
{ "type": "Feature", "properties": { "Name": "Spiegelau", "Population": 3890, "POSTCODE": "94518" }, "geometry": { "type": "Point", "coordinates": [ 13.342341050000073, 48.929510067000081 ] } },
{ "type": "Feature", "properties": { "Name": "Grafrath", "Population": 3885, "POSTCODE": "82284" }, "geometry": { "type": "Point", "coordinates": [ 11.166980454000054, 48.122980160000054 ] } },
{ "type": "Feature", "properties": { "Name": "Syrgenstein", "Population": 3882, "POSTCODE": "89428" }, "geometry": { "type": "Point", "coordinates": [ 10.291550150000035, 48.655724256000042 ] } },
{ "type": "Feature", "properties": { "Name": "Hohenpeißenberg", "Population": 3865, "POSTCODE": "82383" }, "geometry": { "type": "Point", "coordinates": [ 11.006431325000051, 47.801910919000079 ] } },
{ "type": "Feature", "properties": { "Name": "Nüdlingen", "Population": 3861, "POSTCODE": "97720" }, "geometry": { "type": "Point", "coordinates": [ 10.135557480000045, 50.21887306800005 ] } },
{ "type": "Feature", "properties": { "Name": "Germaringen", "Population": 3860, "POSTCODE": "87656" }, "geometry": { "type": "Point", "coordinates": [ 10.663896325000053, 47.929221555000026 ] } },
{ "type": "Feature", "properties": { "Name": "Bad Heilbrunn", "Population": 3855, "POSTCODE": "83670" }, "geometry": { "type": "Point", "coordinates": [ 11.450706835000062, 47.754663897000057 ] } },
{ "type": "Feature", "properties": { "Name": "Welden", "Population": 3849, "POSTCODE": "86465" }, "geometry": { "type": "Point", "coordinates": [ 10.653503504000071, 48.453834164000057 ] } },
{ "type": "Feature", "properties": { "Name": "Weiherhammer", "Population": 3849, "POSTCODE": "92729" }, "geometry": { "type": "Point", "coordinates": [ 11.99259042500006, 49.64245541300005 ] } },
{ "type": "Feature", "properties": { "Name": "Pressig", "Population": 3843, "POSTCODE": "96332" }, "geometry": { "type": "Point", "coordinates": [ 11.319728565000048, 50.363022945000068 ] } },
{ "type": "Feature", "properties": { "Name": "Gerolsbach", "Population": 3836, "POSTCODE": "85302" }, "geometry": { "type": "Point", "coordinates": [ 11.355709393000041, 48.48947718900007 ] } },
{ "type": "Feature", "properties": { "Name": "Mistelgau", "Population": 3832, "POSTCODE": "95490" }, "geometry": { "type": "Point", "coordinates": [ 11.419451985000023, 49.907078564000074 ] } },
{ "type": "Feature", "properties": { "Name": "Andechs", "Population": 3830, "POSTCODE": "82346" }, "geometry": { "type": "Point", "coordinates": [ 11.206596567000076, 47.968579104000071 ] } },
{ "type": "Feature", "properties": { "Name": "Wasserburg (Bodensee)", "Population": 3823, "POSTCODE": "88142" }, "geometry": { "type": "Point", "coordinates": [ 9.63941051200004, 47.577242713000032 ] } },
{ "type": "Feature", "properties": { "Name": "Kreuzwertheim", "Population": 3819, "POSTCODE": "97892" }, "geometry": { "type": "Point", "coordinates": [ 9.53257317200007, 49.786548402000051 ] } },
{ "type": "Feature", "properties": { "Name": "Windach", "Population": 3817, "POSTCODE": "86949" }, "geometry": { "type": "Point", "coordinates": [ 11.025025223000057, 48.059816138000031 ] } },
{ "type": "Feature", "properties": { "Name": "Loiching", "Population": 3814, "POSTCODE": "84180" }, "geometry": { "type": "Point", "coordinates": [ 12.428435450000052, 48.590666900000031 ] } },
{ "type": "Feature", "properties": { "Name": "Marklkofen", "Population": 3813, "POSTCODE": "84163" }, "geometry": { "type": "Point", "coordinates": [ 12.575257125000064, 48.552301532000058 ] } },
{ "type": "Feature", "properties": { "Name": "Tann", "Population": 3813, "POSTCODE": "84367" }, "geometry": { "type": "Point", "coordinates": [ 12.898735249000026, 48.320156774000054 ] } },
{ "type": "Feature", "properties": { "Name": "Ursensollen", "Population": 3809, "POSTCODE": "92289" }, "geometry": { "type": "Point", "coordinates": [ 11.801969726000038, 49.37486119700003 ] } },
{ "type": "Feature", "properties": { "Name": "Seßlach", "Population": 3809, "POSTCODE": "96145" }, "geometry": { "type": "Point", "coordinates": [ 10.810064995000062, 50.197830801000066 ] } },
{ "type": "Feature", "properties": { "Name": "Heßdorf", "Population": 3808, "POSTCODE": null }, "geometry": null },
{ "type": "Feature", "properties": { "Name": "Ebelsbach", "Population": 3802, "POSTCODE": "97500" }, "geometry": { "type": "Point", "coordinates": [ 10.659005450000052, 49.998584139000059 ] } },
{ "type": "Feature", "properties": { "Name": "Marktbreit", "Population": 3793, "POSTCODE": null }, "geometry": null },
{ "type": "Feature", "properties": { "Name": "Winzer", "Population": 3792, "POSTCODE": "94577" }, "geometry": { "type": "Point", "coordinates": [ 13.124068150000028, 48.702917412000033 ] } },
{ "type": "Feature", "properties": { "Name": "Weyarn", "Population": 3790, "POSTCODE": "83629" }, "geometry": { "type": "Point", "coordinates": [ 11.814947808000056, 47.858058269000026 ] } },
{ "type": "Feature", "properties": { "Name": "Nesselwang", "Population": 3789, "POSTCODE": "87484" }, "geometry": { "type": "Point", "coordinates": [ 10.504815, 47.619831740000052 ] } },
{ "type": "Feature", "properties": { "Name": "Lichtenau", "Population": 3784, "POSTCODE": "91586" }, "geometry": { "type": "Point", "coordinates": [ 10.704996847000075, 49.26552029000004 ] } },
{ "type": "Feature", "properties": { "Name": "Schondorf am Ammersee", "Population": 3776, "POSTCODE": "86938" }, "geometry": { "type": "Point", "coordinates": [ 11.095288279000044, 48.051053078000052 ] } },
{ "type": "Feature", "properties": { "Name": "Rimsting", "Population": 3775, "POSTCODE": "83253" }, "geometry": { "type": "Point", "coordinates": [ 12.328016500000047, 47.874911239000028 ] } },
{ "type": "Feature", "properties": { "Name": "Neudrossenfeld", "Population": 3774, "POSTCODE": "95512" }, "geometry": { "type": "Point", "coordinates": [ 11.497357954000051, 50.025240802000042 ] } },
{ "type": "Feature", "properties": { "Name": "Warngau", "Population": 3768, "POSTCODE": "83627" }, "geometry": { "type": "Point", "coordinates": [ 11.737906414000065, 47.817567729000075 ] } },
{ "type": "Feature", "properties": { "Name": "Döhlau", "Population": 3767, "POSTCODE": "95182" }, "geometry": { "type": "Point", "coordinates": [ 11.964573345000076, 50.28566251400008 ] } },
{ "type": "Feature", "properties": { "Name": "Üchtelhausen", "Population": 3762, "POSTCODE": "97532" }, "geometry": { "type": "Point", "coordinates": [ 10.283908441000051, 50.121724266000058 ] } },
{ "type": "Feature", "properties": { "Name": "Burgoberbach", "Population": 3754, "POSTCODE": "91595" }, "geometry": { "type": "Point", "coordinates": [ 10.586246603000063, 49.22267981400006 ] } },
{ "type": "Feature", "properties": { "Name": "Lauterhofen", "Population": 3742, "POSTCODE": "92283" }, "geometry": { "type": "Point", "coordinates": [ 11.565223081000056, 49.372774676000063 ] } },
{ "type": "Feature", "properties": { "Name": "Bergtheim", "Population": 3740, "POSTCODE": "97241" }, "geometry": { "type": "Point", "coordinates": [ 10.086744481000039, 49.898009509000076 ] } },
{ "type": "Feature", "properties": { "Name": "Amerang", "Population": 3739, "POSTCODE": "83552" }, "geometry": { "type": "Point", "coordinates": [ 12.310302734000061, 48.028503417000081 ] } },
{ "type": "Feature", "properties": { "Name": "Forstinning", "Population": 3737, "POSTCODE": "85661" }, "geometry": { "type": "Point", "coordinates": [ 11.905566574000034, 48.174769082000068 ] } },
{ "type": "Feature", "properties": { "Name": "Rohr", "Population": 3733, "POSTCODE": "91189" }, "geometry": { "type": "Point", "coordinates": [ 10.895627750000074, 49.332158021000055 ] } },
{ "type": "Feature", "properties": { "Name": "Diespeck", "Population": 3724, "POSTCODE": "91456" }, "geometry": { "type": "Point", "coordinates": [ 10.625618369000051, 49.598476786000049 ] } },
{ "type": "Feature", "properties": { "Name": "Sachsen b.Ansbach", "Population": 3720, "POSTCODE": "91623" }, "geometry": { "type": "Point", "coordinates": [ 10.654292461000068, 49.286078414000031 ] } },
{ "type": "Feature", "properties": { "Name": "Buttenheim", "Population": 3719, "POSTCODE": "96155" }, "geometry": { "type": "Point", "coordinates": [ 11.067482896000058, 49.823557659000073 ] } },
{ "type": "Feature", "properties": { "Name": "Icking", "Population": 3715, "POSTCODE": "82057" }, "geometry": { "type": "Point", "coordinates": [ 11.423844378000069, 47.947612695000032 ] } },
{ "type": "Feature", "properties": { "Name": "Heinersreuth", "Population": 3700, "POSTCODE": "95500" }, "geometry": { "type": "Point", "coordinates": [ 11.523368394000045, 49.979703380000046 ] } },
{ "type": "Feature", "properties": { "Name": "Wackersberg", "Population": 3700, "POSTCODE": "83646" }, "geometry": { "type": "Point", "coordinates": [ 11.533718320000048, 47.754491526000038 ] } },
{ "type": "Feature", "properties": { "Name": "Mettenheim", "Population": 3689, "POSTCODE": "67582" }, "geometry": { "type": "Point", "coordinates": [ 8.325204536000058, 49.740523548000056 ] } },
{ "type": "Feature", "properties": { "Name": "Forstern", "Population": 3683, "POSTCODE": "85659" }, "geometry": { "type": "Point", "coordinates": [ 11.973821995000037, 48.179966285000035 ] } },
{ "type": "Feature", "properties": { "Name": "Bissingen", "Population": 3682, "POSTCODE": "86657" }, "geometry": { "type": "Point", "coordinates": [ 10.579636234000077, 48.718784399000072 ] } },
{ "type": "Feature", "properties": { "Name": "Benediktbeuern", "Population": 3679, "POSTCODE": "83671" }, "geometry": { "type": "Point", "coordinates": [ 11.448267650000048, 47.678369458000077 ] } },
{ "type": "Feature", "properties": { "Name": "Schnaitsee", "Population": 3679, "POSTCODE": "83530" }, "geometry": { "type": "Point", "coordinates": [ 12.393909260000044, 48.078692342000068 ] } },
{ "type": "Feature", "properties": { "Name": "Ehekirchen", "Population": 3674, "POSTCODE": "86676" }, "geometry": { "type": "Point", "coordinates": [ 11.09837790000006, 48.631379589000062 ] } },
{ "type": "Feature", "properties": { "Name": "Schwarzach a.Main", "Population": 3665, "POSTCODE": "97359" }, "geometry": { "type": "Point", "coordinates": [ 10.239568100000042, 49.811164617000031 ] } },
{ "type": "Feature", "properties": { "Name": "Pürgen", "Population": 3659, "POSTCODE": "86932" }, "geometry": { "type": "Point", "coordinates": [ 10.917328128000065, 48.006522242000074 ] } },
{ "type": "Feature", "properties": { "Name": "Westendorf", "Population": 3647, "POSTCODE": "87679" }, "geometry": { "type": "Point", "coordinates": [ 10.707479265000075, 47.924636278000037 ] } },
{ "type": "Feature", "properties": { "Name": "Bodenmais", "Population": 3641, "POSTCODE": "94249" }, "geometry": { "type": "Point", "coordinates": [ 13.106645557000036, 49.07675736200008 ] } },
{ "type": "Feature", "properties": { "Name": "Neukirchen b.Hl.Blut", "Population": 3641, "POSTCODE": "93453" }, "geometry": { "type": "Point", "coordinates": [ 13.001060774000052, 49.25525779700007 ] } },
{ "type": "Feature", "properties": { "Name": "Weichs", "Population": 3641, "POSTCODE": "85258" }, "geometry": { "type": "Point", "coordinates": [ 11.415024266000046, 48.386968081000077 ] } },
{ "type": "Feature", "properties": { "Name": "Obernzell", "Population": 3638, "POSTCODE": "94130" }, "geometry": { "type": "Point", "coordinates": [ 13.614190965000034, 48.573263224000073 ] } },
{ "type": "Feature", "properties": { "Name": "Hebertsfelden", "Population": 3633, "POSTCODE": "84332" }, "geometry": { "type": "Point", "coordinates": [ 12.819404908000024, 48.427059410000027 ] } },
{ "type": "Feature", "properties": { "Name": "Unterwössen", "Population": 3633, "POSTCODE": "83246" }, "geometry": { "type": "Point", "coordinates": [ 12.471339268000065, 47.720051957000067 ] } },
{ "type": "Feature", "properties": { "Name": "Furth", "Population": 3630, "POSTCODE": "84095" }, "geometry": { "type": "Point", "coordinates": [ 12.019767113000057, 48.588118886000075 ] } },
{ "type": "Feature", "properties": { "Name": "Viereth-Trunstadt", "Population": 3625, "POSTCODE": "96191" }, "geometry": { "type": "Point", "coordinates": [ 10.755360860000053, 49.92288097900007 ] } },
{ "type": "Feature", "properties": { "Name": "Türkenfeld", "Population": 3619, "POSTCODE": "82299" }, "geometry": { "type": "Point", "coordinates": [ 11.093809610000051, 48.108386221000046 ] } },
{ "type": "Feature", "properties": { "Name": "Heiligenstadt i.OFr.", "Population": 3616, "POSTCODE": "91332" }, "geometry": { "type": "Point", "coordinates": [ 11.151209795000057, 49.874885153000037 ] } },
{ "type": "Feature", "properties": { "Name": "Kleinheubach", "Population": 3607, "POSTCODE": "63924" }, "geometry": { "type": "Point", "coordinates": [ 9.183825970000044, 49.718919627000048 ] } },
{ "type": "Feature", "properties": { "Name": "Hettstadt", "Population": 3597, "POSTCODE": "97265" }, "geometry": { "type": "Point", "coordinates": [ 9.814369322000061, 49.803515756000081 ] } },
{ "type": "Feature", "properties": { "Name": "Thalmassing", "Population": 3581, "POSTCODE": "93107" }, "geometry": { "type": "Point", "coordinates": [ 12.141119934000073, 48.907420430000059 ] } },
{ "type": "Feature", "properties": { "Name": "Farchant", "Population": 3571, "POSTCODE": "82490" }, "geometry": { "type": "Point", "coordinates": [ 11.107616710000059, 47.534646143000032 ] } },
{ "type": "Feature", "properties": { "Name": "Schnelldorf", "Population": 3567, "POSTCODE": "91625" }, "geometry": { "type": "Point", "coordinates": [ 10.185535079000033, 49.203155250000066 ] } },
{ "type": "Feature", "properties": { "Name": "Tegernsee", "Population": 3567, "POSTCODE": "83684" }, "geometry": { "type": "Point", "coordinates": [ 11.765884350000022, 47.711676543000067 ] } },
{ "type": "Feature", "properties": { "Name": "Grainau", "Population": 3564, "POSTCODE": "82491" }, "geometry": { "type": "Point", "coordinates": [ 11.00682177300007, 47.454624918000036 ] } },
{ "type": "Feature", "properties": { "Name": "Aiterhofen", "Population": 3563, "POSTCODE": "94330" }, "geometry": { "type": "Point", "coordinates": [ 12.628185829000074, 48.84177679700008 ] } },
{ "type": "Feature", "properties": { "Name": "Burtenbach", "Population": 3562, "POSTCODE": "89349" }, "geometry": { "type": "Point", "coordinates": [ 10.459708319000072, 48.346884036000063 ] } },
{ "type": "Feature", "properties": { "Name": "Hohenroth", "Population": 3562, "POSTCODE": null }, "geometry": null },
{ "type": "Feature", "properties": { "Name": "Palling", "Population": 3555, "POSTCODE": "83349" }, "geometry": { "type": "Point", "coordinates": [ 12.649123023000072, 48.006041594000067 ] } },
{ "type": "Feature", "properties": { "Name": "Sailauf", "Population": 3555, "POSTCODE": null }, "geometry": null },
{ "type": "Feature", "properties": { "Name": "Marktrodach", "Population": 3554, "POSTCODE": "96364" }, "geometry": { "type": "Point", "coordinates": [ 11.412603826000066, 50.245537320000039 ] } },
{ "type": "Feature", "properties": { "Name": "Dörfles-Esbach", "Population": 3549, "POSTCODE": "96487" }, "geometry": { "type": "Point", "coordinates": [ 10.999155190000067, 50.28700857900003 ] } },
{ "type": "Feature", "properties": { "Name": "Gundelsheim", "Population": 3549, "POSTCODE": "74832" }, "geometry": { "type": "Point", "coordinates": [ 9.194519043000071, 49.278503417000081 ] } },
{ "type": "Feature", "properties": { "Name": "Happurg", "Population": 3547, "POSTCODE": "91230" }, "geometry": { "type": "Point", "coordinates": [ 11.491307995000057, 49.465264756000067 ] } },
{ "type": "Feature", "properties": { "Name": "Königsberg i.Bay.", "Population": 3543, "POSTCODE": "97486" }, "geometry": { "type": "Point", "coordinates": [ 10.563445850000051, 50.089953610000066 ] } },
{ "type": "Feature", "properties": { "Name": "Hofkirchen", "Population": 3534, "POSTCODE": "94544" }, "geometry": { "type": "Point", "coordinates": [ 13.161949542000059, 48.687196393000079 ] } },
{ "type": "Feature", "properties": { "Name": "Laberweinting", "Population": 3531, "POSTCODE": "84082" }, "geometry": { "type": "Point", "coordinates": [ 12.315291566000042, 48.781439336000062 ] } },
{ "type": "Feature", "properties": { "Name": "Biberbach", "Population": 3513, "POSTCODE": "86485" }, "geometry": { "type": "Point", "coordinates": [ 10.785837948000051, 48.508952046000047 ] } },
{ "type": "Feature", "properties": { "Name": "Burgbernheim", "Population": 3512, "POSTCODE": "91593" }, "geometry": { "type": "Point", "coordinates": [ 10.316145665000022, 49.464517357000034 ] } },
{ "type": "Feature", "properties": { "Name": "Rudelzhausen", "Population": 3508, "POSTCODE": "84104" }, "geometry": { "type": "Point", "coordinates": [ 11.78335591900003, 48.587436542000034 ] } },
{ "type": "Feature", "properties": { "Name": "Rohr i.NB", "Population": 3507, "POSTCODE": "93352" }, "geometry": { "type": "Point", "coordinates": [ 11.968319334000057, 48.776879826000027 ] } },
{ "type": "Feature", "properties": { "Name": "Unterneukirchen", "Population": 3506, "POSTCODE": "84579" }, "geometry": { "type": "Point", "coordinates": [ 12.621548232000066, 48.167701855000075 ] } },
{ "type": "Feature", "properties": { "Name": "Floß", "Population": 3494, "POSTCODE": "92685" }, "geometry": { "type": "Point", "coordinates": [ 12.277808824000033, 49.725688770000033 ] } },
{ "type": "Feature", "properties": { "Name": "Meeder", "Population": 3493, "POSTCODE": "96484" }, "geometry": { "type": "Point", "coordinates": [ 10.894852013000047, 50.333720621000055 ] } },
{ "type": "Feature", "properties": { "Name": "Fürstenstein", "Population": 3492, "POSTCODE": "94538" }, "geometry": { "type": "Point", "coordinates": [ 13.323051169000053, 48.713072976000035 ] } },
{ "type": "Feature", "properties": { "Name": "Rettenbach", "Population": 3492, "POSTCODE": "93191" }, "geometry": { "type": "Point", "coordinates": [ 12.45693443600004, 49.063633120000077 ] } },
{ "type": "Feature", "properties": { "Name": "Schwindegg", "Population": 3490, "POSTCODE": null }, "geometry": null },
{ "type": "Feature", "properties": { "Name": "Straßkirchen", "Population": 3489, "POSTCODE": "94342" }, "geometry": { "type": "Point", "coordinates": [ 12.719810167000048, 48.836921007000058 ] } },
{ "type": "Feature", "properties": { "Name": "Heimenkirch", "Population": 3484, "POSTCODE": "88178" }, "geometry": { "type": "Point", "coordinates": [ 9.904156085000068, 47.63346105100004 ] } },
{ "type": "Feature", "properties": { "Name": "Ettringen", "Population": 3483, "POSTCODE": "86833" }, "geometry": { "type": "Point", "coordinates": [ 10.659591498000054, 48.125918916000046 ] } },
{ "type": "Feature", "properties": { "Name": "Goldkronach", "Population": 3451, "POSTCODE": "95497" }, "geometry": { "type": "Point", "coordinates": [ 11.703262350000045, 50.001231726000071 ] } },
{ "type": "Feature", "properties": { "Name": "Egenhofen", "Population": 3443, "POSTCODE": "82281" }, "geometry": { "type": "Point", "coordinates": [ 11.185123118000035, 48.260722663000081 ] } },
{ "type": "Feature", "properties": { "Name": "Redwitz a.d.Rodach", "Population": 3442, "POSTCODE": "96257" }, "geometry": { "type": "Point", "coordinates": [ 11.213253810000026, 50.179311889000076 ] } },
{ "type": "Feature", "properties": { "Name": "Pettendorf", "Population": 3438, "POSTCODE": "93186" }, "geometry": { "type": "Point", "coordinates": [ 12.010292401000072, 49.047095585000079 ] } },
{ "type": "Feature", "properties": { "Name": "Grafenrheinfeld", "Population": 3435, "POSTCODE": "97506" }, "geometry": { "type": "Point", "coordinates": [ 10.208155935000036, 49.99401169600003 ] } },
{ "type": "Feature", "properties": { "Name": "Wielenbach", "Population": 3425, "POSTCODE": "82407" }, "geometry": { "type": "Point", "coordinates": [ 11.18499541400007, 47.871112435000043 ] } },
{ "type": "Feature", "properties": { "Name": "Wasserlosen", "Population": 3425, "POSTCODE": "97535" }, "geometry": { "type": "Point", "coordinates": [ 10.024170406000053, 50.068043980000027 ] } },
{ "type": "Feature", "properties": { "Name": "Kreuth", "Population": 3421, "POSTCODE": "83708" }, "geometry": { "type": "Point", "coordinates": [ 11.729957543000069, 47.625133056000038 ] } },
{ "type": "Feature", "properties": { "Name": "Neuhaus a.Inn", "Population": 3419, "POSTCODE": "94152" }, "geometry": { "type": "Point", "coordinates": [ 13.411417864000043, 48.450025270000026 ] } },
{ "type": "Feature", "properties": { "Name": "Luhe-Wildenau", "Population": 3419, "POSTCODE": "92706" }, "geometry": { "type": "Point", "coordinates": [ 12.128518322000048, 49.584854251000081 ] } },
{ "type": "Feature", "properties": { "Name": "Falkenstein", "Population": 3398, "POSTCODE": "93167" }, "geometry": { "type": "Point", "coordinates": [ 12.484550627000033, 49.101517560000048 ] } },
{ "type": "Feature", "properties": { "Name": "Eisingen", "Population": 3395, "POSTCODE": "97249" }, "geometry": { "type": "Point", "coordinates": [ 9.826068422000048, 49.76021021300005 ] } },
{ "type": "Feature", "properties": { "Name": "Mamming", "Population": 3391, "POSTCODE": "94437" }, "geometry": { "type": "Point", "coordinates": [ 12.602488993000065, 48.642388090000054 ] } },
{ "type": "Feature", "properties": { "Name": "Wilhelmsthal", "Population": 3390, "POSTCODE": "96352" }, "geometry": { "type": "Point", "coordinates": [ 11.383360150000044, 50.318580336000082 ] } },
{ "type": "Feature", "properties": { "Name": "Steinach", "Population": 3390, "POSTCODE": "96523" }, "geometry": { "type": "Point", "coordinates": [ 11.161018102000071, 50.433564184000033 ] } },
{ "type": "Feature", "properties": { "Name": "Valley", "Population": 3385, "POSTCODE": "83626" }, "geometry": { "type": "Point", "coordinates": [ 11.763032507000048, 47.885868362000053 ] } },
{ "type": "Feature", "properties": { "Name": "Baierbrunn", "Population": 3376, "POSTCODE": "82065" }, "geometry": { "type": "Point", "coordinates": [ 11.484667300000069, 48.021687886000052 ] } },
{ "type": "Feature", "properties": { "Name": "Buchbach", "Population": 3371, "POSTCODE": "84428" }, "geometry": { "type": "Point", "coordinates": [ 12.27892410000004, 48.302913792000027 ] } },
{ "type": "Feature", "properties": { "Name": "Wurmannsquick", "Population": 3364, "POSTCODE": "84329" }, "geometry": { "type": "Point", "coordinates": [ 12.811923281000077, 48.355751189000046 ] } },
{ "type": "Feature", "properties": { "Name": "Poppenricht", "Population": 3360, "POSTCODE": "92284" }, "geometry": { "type": "Point", "coordinates": [ 11.814681306000068, 49.479274826000051 ] } },
{ "type": "Feature", "properties": { "Name": "Wallerstein", "Population": 3359, "POSTCODE": "86757" }, "geometry": { "type": "Point", "coordinates": [ 10.468353100000058, 48.884786714000029 ] } },
{ "type": "Feature", "properties": { "Name": "Halblech", "Population": 3357, "POSTCODE": "87642" }, "geometry": { "type": "Point", "coordinates": [ 10.847334275000037, 47.611243969000043 ] } },
{ "type": "Feature", "properties": { "Name": "Randersacker", "Population": 3353, "POSTCODE": "97236" }, "geometry": { "type": "Point", "coordinates": [ 10.00468305000004, 49.74560174700008 ] } },
{ "type": "Feature", "properties": { "Name": "Kötz", "Population": 3346, "POSTCODE": "89359" }, "geometry": { "type": "Point", "coordinates": [ 10.285957142000029, 48.406880305000072 ] } },
{ "type": "Feature", "properties": { "Name": "Kammeltal", "Population": 3345, "POSTCODE": "89358" }, "geometry": { "type": "Point", "coordinates": [ 10.367480513000032, 48.373362085000053 ] } },
{ "type": "Feature", "properties": { "Name": "Ostheim v.d.Rhön", "Population": 3344, "POSTCODE": "97645" }, "geometry": { "type": "Point", "coordinates": [ 10.213193, 50.457721999000057 ] } },
{ "type": "Feature", "properties": { "Name": "Kirchdorf a.d.Amper", "Population": 3344, "POSTCODE": "85414" }, "geometry": { "type": "Point", "coordinates": [ 11.662217831000021, 48.459108067000045 ] } },
{ "type": "Feature", "properties": { "Name": "Hilgertshausen-Tandern", "Population": 3342, "POSTCODE": "86567" }, "geometry": { "type": "Point", "coordinates": [ 11.327037439000037, 48.43207846200005 ] } },
{ "type": "Feature", "properties": { "Name": "Hohenlinden", "Population": 3339, "POSTCODE": null }, "geometry": null },
{ "type": "Feature", "properties": { "Name": "Kirchanschöring", "Population": 3338, "POSTCODE": "83417" }, "geometry": { "type": "Point", "coordinates": [ 12.821906505000072, 47.949348873000076 ] } },
{ "type": "Feature", "properties": { "Name": "Offenberg", "Population": 3334, "POSTCODE": "94560" }, "geometry": { "type": "Point", "coordinates": [ 12.87152229000003, 48.872074348000069 ] } },
{ "type": "Feature", "properties": { "Name": "Bischofsmais", "Population": 3331, "POSTCODE": "94253" }, "geometry": { "type": "Point", "coordinates": [ 13.072917400000051, 48.909959480000055 ] } },
{ "type": "Feature", "properties": { "Name": "Jandelsbrunn", "Population": 3329, "POSTCODE": "94118" }, "geometry": { "type": "Point", "coordinates": [ 13.687520545000041, 48.727986811000051 ] } },
{ "type": "Feature", "properties": { "Name": "Ohlstadt", "Population": 3323, "POSTCODE": "82441" }, "geometry": { "type": "Point", "coordinates": [ 11.239455818000067, 47.631740426000079 ] } },
{ "type": "Feature", "properties": { "Name": "Parkstetten", "Population": 3323, "POSTCODE": "94365" }, "geometry": { "type": "Point", "coordinates": [ 12.605102521000049, 48.92011589100008 ] } },
{ "type": "Feature", "properties": { "Name": "Eschlkam", "Population": 3314, "POSTCODE": "93458" }, "geometry": { "type": "Point", "coordinates": [ 12.937381540000047, 49.298116999000058 ] } },
{ "type": "Feature", "properties": { "Name": "Steinwiesen", "Population": 3297, "POSTCODE": "96349" }, "geometry": { "type": "Point", "coordinates": [ 11.460568900000055, 50.324831183000072 ] } },
{ "type": "Feature", "properties": { "Name": "Eiselfing", "Population": 3295, "POSTCODE": "83549" }, "geometry": { "type": "Point", "coordinates": [ 12.246689391000075, 48.032509655000069 ] } },
{ "type": "Feature", "properties": { "Name": "Schernfeld", "Population": 3291, "POSTCODE": "85132" }, "geometry": { "type": "Point", "coordinates": [ 11.106411899000022, 48.926071041000057 ] } },
{ "type": "Feature", "properties": { "Name": "Oberschneiding", "Population": 3290, "POSTCODE": "94363" }, "geometry": { "type": "Point", "coordinates": [ 12.662702850000073, 48.790214827000057 ] } },
{ "type": "Feature", "properties": { "Name": "Marzling", "Population": 3287, "POSTCODE": "85417" }, "geometry": { "type": "Point", "coordinates": [ 11.806429587000025, 48.405478917000039 ] } },
{ "type": "Feature", "properties": { "Name": "Wolframs-Eschenbach", "Population": 3282, "POSTCODE": "91639" }, "geometry": { "type": "Point", "coordinates": [ 10.733895308000058, 49.221986911000045 ] } },
{ "type": "Feature", "properties": { "Name": "Leinach", "Population": 3277, "POSTCODE": "97274" }, "geometry": { "type": "Point", "coordinates": [ 9.794868213000029, 49.852821606000077 ] } },
{ "type": "Feature", "properties": { "Name": "Kirchenthumbach", "Population": 3274, "POSTCODE": "91281" }, "geometry": { "type": "Point", "coordinates": [ 11.696876021000037, 49.759800058000053 ] } },
{ "type": "Feature", "properties": { "Name": "Tüßling", "Population": 3270, "POSTCODE": "84577" }, "geometry": { "type": "Point", "coordinates": [ 12.614406666000036, 48.206204289000027 ] } },
{ "type": "Feature", "properties": { "Name": "Hohenau", "Population": 3269, "POSTCODE": "94545" }, "geometry": { "type": "Point", "coordinates": [ 13.514151466000044, 48.858152929000028 ] } },
{ "type": "Feature", "properties": { "Name": "Surberg", "Population": 3265, "POSTCODE": "83359" }, "geometry": { "type": "Point", "coordinates": [ 12.70007324200003, 47.866699218000065 ] } },
{ "type": "Feature", "properties": { "Name": "Merching", "Population": 3263, "POSTCODE": "86504" }, "geometry": { "type": "Point", "coordinates": [ 10.983176700000058, 48.241312289000064 ] } },
{ "type": "Feature", "properties": { "Name": "Schwangau", "Population": 3263, "POSTCODE": "87645" }, "geometry": { "type": "Point", "coordinates": [ 10.76751248100004, 47.567220015000032 ] } },
{ "type": "Feature", "properties": { "Name": "Neuburg a.d.Kammel", "Population": 3260, "POSTCODE": "86476" }, "geometry": { "type": "Point", "coordinates": [ 10.379906900000037, 48.306688261000033 ] } },
{ "type": "Feature", "properties": { "Name": "Straßlach-Dingharting", "Population": 3258, "POSTCODE": "82064" }, "geometry": { "type": "Point", "coordinates": [ 11.502845925000031, 47.997131112000034 ] } },
{ "type": "Feature", "properties": { "Name": "Künzing", "Population": 3258, "POSTCODE": "94550" }, "geometry": { "type": "Point", "coordinates": [ 13.060079336000058, 48.652793430000031 ] } },
{ "type": "Feature", "properties": { "Name": "Rötz", "Population": 3256, "POSTCODE": "92444" }, "geometry": { "type": "Point", "coordinates": [ 12.530870937000032, 49.352454283000043 ] } },
{ "type": "Feature", "properties": { "Name": "Himmelkron", "Population": 3249, "POSTCODE": "95502" }, "geometry": { "type": "Point", "coordinates": [ 11.609414064000077, 50.057020583000053 ] } },
{ "type": "Feature", "properties": { "Name": "Aschau a.Inn", "Population": 3245, "POSTCODE": "84544" }, "geometry": { "type": "Point", "coordinates": [ 12.355493461000037, 48.19836560300007 ] } },
{ "type": "Feature", "properties": { "Name": "Legau", "Population": 3242, "POSTCODE": "87764" }, "geometry": { "type": "Point", "coordinates": [ 10.142700427000023, 47.856093244000078 ] } },
{ "type": "Feature", "properties": { "Name": "Bad Steben", "Population": 3240, "POSTCODE": "95138" }, "geometry": { "type": "Point", "coordinates": [ 11.636271689000068, 50.357992073000048 ] } },
{ "type": "Feature", "properties": { "Name": "Hunderdorf", "Population": 3238, "POSTCODE": "94336" }, "geometry": { "type": "Point", "coordinates": [ 12.73128168900007, 48.948077935000072 ] } },
{ "type": "Feature", "properties": { "Name": "Münchsmünster", "Population": 3235, "POSTCODE": "85126" }, "geometry": { "type": "Point", "coordinates": [ 11.677910300000065, 48.762846703000037 ] } },
{ "type": "Feature", "properties": { "Name": "Ried", "Population": 3234, "POSTCODE": "86510" }, "geometry": { "type": "Point", "coordinates": [ 11.07439908300006, 48.289829476000079 ] } },
{ "type": "Feature", "properties": { "Name": "Ursberg", "Population": 3233, "POSTCODE": "86513" }, "geometry": { "type": "Point", "coordinates": [ 10.442642814000067, 48.24690230300007 ] } },
{ "type": "Feature", "properties": { "Name": "Mauerstetten", "Population": 3229, "POSTCODE": "87665" }, "geometry": { "type": "Point", "coordinates": [ 10.671503714000039, 47.874126351000029 ] } },
{ "type": "Feature", "properties": { "Name": "Simmelsdorf", "Population": 3229, "POSTCODE": "91245" }, "geometry": { "type": "Point", "coordinates": [ 11.344361029000027, 49.621954965000043 ] } },
{ "type": "Feature", "properties": { "Name": "Irschenberg", "Population": 3226, "POSTCODE": "83737" }, "geometry": { "type": "Point", "coordinates": [ 11.897012215000075, 47.820441681000034 ] } },
{ "type": "Feature", "properties": { "Name": "Obermichelbach", "Population": 3217, "POSTCODE": null }, "geometry": null },
{ "type": "Feature", "properties": { "Name": "Wörth a.d.Isar", "Population": 3214, "POSTCODE": "84109" }, "geometry": { "type": "Point", "coordinates": [ 12.341842450000058, 48.624837070000069 ] } },
{ "type": "Feature", "properties": { "Name": "Gaißach", "Population": 3203, "POSTCODE": "83674" }, "geometry": { "type": "Point", "coordinates": [ 11.609762373000024, 47.716856710000059 ] } },
{ "type": "Feature", "properties": { "Name": "Stephansposching", "Population": 3189, "POSTCODE": "94569" }, "geometry": { "type": "Point", "coordinates": [ 12.829602600000044, 48.805623203000039 ] } },
{ "type": "Feature", "properties": { "Name": "Glattbach", "Population": 3186, "POSTCODE": "63864" }, "geometry": { "type": "Point", "coordinates": [ 9.144231911000077, 50.009584411000048 ] } },
{ "type": "Feature", "properties": { "Name": "Wehringen", "Population": 3183, "POSTCODE": "86517" }, "geometry": { "type": "Point", "coordinates": [ 10.804117179000059, 48.248972676000051 ] } },
{ "type": "Feature", "properties": { "Name": "Ziemetshausen", "Population": 3181, "POSTCODE": "86473" }, "geometry": { "type": "Point", "coordinates": [ 10.546214383000063, 48.284931830000062 ] } },
{ "type": "Feature", "properties": { "Name": "Alteglofsheim", "Population": 3171, "POSTCODE": "93087" }, "geometry": { "type": "Point", "coordinates": [ 12.205556657000045, 48.916978906000054 ] } },
{ "type": "Feature", "properties": { "Name": "Konradsreuth", "Population": 3161, "POSTCODE": "95176" }, "geometry": { "type": "Point", "coordinates": [ 11.838904398000068, 50.255499729000064 ] } },
{ "type": "Feature", "properties": { "Name": "Buckenhof", "Population": 3161, "POSTCODE": null }, "geometry": null },
{ "type": "Feature", "properties": { "Name": "Plößberg", "Population": 3159, "POSTCODE": "95703" }, "geometry": { "type": "Point", "coordinates": [ 12.288391750000073, 49.796889503000045 ] } },
{ "type": "Feature", "properties": { "Name": "Fischen i.Allgäu", "Population": 3156, "POSTCODE": null }, "geometry": null },
{ "type": "Feature", "properties": { "Name": "Seeshaupt", "Population": 3151, "POSTCODE": "82402" }, "geometry": { "type": "Point", "coordinates": [ 11.269171800000038, 47.82563514900005 ] } },
{ "type": "Feature", "properties": { "Name": "Königsdorf", "Population": 3148, "POSTCODE": "82549" }, "geometry": { "type": "Point", "coordinates": [ 11.466561754000054, 47.812547860000052 ] } },
{ "type": "Feature", "properties": { "Name": "Jetzendorf", "Population": 3144, "POSTCODE": "85305" }, "geometry": { "type": "Point", "coordinates": [ 11.40753767700005, 48.438435775000073 ] } },
{ "type": "Feature", "properties": { "Name": "Oberau", "Population": 3132, "POSTCODE": "82496" }, "geometry": { "type": "Point", "coordinates": [ 11.144065162000061, 47.559965969000075 ] } },
{ "type": "Feature", "properties": { "Name": "Unterpleichfeld", "Population": 3132, "POSTCODE": "97294" }, "geometry": { "type": "Point", "coordinates": [ 10.031612425000048, 49.876843870000073 ] } },
{ "type": "Feature", "properties": { "Name": "Weidhausen b.Coburg", "Population": 3128, "POSTCODE": "96279" }, "geometry": { "type": "Point", "coordinates": [ 11.126599575000057, 50.202153854000073 ] } },
{ "type": "Feature", "properties": { "Name": "Seukendorf", "Population": 3127, "POSTCODE": null }, "geometry": null },
{ "type": "Feature", "properties": { "Name": "Uehlfeld", "Population": 3125, "POSTCODE": "91486" }, "geometry": { "type": "Point", "coordinates": [ 10.704557150000028, 49.673662670000056 ] } },
{ "type": "Feature", "properties": { "Name": "Mauern", "Population": 3125, "POSTCODE": "85419" }, "geometry": { "type": "Point", "coordinates": [ 11.899122700000021, 48.517328297000063 ] } },
{ "type": "Feature", "properties": { "Name": "Babensham", "Population": 3122, "POSTCODE": "83547" }, "geometry": { "type": "Point", "coordinates": [ 12.302105750000067, 48.083192426000039 ] } },
{ "type": "Feature", "properties": { "Name": "Kirchenlamitz", "Population": 3122, "POSTCODE": "95158" }, "geometry": { "type": "Point", "coordinates": [ 11.950585063000062, 50.152589096000042 ] } },
{ "type": "Feature", "properties": { "Name": "Erkheim", "Population": 3121, "POSTCODE": "87746" }, "geometry": { "type": "Point", "coordinates": [ 10.345747804000041, 48.049955587000056 ] } },
{ "type": "Feature", "properties": { "Name": "Pfatter", "Population": 3119, "POSTCODE": "93102" }, "geometry": { "type": "Point", "coordinates": [ 12.409997550000071, 48.957330682000077 ] } },
{ "type": "Feature", "properties": { "Name": "Margetshöchheim", "Population": 3113, "POSTCODE": "97276" }, "geometry": { "type": "Point", "coordinates": [ 9.850972095000031, 49.83629058300005 ] } },
{ "type": "Feature", "properties": { "Name": "Rinchnach", "Population": 3111, "POSTCODE": "94269" }, "geometry": { "type": "Point", "coordinates": [ 13.210450450000053, 48.951230291000059 ] } },
{ "type": "Feature", "properties": { "Name": "Aurachtal", "Population": 3105, "POSTCODE": "91086" }, "geometry": { "type": "Point", "coordinates": [ 10.822358700000052, 49.571149581000043 ] } },
{ "type": "Feature", "properties": { "Name": "Aurach", "Population": 3104, "POSTCODE": "91589" }, "geometry": { "type": "Point", "coordinates": [ 10.396348567000075, 49.240063243000066 ] } },
{ "type": "Feature", "properties": { "Name": "Schmidgaden", "Population": 3103, "POSTCODE": "92546" }, "geometry": { "type": "Point", "coordinates": [ 12.069556408000039, 49.449221459000057 ] } },
{ "type": "Feature", "properties": { "Name": "Ehingen", "Population": 3103, "POSTCODE": "86678" }, "geometry": { "type": "Point", "coordinates": [ 10.792302351000046, 48.590348470000038 ] } },
{ "type": "Feature", "properties": { "Name": "Lehrberg", "Population": 3102, "POSTCODE": "91611" }, "geometry": { "type": "Point", "coordinates": [ 10.49650070000007, 49.35075743200008 ] } },
{ "type": "Feature", "properties": { "Name": "Pommersfelden", "Population": 3102, "POSTCODE": "96178" }, "geometry": { "type": "Point", "coordinates": [ 10.816349560000049, 49.773256394000043 ] } },
{ "type": "Feature", "properties": { "Name": "Merkendorf", "Population": 3099, "POSTCODE": "91732" }, "geometry": { "type": "Point", "coordinates": [ 10.688595900000053, 49.194125107000048 ] } },
{ "type": "Feature", "properties": { "Name": "Aystetten", "Population": 3095, "POSTCODE": "86482" }, "geometry": { "type": "Point", "coordinates": [ 10.766618806000054, 48.407181329000082 ] } },
{ "type": "Feature", "properties": { "Name": "Eibelstadt", "Population": 3091, "POSTCODE": "97246" }, "geometry": { "type": "Point", "coordinates": [ 10.012076262000051, 49.724343589000057 ] } },
{ "type": "Feature", "properties": { "Name": "Maroldsweisach", "Population": 3088, "POSTCODE": "96126" }, "geometry": { "type": "Point", "coordinates": [ 10.679693483000051, 50.192873299000041 ] } },
{ "type": "Feature", "properties": { "Name": "Schönwald", "Population": 3076, "POSTCODE": "95173" }, "geometry": { "type": "Point", "coordinates": [ 12.083646256000065, 50.201304596000057 ] } },
{ "type": "Feature", "properties": { "Name": "Vogtareuth", "Population": 3072, "POSTCODE": "83569" }, "geometry": { "type": "Point", "coordinates": [ 12.176438296000072, 47.931498224000052 ] } },
{ "type": "Feature", "properties": { "Name": "Uffing a.Staffelsee", "Population": 3069, "POSTCODE": "82449" }, "geometry": { "type": "Point", "coordinates": [ 11.107776639000065, 47.708677305000037 ] } },
{ "type": "Feature", "properties": { "Name": "Ludwigsstadt", "Population": 3068, "POSTCODE": "96337" }, "geometry": { "type": "Point", "coordinates": [ 11.374047620000056, 50.482440556000029 ] } },
{ "type": "Feature", "properties": { "Name": "Ruderting", "Population": 3063, "POSTCODE": "94161" }, "geometry": { "type": "Point", "coordinates": [ 13.40806703800007, 48.660445457000037 ] } },
{ "type": "Feature", "properties": { "Name": "Seeg", "Population": 3061, "POSTCODE": "87637" }, "geometry": { "type": "Point", "coordinates": [ 10.612082286000032, 47.64518466100003 ] } },
{ "type": "Feature", "properties": { "Name": "Sand a.Main", "Population": 3060, "POSTCODE": "97522" }, "geometry": { "type": "Point", "coordinates": [ 10.590361734000055, 49.978328867000073 ] } },
{ "type": "Feature", "properties": { "Name": "Aresing", "Population": 3059, "POSTCODE": "86561" }, "geometry": { "type": "Point", "coordinates": [ 11.294565638000051, 48.523534651000034 ] } },
{ "type": "Feature", "properties": { "Name": "Burgberg i.Allgäu", "Population": 3057, "POSTCODE": "87545" }, "geometry": { "type": "Point", "coordinates": [ 10.301422100000025, 47.542991200000074 ] } },
{ "type": "Feature", "properties": { "Name": "Eitting", "Population": 3057, "POSTCODE": "85462" }, "geometry": { "type": "Point", "coordinates": [ 11.870719810000026, 48.378433892000032 ] } },
{ "type": "Feature", "properties": { "Name": "Pollenfeld", "Population": 3056, "POSTCODE": "85131" }, "geometry": { "type": "Point", "coordinates": [ 11.208275400000048, 48.938590089000058 ] } },
{ "type": "Feature", "properties": { "Name": "Tussenhausen", "Population": 3056, "POSTCODE": "86874" }, "geometry": { "type": "Point", "coordinates": [ 10.555875485000058, 48.106276057000059 ] } },
{ "type": "Feature", "properties": { "Name": "Kammerstein", "Population": 3050, "POSTCODE": null }, "geometry": null },
{ "type": "Feature", "properties": { "Name": "Steinbach a.Wald", "Population": 3047, "POSTCODE": "96361" }, "geometry": { "type": "Point", "coordinates": [ 11.329650767000032, 50.429015758000048 ] } },
{ "type": "Feature", "properties": { "Name": "Langensendelbach", "Population": 3043, "POSTCODE": "91094" }, "geometry": { "type": "Point", "coordinates": [ 11.058074650000037, 49.645562164000069 ] } },
{ "type": "Feature", "properties": { "Name": "Altendorf", "Population": 3042, "POSTCODE": "92540" }, "geometry": { "type": "Point", "coordinates": [ 12.287536179000028, 49.418980718000057 ] } },
{ "type": "Feature", "properties": { "Name": "Prichsenstadt", "Population": 3032, "POSTCODE": "97357" }, "geometry": { "type": "Point", "coordinates": [ 10.333741275000023, 49.83810866400006 ] } },
{ "type": "Feature", "properties": { "Name": "Schorndorf", "Population": 3031, "POSTCODE": "93489" }, "geometry": { "type": "Point", "coordinates": [ 12.596061569000028, 49.167521129000079 ] } },
{ "type": "Feature", "properties": { "Name": "Marquartstein", "Population": 3030, "POSTCODE": "83250" }, "geometry": { "type": "Point", "coordinates": [ 12.451417797000033, 47.757729107000046 ] } },
{ "type": "Feature", "properties": { "Name": "Hepberg", "Population": 3020, "POSTCODE": "85120" }, "geometry": { "type": "Point", "coordinates": [ 11.460486771000035, 48.827910115000066 ] } },
{ "type": "Feature", "properties": { "Name": "Hitzhofen", "Population": 3017, "POSTCODE": "85122" }, "geometry": { "type": "Point", "coordinates": [ 11.315882065000039, 48.874640129000056 ] } },
{ "type": "Feature", "properties": { "Name": "Adelschlag", "Population": 3016, "POSTCODE": "85111" }, "geometry": { "type": "Point", "coordinates": [ 11.190961450000032, 48.833675759000073 ] } },
{ "type": "Feature", "properties": { "Name": "Bayerisch Gmain", "Population": 3014, "POSTCODE": "83457" }, "geometry": { "type": "Point", "coordinates": [ 12.902223658000025, 47.710034887000063 ] } },
{ "type": "Feature", "properties": { "Name": "Eußenheim", "Population": 3014, "POSTCODE": "97776" }, "geometry": { "type": "Point", "coordinates": [ 9.843575050000027, 50.01180572800007 ] } },
{ "type": "Feature", "properties": { "Name": "Klosterlechfeld", "Population": 3008, "POSTCODE": null }, "geometry": null },
{ "type": "Feature", "properties": { "Name": "Bärnau", "Population": 3007, "POSTCODE": "95671" }, "geometry": { "type": "Point", "coordinates": [ 12.411947431000044, 49.809876278000047 ] } },
{ "type": "Feature", "properties": { "Name": "Aidenbach", "Population": 3005, "POSTCODE": null }, "geometry": null },
{ "type": "Feature", "properties": { "Name": "Teisnach", "Population": 3000, "POSTCODE": null }, "geometry": null },
{ "type": "Feature", "properties": { "Name": "Eitensheim", "Population": 2999, "POSTCODE": "85117" }, "geometry": { "type": "Point", "coordinates": [ 11.315008656000032, 48.826290336000056 ] } },
{ "type": "Feature", "properties": { "Name": "Neukirchen vorm Wald", "Population": 2996, "POSTCODE": "94154" }, "geometry": { "type": "Point", "coordinates": [ 13.399776050000071, 48.687282121000067 ] } },
{ "type": "Feature", "properties": { "Name": "Kalchreuth", "Population": 2994, "POSTCODE": null }, "geometry": null },
{ "type": "Feature", "properties": { "Name": "Marktleugast", "Population": 2993, "POSTCODE": "95352" }, "geometry": { "type": "Point", "coordinates": [ 11.63698686500004, 50.170007131000034 ] } },
{ "type": "Feature", "properties": { "Name": "Frasdorf", "Population": 2993, "POSTCODE": "83112" }, "geometry": { "type": "Point", "coordinates": [ 12.282413548000022, 47.79761817800005 ] } },
{ "type": "Feature", "properties": { "Name": "Waischenfeld", "Population": 2989, "POSTCODE": "91344" }, "geometry": { "type": "Point", "coordinates": [ 11.328520652000066, 49.845995939000034 ] } },
{ "type": "Feature", "properties": { "Name": "Dietersburg", "Population": 2985, "POSTCODE": "84378" }, "geometry": { "type": "Point", "coordinates": [ 12.952323650000039, 48.495929489000048 ] } },
{ "type": "Feature", "properties": { "Name": "Stadtsteinach", "Population": 2983, "POSTCODE": "95346" }, "geometry": { "type": "Point", "coordinates": [ 11.515229642000065, 50.177511203000051 ] } },
{ "type": "Feature", "properties": { "Name": "Weihenzell", "Population": 2980, "POSTCODE": "91629" }, "geometry": { "type": "Point", "coordinates": [ 10.621111590000055, 49.358272773000067 ] } },
{ "type": "Feature", "properties": { "Name": "Bodolz", "Population": 2962, "POSTCODE": null }, "geometry": null },
{ "type": "Feature", "properties": { "Name": "Memmingerberg", "Population": 2957, "POSTCODE": "87766" }, "geometry": { "type": "Point", "coordinates": [ 10.223259017000032, 47.991310877000046 ] } },
{ "type": "Feature", "properties": { "Name": "Neuenmarkt", "Population": 2957, "POSTCODE": "95339" }, "geometry": { "type": "Point", "coordinates": [ 11.587717200000043, 50.093951608000054 ] } },
{ "type": "Feature", "properties": { "Name": "Steingaden", "Population": 2953, "POSTCODE": "86989" }, "geometry": { "type": "Point", "coordinates": [ 10.86736860700006, 47.708226158000059 ] } },
{ "type": "Feature", "properties": { "Name": "Horgau", "Population": 2953, "POSTCODE": "86497" }, "geometry": { "type": "Point", "coordinates": [ 10.688762950000068, 48.393274199000075 ] } },
{ "type": "Feature", "properties": { "Name": "Berglern", "Population": 2945, "POSTCODE": "85459" }, "geometry": { "type": "Point", "coordinates": [ 11.921077273000037, 48.391881419000072 ] } },
{ "type": "Feature", "properties": { "Name": "Sankt Oswald-Riedlhütte", "Population": 2944, "POSTCODE": "94566" }, "geometry": { "type": "Point", "coordinates": [ 13.38379025100005, 48.907088349000048 ] } },
{ "type": "Feature", "properties": { "Name": "Soyen", "Population": 2943, "POSTCODE": "83564" }, "geometry": { "type": "Point", "coordinates": [ 12.214729642000066, 48.104491038000049 ] } },
{ "type": "Feature", "properties": { "Name": "Schwarzach", "Population": 2940, "POSTCODE": "74869" }, "geometry": { "type": "Point", "coordinates": [ 8.980577494000045, 49.384596614000031 ] } },
{ "type": "Feature", "properties": { "Name": "Prutting", "Population": 2934, "POSTCODE": "83134" }, "geometry": { "type": "Point", "coordinates": [ 12.188488600000028, 47.889833352000039 ] } },
{ "type": "Feature", "properties": { "Name": "Sigmarszell", "Population": 2931, "POSTCODE": null }, "geometry": null },
{ "type": "Feature", "properties": { "Name": "Niederwinkling", "Population": 2930, "POSTCODE": "94559" }, "geometry": { "type": "Point", "coordinates": [ 12.79293563300007, 48.873325616000045 ] } },
{ "type": "Feature", "properties": { "Name": "Flintsbach a.Inn", "Population": 2929, "POSTCODE": "83126" }, "geometry": { "type": "Point", "coordinates": [ 12.134673200000066, 47.718714876000035 ] } },
{ "type": "Feature", "properties": { "Name": "Roßbach", "Population": 2920, "POSTCODE": "94439" }, "geometry": { "type": "Point", "coordinates": [ 12.928339277000077, 48.581834880000031 ] } },
{ "type": "Feature", "properties": { "Name": "Waldbrunn", "Population": 2909, "POSTCODE": "69429" }, "geometry": { "type": "Point", "coordinates": [ 9.078883244000053, 49.455499952000082 ] } },
{ "type": "Feature", "properties": { "Name": "Euerbach", "Population": 2899, "POSTCODE": "97502" }, "geometry": { "type": "Point", "coordinates": [ 10.098475547000021, 50.068456795000031 ] } },
{ "type": "Feature", "properties": { "Name": "Schopfloch", "Population": 2890, "POSTCODE": "72296" }, "geometry": { "type": "Point", "coordinates": [ 8.547975173000054, 48.458270007000067 ] } },
{ "type": "Feature", "properties": { "Name": "Langenpreising", "Population": 2887, "POSTCODE": "85465" }, "geometry": { "type": "Point", "coordinates": [ 11.967694713000071, 48.426186910000069 ] } },
{ "type": "Feature", "properties": { "Name": "Weiding", "Population": 2885, "POSTCODE": "93495" }, "geometry": { "type": "Point", "coordinates": [ 12.751932349000072, 49.267739448000043 ] } },
{ "type": "Feature", "properties": { "Name": "Huglfing", "Population": 2882, "POSTCODE": null }, "geometry": null },
{ "type": "Feature", "properties": { "Name": "Denklingen", "Population": 2881, "POSTCODE": "86920" }, "geometry": { "type": "Point", "coordinates": [ 10.840170116000024, 47.888478336000048 ] } },
{ "type": "Feature", "properties": { "Name": "Kirchweidach", "Population": 2881, "POSTCODE": "84558" }, "geometry": { "type": "Point", "coordinates": [ 12.65456542000004, 48.081724014000031 ] } },
{ "type": "Feature", "properties": { "Name": "Bad Weißenstadt", "Population": 2880, "POSTCODE": null }, "geometry": null },
{ "type": "Feature", "properties": { "Name": "Dollnstein", "Population": 2878, "POSTCODE": "91795" }, "geometry": { "type": "Point", "coordinates": [ 11.090900269000031, 48.870670805000032 ] } },
{ "type": "Feature", "properties": { "Name": "Betzigau", "Population": 2877, "POSTCODE": "87488" }, "geometry": { "type": "Point", "coordinates": [ 10.418005806000053, 47.72671424400005 ] } },
{ "type": "Feature", "properties": { "Name": "Wildflecken", "Population": 2876, "POSTCODE": "97772" }, "geometry": { "type": "Point", "coordinates": [ 9.855805027000031, 50.365951389000031 ] } },
{ "type": "Feature", "properties": { "Name": "Bad Kohlgrub", "Population": 2875, "POSTCODE": "82433" }, "geometry": { "type": "Point", "coordinates": [ 11.073915038000052, 47.664445525000076 ] } },
{ "type": "Feature", "properties": { "Name": "Perlesreut", "Population": 2863, "POSTCODE": "94157" }, "geometry": { "type": "Point", "coordinates": [ 13.443094600000052, 48.773024760000055 ] } },
{ "type": "Feature", "properties": { "Name": "Pilsach", "Population": 2860, "POSTCODE": "92367" }, "geometry": { "type": "Point", "coordinates": [ 11.541414211000074, 49.327636806000044 ] } },
{ "type": "Feature", "properties": { "Name": "Sulzemoos", "Population": 2859, "POSTCODE": "85254" }, "geometry": { "type": "Point", "coordinates": [ 11.260656700000027, 48.280497479000076 ] } },
{ "type": "Feature", "properties": { "Name": "Köfering", "Population": 2847, "POSTCODE": "93096" }, "geometry": { "type": "Point", "coordinates": [ 12.182278847000077, 48.939616870000066 ] } },
{ "type": "Feature", "properties": { "Name": "Eggstätt", "Population": 2846, "POSTCODE": "83125" }, "geometry": { "type": "Point", "coordinates": [ 12.385203251000064, 47.933209098000077 ] } },
{ "type": "Feature", "properties": { "Name": "Elfershausen", "Population": 2827, "POSTCODE": "97725" }, "geometry": { "type": "Point", "coordinates": [ 9.974508100000037, 50.129433170000027 ] } },
{ "type": "Feature", "properties": { "Name": "Mantel", "Population": 2827, "POSTCODE": null }, "geometry": null },
{ "type": "Feature", "properties": { "Name": "Haundorf", "Population": 2825, "POSTCODE": "91729" }, "geometry": { "type": "Point", "coordinates": [ 10.794391429000029, 49.165040171000044 ] } },
{ "type": "Feature", "properties": { "Name": "Griesstätt", "Population": 2823, "POSTCODE": "83556" }, "geometry": { "type": "Point", "coordinates": [ 12.189798819000032, 47.989988605000065 ] } },
{ "type": "Feature", "properties": { "Name": "Heldenstein", "Population": 2821, "POSTCODE": null }, "geometry": null },
{ "type": "Feature", "properties": { "Name": "Marktleuthen", "Population": 2820, "POSTCODE": "95168" }, "geometry": { "type": "Point", "coordinates": [ 12.017808511000055, 50.122736 ] } },
{ "type": "Feature", "properties": { "Name": "Pastetten", "Population": 2818, "POSTCODE": "85669" }, "geometry": { "type": "Point", "coordinates": [ 11.94121771500005, 48.207084501000054 ] } },
{ "type": "Feature", "properties": { "Name": "Marktl", "Population": 2812, "POSTCODE": null }, "geometry": null },
{ "type": "Feature", "properties": { "Name": "Kallmünz", "Population": 2810, "POSTCODE": null }, "geometry": null },
{ "type": "Feature", "properties": { "Name": "Adelshofen", "Population": 2801, "POSTCODE": "91587" }, "geometry": { "type": "Point", "coordinates": [ 10.149123685000063, 49.45159162200008 ] } },
{ "type": "Feature", "properties": { "Name": "Samerberg", "Population": 2798, "POSTCODE": "83122" }, "geometry": { "type": "Point", "coordinates": [ 12.215026662000071, 47.761337500000081 ] } },
{ "type": "Feature", "properties": { "Name": "Mitwitz", "Population": 2797, "POSTCODE": "96268" }, "geometry": { "type": "Point", "coordinates": [ 11.226266703000022, 50.250654506000046 ] } },
{ "type": "Feature", "properties": { "Name": "Neuching", "Population": 2789, "POSTCODE": "85467" }, "geometry": { "type": "Point", "coordinates": [ 11.833683781000047, 48.243890076000071 ] } },
{ "type": "Feature", "properties": { "Name": "Vilgertshofen", "Population": 2788, "POSTCODE": "86946" }, "geometry": { "type": "Point", "coordinates": [ 10.916824365000025, 47.958518683000079 ] } },
{ "type": "Feature", "properties": { "Name": "Unterthingau", "Population": 2786, "POSTCODE": "87647" }, "geometry": { "type": "Point", "coordinates": [ 10.49142289200006, 47.764474757000073 ] } },
{ "type": "Feature", "properties": { "Name": "Schillingsfürst", "Population": 2770, "POSTCODE": null }, "geometry": null },
{ "type": "Feature", "properties": { "Name": "Kirchham", "Population": 2763, "POSTCODE": "94148" }, "geometry": { "type": "Point", "coordinates": [ 13.25263338600007, 48.345713647000025 ] } },
{ "type": "Feature", "properties": { "Name": "Attenkirchen", "Population": 2760, "POSTCODE": null }, "geometry": null },
{ "type": "Feature", "properties": { "Name": "Mitterfels", "Population": 2760, "POSTCODE": "94360" }, "geometry": { "type": "Point", "coordinates": [ 12.668315044000053, 48.969106632000035 ] } },
{ "type": "Feature", "properties": { "Name": "Prackenbach", "Population": 2759, "POSTCODE": "94267" }, "geometry": { "type": "Point", "coordinates": [ 12.821587286000067, 49.102125584000078 ] } },
{ "type": "Feature", "properties": { "Name": "Inchenhofen", "Population": 2754, "POSTCODE": "86570" }, "geometry": { "type": "Point", "coordinates": [ 11.10278390600007, 48.523090835000062 ] } },
{ "type": "Feature", "properties": { "Name": "Wertach", "Population": 2749, "POSTCODE": "87497" }, "geometry": { "type": "Point", "coordinates": [ 10.41191933500005, 47.584049579000066 ] } },
{ "type": "Feature", "properties": { "Name": "Rauhenebrach", "Population": 2744, "POSTCODE": "96181" }, "geometry": { "type": "Point", "coordinates": [ 10.559578290000047, 49.897156394000035 ] } },
{ "type": "Feature", "properties": { "Name": "Iffeldorf", "Population": 2743, "POSTCODE": "82393" }, "geometry": { "type": "Point", "coordinates": [ 11.323030087000063, 47.786885878000078 ] } },
{ "type": "Feature", "properties": { "Name": "Salching", "Population": 2742, "POSTCODE": null }, "geometry": null },
{ "type": "Feature", "properties": { "Name": "Lengdorf", "Population": 2742, "POSTCODE": "84435" }, "geometry": { "type": "Point", "coordinates": [ 12.04672187400007, 48.260573629000078 ] } },
{ "type": "Feature", "properties": { "Name": "Sontheim", "Population": 2739, "POSTCODE": "87776" }, "geometry": { "type": "Point", "coordinates": [ 10.365193550000072, 48.003758442000048 ] } },
{ "type": "Feature", "properties": { "Name": "Rimbach", "Population": 2737, "POSTCODE": "64668" }, "geometry": { "type": "Point", "coordinates": [ 8.766123679000032, 49.619486056000028 ] } },
{ "type": "Feature", "properties": { "Name": "Halfing", "Population": 2734, "POSTCODE": "83128" }, "geometry": { "type": "Point", "coordinates": [ 12.267465233000053, 47.952361674000031 ] } },
{ "type": "Feature", "properties": { "Name": "Kollnburg", "Population": 2734, "POSTCODE": "94262" }, "geometry": { "type": "Point", "coordinates": [ 12.876722447000077, 49.034126085000025 ] } },
{ "type": "Feature", "properties": { "Name": "Lechbruck am See", "Population": 2731, "POSTCODE": "86983" }, "geometry": { "type": "Point", "coordinates": [ 10.783554007000021, 47.691957520000074 ] } },
{ "type": "Feature", "properties": { "Name": "Vilsheim", "Population": 2729, "POSTCODE": "84186" }, "geometry": { "type": "Point", "coordinates": [ 12.120141199000045, 48.448126632000026 ] } },
{ "type": "Feature", "properties": { "Name": "Kutzenhausen", "Population": 2726, "POSTCODE": "86500" }, "geometry": { "type": "Point", "coordinates": [ 10.692465183000024, 48.355935833000046 ] } },
{ "type": "Feature", "properties": { "Name": "Obertaufkirchen", "Population": 2723, "POSTCODE": "84419" }, "geometry": { "type": "Point", "coordinates": [ 12.265397820000032, 48.250739524000039 ] } },
{ "type": "Feature", "properties": { "Name": "Titting", "Population": 2718, "POSTCODE": "85135" }, "geometry": { "type": "Point", "coordinates": [ 11.21757287500003, 49.000870645000077 ] } },
{ "type": "Feature", "properties": { "Name": "Reischach", "Population": 2718, "POSTCODE": "84571" }, "geometry": { "type": "Point", "coordinates": [ 12.714258894000068, 48.294645566000042 ] } },
{ "type": "Feature", "properties": { "Name": "Haag a.d.Amper", "Population": 2716, "POSTCODE": "85410" }, "geometry": { "type": "Point", "coordinates": [ 11.835346454000046, 48.470194648000074 ] } },
{ "type": "Feature", "properties": { "Name": "Wellheim", "Population": 2716, "POSTCODE": "91809" }, "geometry": { "type": "Point", "coordinates": [ 11.099658749000071, 48.818959947000053 ] } },
{ "type": "Feature", "properties": { "Name": "Weißensberg", "Population": 2712, "POSTCODE": "88138" }, "geometry": { "type": "Point", "coordinates": [ 9.739184025000043, 47.58656891000004 ] } },
{ "type": "Feature", "properties": { "Name": "Theres", "Population": 2710, "POSTCODE": "97531" }, "geometry": { "type": "Point", "coordinates": [ 10.424626575000048, 50.028654026000027 ] } },
{ "type": "Feature", "properties": { "Name": "Grafling", "Population": 2707, "POSTCODE": "94539" }, "geometry": { "type": "Point", "coordinates": [ 12.986447971000075, 48.909017043000063 ] } },
{ "type": "Feature", "properties": { "Name": "Feilitzsch", "Population": 2702, "POSTCODE": "95183" }, "geometry": { "type": "Point", "coordinates": [ 11.912992597000027, 50.381064458000026 ] } },
{ "type": "Feature", "properties": { "Name": "Burghaslach", "Population": 2702, "POSTCODE": "96152" }, "geometry": { "type": "Point", "coordinates": [ 10.566107400000021, 49.737470796000082 ] } },
{ "type": "Feature", "properties": { "Name": "Eslarn", "Population": 2702, "POSTCODE": "92693" }, "geometry": { "type": "Point", "coordinates": [ 12.524923169000033, 49.579418434000047 ] } },
{ "type": "Feature", "properties": { "Name": "Weißenbrunn", "Population": 2698, "POSTCODE": "96369" }, "geometry": { "type": "Point", "coordinates": [ 11.354168184000059, 50.19073916900004 ] } },
{ "type": "Feature", "properties": { "Name": "Hohenkammer", "Population": 2697, "POSTCODE": "85411" }, "geometry": { "type": "Point", "coordinates": [ 11.533504063000066, 48.425817632000076 ] } },
{ "type": "Feature", "properties": { "Name": "Niederviehbach", "Population": 2691, "POSTCODE": "84183" }, "geometry": { "type": "Point", "coordinates": [ 12.383135563000053, 48.602035381000064 ] } },
{ "type": "Feature", "properties": { "Name": "Partenstein", "Population": 2689, "POSTCODE": "97846" }, "geometry": { "type": "Point", "coordinates": [ 9.520213480000052, 50.048003454000082 ] } },
{ "type": "Feature", "properties": { "Name": "Waigolshausen", "Population": 2686, "POSTCODE": "97534" }, "geometry": { "type": "Point", "coordinates": [ 10.141205572000047, 49.955905424000036 ] } },
{ "type": "Feature", "properties": { "Name": "Möttingen", "Population": 2683, "POSTCODE": "86753" }, "geometry": { "type": "Point", "coordinates": [ 10.581867900000077, 48.816863793000039 ] } },
{ "type": "Feature", "properties": { "Name": "Roggenburg", "Population": 2679, "POSTCODE": "89297" }, "geometry": { "type": "Point", "coordinates": [ 10.248306721000063, 48.280215595000072 ] } },
{ "type": "Feature", "properties": { "Name": "Neuhaus a.d.Pegnitz", "Population": 2676, "POSTCODE": "91284" }, "geometry": { "type": "Point", "coordinates": [ 11.573651650000045, 49.627504842000064 ] } },
{ "type": "Feature", "properties": { "Name": "Söchtenau", "Population": 2672, "POSTCODE": "83139" }, "geometry": { "type": "Point", "coordinates": [ 12.230620061000025, 47.919417269000064 ] } },
{ "type": "Feature", "properties": { "Name": "Rehling", "Population": 2672, "POSTCODE": "86508" }, "geometry": { "type": "Point", "coordinates": [ 10.917441901000075, 48.484570546000043 ] } },
{ "type": "Feature", "properties": { "Name": "Pfaffenhausen", "Population": 2659, "POSTCODE": "87772" }, "geometry": { "type": "Point", "coordinates": [ 10.444756832000053, 48.122748652000041 ] } },
{ "type": "Feature", "properties": { "Name": "Oberndorf a.Lech", "Population": 2659, "POSTCODE": "86698" }, "geometry": { "type": "Point", "coordinates": [ 10.860738363000053, 48.667479551000042 ] } },
{ "type": "Feature", "properties": { "Name": "Frauenau", "Population": 2659, "POSTCODE": "94258" }, "geometry": { "type": "Point", "coordinates": [ 13.323729950000029, 48.987020305000044 ] } },
{ "type": "Feature", "properties": { "Name": "Berngau", "Population": 2654, "POSTCODE": "92361" }, "geometry": { "type": "Point", "coordinates": [ 11.385303857000054, 49.251245290000043 ] } },
{ "type": "Feature", "properties": { "Name": "Thüngersheim", "Population": 2649, "POSTCODE": "97291" }, "geometry": { "type": "Point", "coordinates": [ 9.856895730000076, 49.876464862000034 ] } },
{ "type": "Feature", "properties": { "Name": "Oberelsbach", "Population": 2647, "POSTCODE": "97656" }, "geometry": { "type": "Point", "coordinates": [ 10.077637540000069, 50.438350356000058 ] } },
{ "type": "Feature", "properties": { "Name": "Wiesent", "Population": 2647, "POSTCODE": null }, "geometry": null },
{ "type": "Feature", "properties": { "Name": "Walsdorf", "Population": 2639, "POSTCODE": "96194" }, "geometry": { "type": "Point", "coordinates": [ 10.772939200000053, 49.870244525000032 ] } },
{ "type": "Feature", "properties": { "Name": "Geiselwind", "Population": 2633, "POSTCODE": "96160" }, "geometry": { "type": "Point", "coordinates": [ 10.487509050000028, 49.76501698800007 ] } },
{ "type": "Feature", "properties": { "Name": "Kist", "Population": 2632, "POSTCODE": null }, "geometry": null },
{ "type": "Feature", "properties": { "Name": "Prittriching", "Population": 2630, "POSTCODE": "86931" }, "geometry": { "type": "Point", "coordinates": [ 10.925545555000042, 48.200442942000052 ] } },
{ "type": "Feature", "properties": { "Name": "Gottfrieding", "Population": 2629, "POSTCODE": "84177" }, "geometry": { "type": "Point", "coordinates": [ 12.53545919000004, 48.629130496000073 ] } },
{ "type": "Feature", "properties": { "Name": "Gachenbach", "Population": 2627, "POSTCODE": "86565" }, "geometry": { "type": "Point", "coordinates": [ 11.249543990000063, 48.503945465000072 ] } },
{ "type": "Feature", "properties": { "Name": "Adelsried", "Population": 2610, "POSTCODE": "86477" }, "geometry": { "type": "Point", "coordinates": [ 10.718322735000072, 48.42545675000008 ] } },
{ "type": "Feature", "properties": { "Name": "Jengen", "Population": 2606, "POSTCODE": "86860" }, "geometry": { "type": "Point", "coordinates": [ 10.703146550000042, 47.99477504500004 ] } },
{ "type": "Feature", "properties": { "Name": "Nordendorf", "Population": 2599, "POSTCODE": null }, "geometry": null },
{ "type": "Feature", "properties": { "Name": "Geroldsgrün", "Population": 2596, "POSTCODE": null }, "geometry": null },
{ "type": "Feature", "properties": { "Name": "Marxheim", "Population": 2591, "POSTCODE": "86688" }, "geometry": { "type": "Point", "coordinates": [ 10.945670414000062, 48.760595547000037 ] } },
{ "type": "Feature", "properties": { "Name": "Lam", "Population": 2586, "POSTCODE": "93462" }, "geometry": { "type": "Point", "coordinates": [ 13.036066700000049, 49.192971580000062 ] } },
{ "type": "Feature", "properties": { "Name": "Wildpoldsried", "Population": 2583, "POSTCODE": "87499" }, "geometry": { "type": "Point", "coordinates": [ 10.415336456000034, 47.775746085000037 ] } },
{ "type": "Feature", "properties": { "Name": "Lupburg", "Population": 2582, "POSTCODE": null }, "geometry": null },
{ "type": "Feature", "properties": { "Name": "Wolfersdorf", "Population": 2575, "POSTCODE": "85395" }, "geometry": { "type": "Point", "coordinates": [ 11.724689713000032, 48.497076932000027 ] } },
{ "type": "Feature", "properties": { "Name": "Thurmansbang", "Population": 2570, "POSTCODE": "94169" }, "geometry": { "type": "Point", "coordinates": [ 13.300278331000072, 48.769332478000081 ] } },
{ "type": "Feature", "properties": { "Name": "Haiming", "Population": 2567, "POSTCODE": "84533" }, "geometry": { "type": "Point", "coordinates": [ 12.853926780000052, 48.238485223000055 ] } },
{ "type": "Feature", "properties": { "Name": "Grub a.Forst", "Population": 2565, "POSTCODE": "96271" }, "geometry": { "type": "Point", "coordinates": [ 11.023963848000051, 50.231970515000057 ] } },
{ "type": "Feature", "properties": { "Name": "Nußdorf a.Inn", "Population": 2562, "POSTCODE": "83131" }, "geometry": { "type": "Point", "coordinates": [ 12.180171400000063, 47.723221739000053 ] } },
{ "type": "Feature", "properties": { "Name": "Altfraunhofen", "Population": 2559, "POSTCODE": "84169" }, "geometry": { "type": "Point", "coordinates": [ 12.189626455000052, 48.445977441000082 ] } },
{ "type": "Feature", "properties": { "Name": "Großheirath", "Population": 2554, "POSTCODE": "96269" }, "geometry": { "type": "Point", "coordinates": [ 10.897681950000049, 50.186369078000041 ] } },
{ "type": "Feature", "properties": { "Name": "Kinding", "Population": 2549, "POSTCODE": "85125" }, "geometry": { "type": "Point", "coordinates": [ 11.382432305000066, 49.002030891000061 ] } },
{ "type": "Feature", "properties": { "Name": "Faulbach", "Population": 2548, "POSTCODE": "97906" }, "geometry": { "type": "Point", "coordinates": [ 9.450576940000076, 49.793766835000042 ] } },
{ "type": "Feature", "properties": { "Name": "Helmstadt", "Population": 2547, "POSTCODE": "97264" }, "geometry": { "type": "Point", "coordinates": [ 9.70514180400005, 49.757668182000032 ] } },
{ "type": "Feature", "properties": { "Name": "Wittislingen", "Population": 2546, "POSTCODE": null }, "geometry": null },
{ "type": "Feature", "properties": { "Name": "Freihung", "Population": 2545, "POSTCODE": "92271" }, "geometry": { "type": "Point", "coordinates": [ 11.885090625000032, 49.602490428000067 ] } },
{ "type": "Feature", "properties": { "Name": "Pähl", "Population": 2542, "POSTCODE": "82396" }, "geometry": { "type": "Point", "coordinates": [ 11.170333721000077, 47.922148547000063 ] } },
{ "type": "Feature", "properties": { "Name": "Wiesenttal", "Population": 2539, "POSTCODE": "91346" }, "geometry": { "type": "Point", "coordinates": [ 11.249244379000061, 49.818148073000032 ] } },
{ "type": "Feature", "properties": { "Name": "Gerhardshofen", "Population": 2534, "POSTCODE": "91466" }, "geometry": { "type": "Point", "coordinates": [ 10.710230703000036, 49.616266277000079 ] } },
{ "type": "Feature", "properties": { "Name": "Dürrwangen", "Population": 2534, "POSTCODE": "91602" }, "geometry": { "type": "Point", "coordinates": [ 10.383453350000025, 49.097645457000056 ] } },
{ "type": "Feature", "properties": { "Name": "Igling", "Population": 2531, "POSTCODE": "86859" }, "geometry": { "type": "Point", "coordinates": [ 10.806623540000032, 48.066172205000044 ] } },
{ "type": "Feature", "properties": { "Name": "Geldersheim", "Population": 2524, "POSTCODE": "97505" }, "geometry": { "type": "Point", "coordinates": [ 10.162824875000069, 50.044398405000038 ] } },
{ "type": "Feature", "properties": { "Name": "Hausen b.Würzburg", "Population": 2520, "POSTCODE": "97262" }, "geometry": { "type": "Point", "coordinates": [ 10.025772906000043, 49.925898309000047 ] } },
{ "type": "Feature", "properties": { "Name": "Neukirchen b.Sulzbach-Rosenberg", "Population": 2514, "POSTCODE": "92259" }, "geometry": { "type": "Point", "coordinates": [ 11.648364785000069, 49.532274714000039 ] } },
{ "type": "Feature", "properties": { "Name": "Kirchheim i.Schw.", "Population": 2501, "POSTCODE": "87757" }, "geometry": { "type": "Point", "coordinates": [ 10.461894845000074, 48.181582331000072 ] } },
{ "type": "Feature", "properties": { "Name": "Mönchberg", "Population": 2500, "POSTCODE": "63933" }, "geometry": { "type": "Point", "coordinates": [ 9.234702850000076, 49.790431848000026 ] } },
{ "type": "Feature", "properties": { "Name": "Chamerau", "Population": 2498, "POSTCODE": "93466" }, "geometry": { "type": "Point", "coordinates": [ 12.743338600000072, 49.189820361000045 ] } },
{ "type": "Feature", "properties": { "Name": "Betzenstein", "Population": 2491, "POSTCODE": "91282" }, "geometry": { "type": "Point", "coordinates": [ 11.415487776000077, 49.672678065000071 ] } },
{ "type": "Feature", "properties": { "Name": "Kemmern", "Population": 2489, "POSTCODE": "96164" }, "geometry": { "type": "Point", "coordinates": [ 10.866983811000068, 49.956899708000037 ] } },
{ "type": "Feature", "properties": { "Name": "Heidenheim", "Population": 2487, "POSTCODE": "91719" }, "geometry": { "type": "Point", "coordinates": [ 10.744242679000024, 48.995751391000056 ] } },
{ "type": "Feature", "properties": { "Name": "Engelsberg", "Population": 2485, "POSTCODE": "84549" }, "geometry": { "type": "Point", "coordinates": [ 12.521967262000032, 48.125839970000072 ] } },
{ "type": "Feature", "properties": { "Name": "Hollenbach", "Population": 2484, "POSTCODE": "86568" }, "geometry": { "type": "Point", "coordinates": [ 11.061005028000068, 48.486685101000035 ] } },
{ "type": "Feature", "properties": { "Name": "Eichenbühl", "Population": 2481, "POSTCODE": "63928" }, "geometry": { "type": "Point", "coordinates": [ 9.389940750000051, 49.66105667100004 ] } },
{ "type": "Feature", "properties": { "Name": "Weidenbach", "Population": 2479, "POSTCODE": "91746" }, "geometry": { "type": "Point", "coordinates": [ 10.63023118600006, 49.210816650000027 ] } },
{ "type": "Feature", "properties": { "Name": "Wang", "Population": 2475, "POSTCODE": null }, "geometry": null },
{ "type": "Feature", "properties": { "Name": "Aicha vorm Wald", "Population": 2474, "POSTCODE": "94529" }, "geometry": { "type": "Point", "coordinates": [ 13.309763073000056, 48.681597328000066 ] } },
{ "type": "Feature", "properties": { "Name": "Moosbach", "Population": 2473, "POSTCODE": "92709" }, "geometry": { "type": "Point", "coordinates": [ 12.42467896900007, 49.573325374000035 ] } },
{ "type": "Feature", "properties": { "Name": "Collenberg", "Population": 2472, "POSTCODE": "97903" }, "geometry": { "type": "Point", "coordinates": [ 9.329356965000045, 49.785862355000063 ] } },
{ "type": "Feature", "properties": { "Name": "Gaukönigshofen", "Population": 2471, "POSTCODE": "97253" }, "geometry": { "type": "Point", "coordinates": [ 10.001005752000026, 49.627094709000062 ] } },
{ "type": "Feature", "properties": { "Name": "Oberpframmern", "Population": 2467, "POSTCODE": "85667" }, "geometry": { "type": "Point", "coordinates": [ 11.81397365600003, 48.032203935000041 ] } },
{ "type": "Feature", "properties": { "Name": "Hummeltal", "Population": 2462, "POSTCODE": "95503" }, "geometry": { "type": "Point", "coordinates": [ 11.491135576000033, 49.846184132000076 ] } },
{ "type": "Feature", "properties": { "Name": "Obernzenn", "Population": 2462, "POSTCODE": "91619" }, "geometry": { "type": "Point", "coordinates": [ 10.488729264000028, 49.450021344000049 ] } },
{ "type": "Feature", "properties": { "Name": "Haarbach", "Population": 2456, "POSTCODE": "94542" }, "geometry": { "type": "Point", "coordinates": [ 13.144848439000043, 48.502529232000029 ] } },
{ "type": "Feature", "properties": { "Name": "Pleiskirchen", "Population": 2454, "POSTCODE": "84568" }, "geometry": { "type": "Point", "coordinates": [ 12.628819847000045, 48.316912967000064 ] } },
{ "type": "Feature", "properties": { "Name": "Flachslanden", "Population": 2452, "POSTCODE": "91604" }, "geometry": { "type": "Point", "coordinates": [ 10.519894039000064, 49.404712846000052 ] } },
{ "type": "Feature", "properties": { "Name": "Hergatz", "Population": 2448, "POSTCODE": null }, "geometry": null },
{ "type": "Feature", "properties": { "Name": "Grainet", "Population": 2445, "POSTCODE": "94143" }, "geometry": { "type": "Point", "coordinates": [ 13.665870663000021, 48.798564398000053 ] } },
{ "type": "Feature", "properties": { "Name": "Egling a.d.Paar", "Population": 2444, "POSTCODE": "86492" }, "geometry": { "type": "Point", "coordinates": [ 10.989319487000046, 48.185554160000038 ] } },
{ "type": "Feature", "properties": { "Name": "Effeltrich", "Population": 2443, "POSTCODE": "91090" }, "geometry": { "type": "Point", "coordinates": [ 11.10589710000005, 49.659295053000051 ] } },
{ "type": "Feature", "properties": { "Name": "Hinterschmiding", "Population": 2442, "POSTCODE": "94146" }, "geometry": { "type": "Point", "coordinates": [ 13.629374245000065, 48.839981819000059 ] } },
{ "type": "Feature", "properties": { "Name": "Muhr a.See", "Population": 2441, "POSTCODE": "91735" }, "geometry": { "type": "Point", "coordinates": [ 10.719075780000026, 49.16059677700008 ] } },
{ "type": "Feature", "properties": { "Name": "Bernbeuren", "Population": 2433, "POSTCODE": "86975" }, "geometry": { "type": "Point", "coordinates": [ 10.767819704000033, 47.729712412000026 ] } },
{ "type": "Feature", "properties": { "Name": "Wallenfels", "Population": 2432, "POSTCODE": "96346" }, "geometry": { "type": "Point", "coordinates": [ 11.499634295000021, 50.277818828000079 ] } },
{ "type": "Feature", "properties": { "Name": "Kasendorf", "Population": 2432, "POSTCODE": "95359" }, "geometry": { "type": "Point", "coordinates": [ 11.345419684000035, 50.040288885000052 ] } },
{ "type": "Feature", "properties": { "Name": "Seehausen a.Staffelsee", "Population": 2422, "POSTCODE": null }, "geometry": null },
{ "type": "Feature", "properties": { "Name": "Bernried am Starnberger See", "Population": 2420, "POSTCODE": "82347" }, "geometry": { "type": "Point", "coordinates": [ 11.284976461000042, 47.866827921000038 ] } },
{ "type": "Feature", "properties": { "Name": "Postmünster", "Population": 2419, "POSTCODE": "84389" }, "geometry": { "type": "Point", "coordinates": [ 12.889282526000045, 48.42764814700007 ] } },
{ "type": "Feature", "properties": { "Name": "Weichering", "Population": 2418, "POSTCODE": "86706" }, "geometry": { "type": "Point", "coordinates": [ 11.328971774000024, 48.709437383000079 ] } },
{ "type": "Feature", "properties": { "Name": "Weihmichl", "Population": 2416, "POSTCODE": "84107" }, "geometry": { "type": "Point", "coordinates": [ 12.020820284000024, 48.619193237000047 ] } },
{ "type": "Feature", "properties": { "Name": "Großenseebach", "Population": 2414, "POSTCODE": "91091" }, "geometry": { "type": "Point", "coordinates": [ 10.875784872000054, 49.624544148000041 ] } },
{ "type": "Feature", "properties": { "Name": "Ebermannsdorf", "Population": 2404, "POSTCODE": "92263" }, "geometry": { "type": "Point", "coordinates": [ 12.02796012500005, 49.374794250000036 ] } },
{ "type": "Feature", "properties": { "Name": "Pforzen", "Population": 2404, "POSTCODE": "87666" }, "geometry": { "type": "Point", "coordinates": [ 10.605127571000025, 47.936166755000045 ] } },
{ "type": "Feature", "properties": { "Name": "Erlenbach b.Marktheidenfeld", "Population": 2396, "POSTCODE": "97837" }, "geometry": { "type": "Point", "coordinates": [ 9.643186867000054, 49.822615860000042 ] } },
{ "type": "Feature", "properties": { "Name": "Fensterbach", "Population": 2390, "POSTCODE": "92269" }, "geometry": { "type": "Point", "coordinates": [ 12.039615119000075, 49.406471561000046 ] } },
{ "type": "Feature", "properties": { "Name": "Reichenschwand", "Population": 2389, "POSTCODE": "91244" }, "geometry": { "type": "Point", "coordinates": [ 11.374210973000061, 49.519257048000043 ] } },
{ "type": "Feature", "properties": { "Name": "Reichersbeuern", "Population": 2384, "POSTCODE": "83677" }, "geometry": { "type": "Point", "coordinates": [ 11.624512738000021, 47.761120902000073 ] } },
{ "type": "Feature", "properties": { "Name": "Moos", "Population": 2383, "POSTCODE": "94554" }, "geometry": { "type": "Point", "coordinates": [ 12.966537006000067, 48.760016503000031 ] } },
{ "type": "Feature", "properties": { "Name": "Parkstein", "Population": 2379, "POSTCODE": "92711" }, "geometry": { "type": "Point", "coordinates": [ 12.057322699000053, 49.733653729000082 ] } },
{ "type": "Feature", "properties": { "Name": "Aholming", "Population": 2378, "POSTCODE": "94527" }, "geometry": { "type": "Point", "coordinates": [ 12.89623756900005, 48.736517555000034 ] } },
{ "type": "Feature", "properties": { "Name": "Drachselsried", "Population": 2375, "POSTCODE": "94256" }, "geometry": { "type": "Point", "coordinates": [ 13.034345520000045, 49.102785647000076 ] } },
{ "type": "Feature", "properties": { "Name": "Waal", "Population": 2372, "POSTCODE": "86875" }, "geometry": { "type": "Point", "coordinates": [ 10.787490667000043, 47.988520827000059 ] } },
{ "type": "Feature", "properties": { "Name": "Pleystein", "Population": 2368, "POSTCODE": "92714" }, "geometry": { "type": "Point", "coordinates": [ 12.421267165000074, 49.648817641000051 ] } },
{ "type": "Feature", "properties": { "Name": "Boos", "Population": 2365, "POSTCODE": "87737" }, "geometry": { "type": "Point", "coordinates": [ 10.207332776000044, 48.085863577000055 ] } },
{ "type": "Feature", "properties": { "Name": "Raisting", "Population": 2365, "POSTCODE": "82399" }, "geometry": { "type": "Point", "coordinates": [ 11.105947516000072, 47.904462937000062 ] } },
{ "type": "Feature", "properties": { "Name": "Stammbach", "Population": 2363, "POSTCODE": "95236" }, "geometry": { "type": "Point", "coordinates": [ 11.701123927000026, 50.14743670200005 ] } },
{ "type": "Feature", "properties": { "Name": "Mehring", "Population": 2361, "POSTCODE": "84561" }, "geometry": { "type": "Point", "coordinates": [ 12.79093130800004, 48.184780975000081 ] } },
{ "type": "Feature", "properties": { "Name": "Pretzfeld", "Population": 2359, "POSTCODE": "91362" }, "geometry": { "type": "Point", "coordinates": [ 11.201371290000054, 49.74224021200007 ] } },
{ "type": "Feature", "properties": { "Name": "Nassenfels", "Population": 2348, "POSTCODE": "85128" }, "geometry": { "type": "Point", "coordinates": [ 11.244869700000038, 48.804153665000058 ] } },
{ "type": "Feature", "properties": { "Name": "Nußdorf", "Population": 2340, "POSTCODE": "83365" }, "geometry": { "type": "Point", "coordinates": [ 12.594461178000074, 47.91070703500003 ] } },
{ "type": "Feature", "properties": { "Name": "Köditz", "Population": 2339, "POSTCODE": "95189" }, "geometry": { "type": "Point", "coordinates": [ 11.812757850000025, 50.333179759000075 ] } },
{ "type": "Feature", "properties": { "Name": "Opfenbach", "Population": 2337, "POSTCODE": "88145" }, "geometry": { "type": "Point", "coordinates": [ 9.848814891000075, 47.64356743500008 ] } },
{ "type": "Feature", "properties": { "Name": "Bichl", "Population": 2329, "POSTCODE": "83673" }, "geometry": { "type": "Point", "coordinates": [ 11.456136375000028, 47.710969663000071 ] } },
{ "type": "Feature", "properties": { "Name": "Sandberg", "Population": 2329, "POSTCODE": "97657" }, "geometry": { "type": "Point", "coordinates": [ 10.037855500000035, 50.334742628000072 ] } },
{ "type": "Feature", "properties": { "Name": "Pfaffenhofen a.d.Glonn", "Population": 2328, "POSTCODE": null }, "geometry": null },
{ "type": "Feature", "properties": { "Name": "Sugenheim", "Population": 2328, "POSTCODE": "91484" }, "geometry": { "type": "Point", "coordinates": [ 10.412266543000044, 49.607371526000065 ] } },
{ "type": "Feature", "properties": { "Name": "Dentlein a.Forst", "Population": 2325, "POSTCODE": "91599" }, "geometry": { "type": "Point", "coordinates": [ 10.422074246000022, 49.143995403000076 ] } },
{ "type": "Feature", "properties": { "Name": "Johanniskirchen", "Population": 2324, "POSTCODE": "84381" }, "geometry": { "type": "Point", "coordinates": [ 12.96199239200007, 48.544149183000059 ] } },
{ "type": "Feature", "properties": { "Name": "Schmidmühlen", "Population": 2322, "POSTCODE": "92287" }, "geometry": { "type": "Point", "coordinates": [ 11.898257700000045, 49.288503700000035 ] } },
{ "type": "Feature", "properties": { "Name": "Walting", "Population": 2317, "POSTCODE": "85137" }, "geometry": { "type": "Point", "coordinates": [ 11.308513600000026, 48.927168453000036 ] } },
{ "type": "Feature", "properties": { "Name": "Itzgrund", "Population": 2315, "POSTCODE": "96274" }, "geometry": { "type": "Point", "coordinates": [ 10.893936748000044, 50.135251964000076 ] } },
{ "type": "Feature", "properties": { "Name": "Arrach", "Population": 2314, "POSTCODE": "93474" }, "geometry": { "type": "Point", "coordinates": [ 12.99383745800003, 49.193129010000064 ] } },
{ "type": "Feature", "properties": { "Name": "Walderbach", "Population": 2311, "POSTCODE": "93194" }, "geometry": { "type": "Point", "coordinates": [ 12.391164571000047, 49.198089432000074 ] } },
{ "type": "Feature", "properties": { "Name": "Theilheim", "Population": 2310, "POSTCODE": "97288" }, "geometry": { "type": "Point", "coordinates": [ 10.033110769000075, 49.759577796000031 ] } },
{ "type": "Feature", "properties": { "Name": "Burgsinn", "Population": 2307, "POSTCODE": "97775" }, "geometry": { "type": "Point", "coordinates": [ 9.645956273000024, 50.148010428000077 ] } },
{ "type": "Feature", "properties": { "Name": "Waidhofen", "Population": 2294, "POSTCODE": "86579" }, "geometry": { "type": "Point", "coordinates": [ 11.319335100000046, 48.580490698000062 ] } },
{ "type": "Feature", "properties": { "Name": "Wachenroth", "Population": 2289, "POSTCODE": "96193" }, "geometry": { "type": "Point", "coordinates": [ 10.713563253000075, 49.747349868000072 ] } },
{ "type": "Feature", "properties": { "Name": "Bachhagel", "Population": 2289, "POSTCODE": "89429" }, "geometry": { "type": "Point", "coordinates": [ 10.335020194000037, 48.63466830200008 ] } },
{ "type": "Feature", "properties": { "Name": "Julbach", "Population": 2288, "POSTCODE": "84387" }, "geometry": { "type": "Point", "coordinates": [ 12.949912925000035, 48.25642059200004 ] } },
{ "type": "Feature", "properties": { "Name": "Hohenfels", "Population": 2288, "POSTCODE": "92366" }, "geometry": { "type": "Point", "coordinates": [ 11.851387173000035, 49.225872350000031 ] } },
{ "type": "Feature", "properties": { "Name": "Salz", "Population": 2287, "POSTCODE": null }, "geometry": null },
{ "type": "Feature", "properties": { "Name": "Egmating", "Population": 2286, "POSTCODE": "85658" }, "geometry": { "type": "Point", "coordinates": [ 11.802489254000022, 47.994813001000068 ] } },
{ "type": "Feature", "properties": { "Name": "Miltach", "Population": 2283, "POSTCODE": "93468" }, "geometry": { "type": "Point", "coordinates": [ 12.774625919000073, 49.14574355600007 ] } },
{ "type": "Feature", "properties": { "Name": "Neubrunn", "Population": 2275, "POSTCODE": "97277" }, "geometry": { "type": "Point", "coordinates": [ 9.664537845000041, 49.722236920000057 ] } },
{ "type": "Feature", "properties": { "Name": "Kirchdorf", "Population": 2273, "POSTCODE": "27245" }, "geometry": { "type": "Point", "coordinates": [ 8.81609540900007, 52.581986160000042 ] } },
{ "type": "Feature", "properties": { "Name": "Roßhaupten", "Population": 2272, "POSTCODE": "87672" }, "geometry": { "type": "Point", "coordinates": [ 10.706336590000035, 47.662666563000073 ] } },
{ "type": "Feature", "properties": { "Name": "Schönsee", "Population": 2269, "POSTCODE": "92539" }, "geometry": { "type": "Point", "coordinates": [ 12.556619750000038, 49.518621421000034 ] } },
{ "type": "Feature", "properties": { "Name": "Egglham", "Population": 2262, "POSTCODE": "84385" }, "geometry": { "type": "Point", "coordinates": [ 13.057759277000059, 48.520649215000049 ] } },
{ "type": "Feature", "properties": { "Name": "Lindberg", "Population": 2259, "POSTCODE": "94227" }, "geometry": { "type": "Point", "coordinates": [ 13.284682350000026, 49.066027699000074 ] } },
{ "type": "Feature", "properties": { "Name": "Westerheim", "Population": 2256, "POSTCODE": "72589" }, "geometry": { "type": "Point", "coordinates": [ 9.615818989000047, 48.515253761000054 ] } },
{ "type": "Feature", "properties": { "Name": "Painten", "Population": 2252, "POSTCODE": "93351" }, "geometry": { "type": "Point", "coordinates": [ 11.835517051000068, 48.995558156000072 ] } },
{ "type": "Feature", "properties": { "Name": "Dirlewang", "Population": 2251, "POSTCODE": "87742" }, "geometry": { "type": "Point", "coordinates": [ 10.497364525000023, 47.996447045000082 ] } },
{ "type": "Feature", "properties": { "Name": "Petting", "Population": 2250, "POSTCODE": "83367" }, "geometry": { "type": "Point", "coordinates": [ 12.822101279000037, 47.90378809200007 ] } },
{ "type": "Feature", "properties": { "Name": "Unterdietfurt", "Population": 2249, "POSTCODE": "84339" }, "geometry": { "type": "Point", "coordinates": [ 12.674111004000054, 48.389664464000077 ] } },
{ "type": "Feature", "properties": { "Name": "Sünching", "Population": 2249, "POSTCODE": null }, "geometry": null },
{ "type": "Feature", "properties": { "Name": "Stamsried", "Population": 2243, "POSTCODE": "93491" }, "geometry": { "type": "Point", "coordinates": [ 12.52354832900005, 49.274129548000076 ] } },
{ "type": "Feature", "properties": { "Name": "Kulmain", "Population": 2242, "POSTCODE": "95508" }, "geometry": { "type": "Point", "coordinates": [ 11.90973367600003, 49.914411557000051 ] } },
{ "type": "Feature", "properties": { "Name": "Pettstadt", "Population": 2238, "POSTCODE": "96175" }, "geometry": { "type": "Point", "coordinates": [ 10.928473544000042, 49.83093490300007 ] } },
{ "type": "Feature", "properties": { "Name": "Wessobrunn", "Population": 2237, "POSTCODE": "82405" }, "geometry": { "type": "Point", "coordinates": [ 11.023764778000043, 47.862830691000056 ] } },
{ "type": "Feature", "properties": { "Name": "Langenaltheim", "Population": 2236, "POSTCODE": "91799" }, "geometry": { "type": "Point", "coordinates": [ 10.916123888000072, 48.894700598000043 ] } },
{ "type": "Feature", "properties": { "Name": "Lamerdingen", "Population": 2235, "POSTCODE": "86862" }, "geometry": { "type": "Point", "coordinates": [ 10.730264825000063, 48.076512302000026 ] } },
{ "type": "Feature", "properties": { "Name": "Runding", "Population": 2234, "POSTCODE": "93486" }, "geometry": { "type": "Point", "coordinates": [ 12.756927004000033, 49.222225312000035 ] } },
{ "type": "Feature", "properties": { "Name": "Arberg", "Population": 2233, "POSTCODE": null }, "geometry": null },
{ "type": "Feature", "properties": { "Name": "Mainbernheim", "Population": 2230, "POSTCODE": "97350" }, "geometry": { "type": "Point", "coordinates": [ 10.21136475000003, 49.709385306000058 ] } },
{ "type": "Feature", "properties": { "Name": "Geiersthal", "Population": 2228, "POSTCODE": "94244" }, "geometry": { "type": "Point", "coordinates": [ 12.980322300000068, 49.045645314000069 ] } },
{ "type": "Feature", "properties": { "Name": "Regnitzlosau", "Population": 2226, "POSTCODE": "95194" }, "geometry": { "type": "Point", "coordinates": [ 12.049116795000032, 50.301679411000066 ] } },
{ "type": "Feature", "properties": { "Name": "Kirchzell", "Population": 2218, "POSTCODE": "63931" }, "geometry": { "type": "Point", "coordinates": [ 9.142995765000023, 49.607252497000047 ] } },
{ "type": "Feature", "properties": { "Name": "Pörnbach", "Population": 2209, "POSTCODE": "85309" }, "geometry": { "type": "Point", "coordinates": [ 11.47155047800004, 48.613646576000065 ] } },
{ "type": "Feature", "properties": { "Name": "Ilmmünster", "Population": 2207, "POSTCODE": "85304" }, "geometry": { "type": "Point", "coordinates": [ 11.514881449000029, 48.490094866000049 ] } },
{ "type": "Feature", "properties": { "Name": "Heigenbrücken", "Population": 2207, "POSTCODE": "63869" }, "geometry": { "type": "Point", "coordinates": [ 9.375729225000043, 50.027214198000081 ] } },
{ "type": "Feature", "properties": { "Name": "Iggensbach", "Population": 2206, "POSTCODE": "94547" }, "geometry": { "type": "Point", "coordinates": [ 13.16087867300007, 48.722202111000058 ] } },
{ "type": "Feature", "properties": { "Name": "Puschendorf", "Population": 2195, "POSTCODE": "90617" }, "geometry": { "type": "Point", "coordinates": [ 10.826786785000024, 49.525478988000032 ] } },
{ "type": "Feature", "properties": { "Name": "Mespelbrunn", "Population": 2193, "POSTCODE": "63875" }, "geometry": { "type": "Point", "coordinates": [ 9.300699575000067, 49.919265283000072 ] } },
{ "type": "Feature", "properties": { "Name": "Neuschönau", "Population": 2191, "POSTCODE": "94556" }, "geometry": { "type": "Point", "coordinates": [ 13.476616086000035, 48.90962113300003 ] } },
{ "type": "Feature", "properties": { "Name": "Greifenberg", "Population": 2187, "POSTCODE": "86926" }, "geometry": { "type": "Point", "coordinates": [ 11.075881605000063, 48.080464609000046 ] } },
{ "type": "Feature", "properties": { "Name": "Neuhof a.d.Zenn", "Population": 2181, "POSTCODE": "90616" }, "geometry": { "type": "Point", "coordinates": [ 10.653186985000048, 49.448972660000038 ] } },
{ "type": "Feature", "properties": { "Name": "Ahorntal", "Population": 2180, "POSTCODE": "95491" }, "geometry": { "type": "Point", "coordinates": [ 11.441448593000075, 49.847433226000078 ] } },
{ "type": "Feature", "properties": { "Name": "Obertrubach", "Population": 2177, "POSTCODE": "91286" }, "geometry": { "type": "Point", "coordinates": [ 11.330312650000053, 49.703863811000076 ] } },
{ "type": "Feature", "properties": { "Name": "Birkenfeld", "Population": 2176, "POSTCODE": "97834" }, "geometry": { "type": "Point", "coordinates": [ 9.715871290000052, 49.862046906000046 ] } },
{ "type": "Feature", "properties": { "Name": "Ipsheim", "Population": 2175, "POSTCODE": "91472" }, "geometry": { "type": "Point", "coordinates": [ 10.473783125000068, 49.535660580000069 ] } },
{ "type": "Feature", "properties": { "Name": "Mitterskirchen", "Population": 2172, "POSTCODE": "84335" }, "geometry": { "type": "Point", "coordinates": [ 12.729112048000047, 48.347318919000031 ] } },
{ "type": "Feature", "properties": { "Name": "Kirchheim", "Population": 2171, "POSTCODE": "97268" }, "geometry": { "type": "Point", "coordinates": [ 9.860084115000063, 49.654094841000074 ] } },
{ "type": "Feature", "properties": { "Name": "Warmensteinach", "Population": 2169, "POSTCODE": "95485" }, "geometry": { "type": "Point", "coordinates": [ 11.817168274000039, 49.996685553000077 ] } },
{ "type": "Feature", "properties": { "Name": "Kirchehrenbach", "Population": 2167, "POSTCODE": "91356" }, "geometry": { "type": "Point", "coordinates": [ 11.15397714900007, 49.731710342000042 ] } },
{ "type": "Feature", "properties": { "Name": "Spardorf", "Population": 2166, "POSTCODE": "91080" }, "geometry": { "type": "Point", "coordinates": [ 11.066024663000064, 49.609909180000045 ] } },
{ "type": "Feature", "properties": { "Name": "Pemfling", "Population": 2161, "POSTCODE": "93482" }, "geometry": { "type": "Point", "coordinates": [ 12.607770452000068, 49.275507815000026 ] } },
{ "type": "Feature", "properties": { "Name": "Reit im Winkl", "Population": 2161, "POSTCODE": "83242" }, "geometry": { "type": "Point", "coordinates": [ 12.521012343000052, 47.667643880000071 ] } },
{ "type": "Feature", "properties": { "Name": "Ensdorf", "Population": 2160, "POSTCODE": "92266" }, "geometry": { "type": "Point", "coordinates": [ 11.942943951000075, 49.349325215000079 ] } },
{ "type": "Feature", "properties": { "Name": "Hettenshausen", "Population": 2149, "POSTCODE": null }, "geometry": null },
{ "type": "Feature", "properties": { "Name": "Albertshofen", "Population": 2142, "POSTCODE": null }, "geometry": null },
{ "type": "Feature", "properties": { "Name": "Heimbuchenthal", "Population": 2140, "POSTCODE": "63872" }, "geometry": { "type": "Point", "coordinates": [ 9.296144446000028, 49.884618386000056 ] } },
{ "type": "Feature", "properties": { "Name": "Walpertskirchen", "Population": 2140, "POSTCODE": "85469" }, "geometry": { "type": "Point", "coordinates": [ 11.976692778000029, 48.258774190000054 ] } },
{ "type": "Feature", "properties": { "Name": "Dietersheim", "Population": 2136, "POSTCODE": "91463" }, "geometry": { "type": "Point", "coordinates": [ 10.539866800000027, 49.54712384700008 ] } },
{ "type": "Feature", "properties": { "Name": "Colmberg", "Population": 2134, "POSTCODE": "91598" }, "geometry": { "type": "Point", "coordinates": [ 10.401156925000066, 49.366775954000047 ] } },
{ "type": "Feature", "properties": { "Name": "Woringen", "Population": 2134, "POSTCODE": "87789" }, "geometry": { "type": "Point", "coordinates": [ 10.197621437000066, 47.92434344600008 ] } },
{ "type": "Feature", "properties": { "Name": "Zeilarn", "Population": 2130, "POSTCODE": null }, "geometry": null },
{ "type": "Feature", "properties": { "Name": "Markt Wald", "Population": 2129, "POSTCODE": "86865" }, "geometry": { "type": "Point", "coordinates": [ 10.593984272000057, 48.147433240000055 ] } },
{ "type": "Feature", "properties": { "Name": "Elsendorf", "Population": 2127, "POSTCODE": "84094" }, "geometry": { "type": "Point", "coordinates": [ 11.821421616000066, 48.699718661000077 ] } },
{ "type": "Feature", "properties": { "Name": "Auerbach", "Population": 2125, "POSTCODE": "94530" }, "geometry": { "type": "Point", "coordinates": [ 13.096296247000055, 48.809047209000028 ] } },
{ "type": "Feature", "properties": { "Name": "Wartmannsroth", "Population": 2123, "POSTCODE": "97797" }, "geometry": { "type": "Point", "coordinates": [ 9.782568511000022, 50.17956287100003 ] } },
{ "type": "Feature", "properties": { "Name": "Schirmitz", "Population": 2122, "POSTCODE": "92718" }, "geometry": { "type": "Point", "coordinates": [ 12.176559800000064, 49.649824458000069 ] } },
{ "type": "Feature", "properties": { "Name": "Waidhaus", "Population": 2121, "POSTCODE": "92726" }, "geometry": { "type": "Point", "coordinates": [ 12.492525680000028, 49.651245509000034 ] } },
{ "type": "Feature", "properties": { "Name": "Wolfertschwenden", "Population": 2121, "POSTCODE": "87787" }, "geometry": { "type": "Point", "coordinates": [ 10.258688117000077, 47.903117405000046 ] } },
{ "type": "Feature", "properties": { "Name": "Illschwang", "Population": 2114, "POSTCODE": "92278" }, "geometry": { "type": "Point", "coordinates": [ 11.696453431000066, 49.454214370000045 ] } },
{ "type": "Feature", "properties": { "Name": "Egloffstein", "Population": 2108, "POSTCODE": "91349" }, "geometry": { "type": "Point", "coordinates": [ 11.262943519000032, 49.713892530000066 ] } },
{ "type": "Feature", "properties": { "Name": "Rechtmehring", "Population": 2102, "POSTCODE": "83562" }, "geometry": { "type": "Point", "coordinates": [ 12.163361095000027, 48.11915063500004 ] } },
{ "type": "Feature", "properties": { "Name": "Benningen", "Population": 2101, "POSTCODE": "87734" }, "geometry": { "type": "Point", "coordinates": [ 10.217314303000023, 47.966354341000056 ] } },
{ "type": "Feature", "properties": { "Name": "Fladungen", "Population": 2092, "POSTCODE": "97650" }, "geometry": { "type": "Point", "coordinates": [ 10.141536393000024, 50.528807978000032 ] } },
{ "type": "Feature", "properties": { "Name": "Steinfeld", "Population": 2088, "POSTCODE": "97854" }, "geometry": { "type": "Point", "coordinates": [ 9.650201120000077, 49.951113565000071 ] } },
{ "type": "Feature", "properties": { "Name": "Taching a.See", "Population": 2087, "POSTCODE": "83373" }, "geometry": { "type": "Point", "coordinates": [ 12.718220316000043, 47.980242808000071 ] } },
{ "type": "Feature", "properties": { "Name": "Tröstau", "Population": 2084, "POSTCODE": "95709" }, "geometry": { "type": "Point", "coordinates": [ 11.912494132000063, 50.027723764000029 ] } },
{ "type": "Feature", "properties": { "Name": "Brennberg", "Population": 2082, "POSTCODE": "93179" }, "geometry": { "type": "Point", "coordinates": [ 12.38500476400003, 49.07415684800003 ] } },
{ "type": "Feature", "properties": { "Name": "Geiselbach", "Population": 2080, "POSTCODE": "63826" }, "geometry": { "type": "Point", "coordinates": [ 9.194718297000065, 50.119687681000073 ] } },
{ "type": "Feature", "properties": { "Name": "Esselbach", "Population": 2078, "POSTCODE": "97839" }, "geometry": { "type": "Point", "coordinates": [ 9.517148330000055, 49.881670591000045 ] } },
{ "type": "Feature", "properties": { "Name": "Maitenbeth", "Population": 2067, "POSTCODE": "83558" }, "geometry": { "type": "Point", "coordinates": [ 12.091660821000062, 48.146515530000045 ] } },
{ "type": "Feature", "properties": { "Name": "Lonnerstadt", "Population": 2066, "POSTCODE": "91475" }, "geometry": { "type": "Point", "coordinates": [ 10.745725783000069, 49.70736495500006 ] } },
{ "type": "Feature", "properties": { "Name": "Eresing", "Population": 2066, "POSTCODE": "86922" }, "geometry": { "type": "Point", "coordinates": [ 11.026274255000033, 48.086946230000081 ] } },
{ "type": "Feature", "properties": { "Name": "Kirchensittenbach", "Population": 2065, "POSTCODE": "91241" }, "geometry": { "type": "Point", "coordinates": [ 11.424379654000063, 49.570569670000054 ] } },
{ "type": "Feature", "properties": { "Name": "Zandt", "Population": 2057, "POSTCODE": "93499" }, "geometry": { "type": "Point", "coordinates": [ 12.723900965000041, 49.14362144100005 ] } },
{ "type": "Feature", "properties": { "Name": "Aitrang", "Population": 2056, "POSTCODE": "87648" }, "geometry": { "type": "Point", "coordinates": [ 10.518731230000071, 47.825286617000074 ] } },
{ "type": "Feature", "properties": { "Name": "Oberleichtersbach", "Population": 2056, "POSTCODE": "97789" }, "geometry": { "type": "Point", "coordinates": [ 9.803166198000042, 50.27642826500005 ] } },
{ "type": "Feature", "properties": { "Name": "Althegnenberg", "Population": 2056, "POSTCODE": "82278" }, "geometry": { "type": "Point", "coordinates": [ 11.070433653000066, 48.22591961300003 ] } },
{ "type": "Feature", "properties": { "Name": "Zachenberg", "Population": 2056, "POSTCODE": "94239" }, "geometry": { "type": "Point", "coordinates": [ 12.999954107000065, 48.969884834000027 ] } },
{ "type": "Feature", "properties": { "Name": "Weilbach", "Population": 2054, "POSTCODE": "63937" }, "geometry": { "type": "Point", "coordinates": [ 9.138729150000074, 49.680463690000067 ] } },
{ "type": "Feature", "properties": { "Name": "Kröning", "Population": 2052, "POSTCODE": "84178" }, "geometry": { "type": "Point", "coordinates": [ 12.370305200000075, 48.536465614000065 ] } },
{ "type": "Feature", "properties": { "Name": "Ammerthal", "Population": 2051, "POSTCODE": "92260" }, "geometry": { "type": "Point", "coordinates": [ 11.76591952900003, 49.445391058000041 ] } },
{ "type": "Feature", "properties": { "Name": "Krombach", "Population": 2048, "POSTCODE": "63829" }, "geometry": { "type": "Point", "coordinates": [ 9.201235583000027, 50.08232294000004 ] } },
{ "type": "Feature", "properties": { "Name": "Langfurth", "Population": 2042, "POSTCODE": "91731" }, "geometry": { "type": "Point", "coordinates": [ 10.453947532000029, 49.101953664000064 ] } },
{ "type": "Feature", "properties": { "Name": "Ofterschwang", "Population": 2032, "POSTCODE": null }, "geometry": null },
{ "type": "Feature", "properties": { "Name": "Arnbruck", "Population": 2031, "POSTCODE": "93471" }, "geometry": { "type": "Point", "coordinates": [ 12.988664879000055, 49.136301132000028 ] } },
{ "type": "Feature", "properties": { "Name": "Fremdingen", "Population": 2030, "POSTCODE": "86742" }, "geometry": { "type": "Point", "coordinates": [ 10.474280750000048, 48.978069377000054 ] } },
{ "type": "Feature", "properties": { "Name": "Obergriesbach", "Population": 2030, "POSTCODE": "86573" }, "geometry": { "type": "Point", "coordinates": [ 11.031344750000073, 48.427593490000049 ] } },
{ "type": "Feature", "properties": { "Name": "Kirchdorf i.Wald", "Population": 2027, "POSTCODE": "94261" }, "geometry": { "type": "Point", "coordinates": [ 13.259556966000048, 48.912701799000047 ] } },
{ "type": "Feature", "properties": { "Name": "Ruhmannsfelden", "Population": 2023, "POSTCODE": null }, "geometry": null },
{ "type": "Feature", "properties": { "Name": "Hagelstadt", "Population": 2020, "POSTCODE": "93095" }, "geometry": { "type": "Point", "coordinates": [ 12.229868407000026, 48.894575152000073 ] } },
{ "type": "Feature", "properties": { "Name": "Sulzheim", "Population": 2020, "POSTCODE": "97529" }, "geometry": { "type": "Point", "coordinates": [ 10.344028102000038, 49.94317460700006 ] } },
{ "type": "Feature", "properties": { "Name": "Willmering", "Population": 2020, "POSTCODE": "93497" }, "geometry": { "type": "Point", "coordinates": [ 12.682687240000064, 49.250551012000074 ] } },
{ "type": "Feature", "properties": { "Name": "Waffenbrunn", "Population": 2019, "POSTCODE": "93494" }, "geometry": { "type": "Point", "coordinates": [ 12.66712347400005, 49.284992095000064 ] } },
{ "type": "Feature", "properties": { "Name": "Münsterhausen", "Population": 2019, "POSTCODE": "86505" }, "geometry": { "type": "Point", "coordinates": [ 10.454312650000077, 48.310600667000074 ] } },
{ "type": "Feature", "properties": { "Name": "Buchdorf", "Population": 2017, "POSTCODE": "86675" }, "geometry": { "type": "Point", "coordinates": [ 10.841768630000047, 48.783445622000045 ] } },
{ "type": "Feature", "properties": { "Name": "Mauth", "Population": 2016, "POSTCODE": null }, "geometry": null },
{ "type": "Feature", "properties": { "Name": "Dombühl", "Population": 2014, "POSTCODE": "91601" }, "geometry": { "type": "Point", "coordinates": [ 10.297703556000045, 49.25504171700004 ] } },
{ "type": "Feature", "properties": { "Name": "Wilburgstetten", "Population": 2013, "POSTCODE": "91634" }, "geometry": { "type": "Point", "coordinates": [ 10.397941229000025, 49.018447737000031 ] } },
{ "type": "Feature", "properties": { "Name": "Kleinrinderfeld", "Population": 2006, "POSTCODE": "97271" }, "geometry": { "type": "Point", "coordinates": [ 9.844795689000023, 49.702632768000058 ] } },
{ "type": "Feature", "properties": { "Name": "Arnschwang", "Population": 2005, "POSTCODE": "93473" }, "geometry": { "type": "Point", "coordinates": [ 12.817912529000068, 49.265047596000045 ] } },
{ "type": "Feature", "properties": { "Name": "Zeitlofs", "Population": 2000, "POSTCODE": "97799" }, "geometry": { "type": "Point", "coordinates": [ 9.715794982000034, 50.245803440000032 ] } },
{ "type": "Feature", "properties": { "Name": "Scheuring", "Population": 2000, "POSTCODE": "86937" }, "geometry": { "type": "Point", "coordinates": [ 10.889425283000037, 48.160208491000049 ] } },
{ "type": "Feature", "properties": { "Name": "Stötten a.Auerberg", "Population": 1999, "POSTCODE": "87675" }, "geometry": { "type": "Point", "coordinates": [ 10.711629414000072, 47.741352017000054 ] } },
{ "type": "Feature", "properties": { "Name": "Ammerndorf", "Population": 1998, "POSTCODE": "90614" }, "geometry": { "type": "Point", "coordinates": [ 10.853149631000065, 49.423091789000068 ] } },
{ "type": "Feature", "properties": { "Name": "Bergheim", "Population": 1995, "POSTCODE": "50126" }, "geometry": { "type": "Point", "coordinates": [ 6.619842408000068, 50.966662345000032 ] } },
{ "type": "Feature", "properties": { "Name": "Bayerbach b.Ergoldsbach", "Population": 1993, "POSTCODE": "84092" }, "geometry": { "type": "Point", "coordinates": [ 12.299287287000027, 48.710195513000031 ] } },
{ "type": "Feature", "properties": { "Name": "Röslau", "Population": 1991, "POSTCODE": "95195" }, "geometry": { "type": "Point", "coordinates": [ 11.982234446000064, 50.08150955800005 ] } },
{ "type": "Feature", "properties": { "Name": "Hörgertshausen", "Population": 1989, "POSTCODE": "85413" }, "geometry": { "type": "Point", "coordinates": [ 11.870676013000036, 48.557314528000063 ] } },
{ "type": "Feature", "properties": { "Name": "Saldenburg", "Population": 1986, "POSTCODE": "94163" }, "geometry": { "type": "Point", "coordinates": [ 13.355964719000042, 48.777658183000028 ] } },
{ "type": "Feature", "properties": { "Name": "Krün", "Population": 1985, "POSTCODE": "82494" }, "geometry": { "type": "Point", "coordinates": [ 11.239873145000047, 47.511830705000079 ] } },
{ "type": "Feature", "properties": { "Name": "Otzing", "Population": 1978, "POSTCODE": "94563" }, "geometry": { "type": "Point", "coordinates": [ 12.816519587000073, 48.757431114000042 ] } },
{ "type": "Feature", "properties": { "Name": "Neusitz", "Population": 1978, "POSTCODE": "91616" }, "geometry": { "type": "Point", "coordinates": [ 10.229445945000066, 49.378467337000075 ] } },
{ "type": "Feature", "properties": { "Name": "Weilersbach", "Population": 1977, "POSTCODE": "91365" }, "geometry": { "type": "Point", "coordinates": [ 11.131631558000038, 49.751160703000039 ] } },
{ "type": "Feature", "properties": { "Name": "Altertheim", "Population": 1972, "POSTCODE": "97237" }, "geometry": { "type": "Point", "coordinates": [ 9.747943124000074, 49.724563237000041 ] } },
{ "type": "Feature", "properties": { "Name": "Breitenberg", "Population": 1972, "POSTCODE": "94139" }, "geometry": { "type": "Point", "coordinates": [ 13.777494873000023, 48.695464551000043 ] } },
{ "type": "Feature", "properties": { "Name": "Edelsfeld", "Population": 1972, "POSTCODE": "92265" }, "geometry": { "type": "Point", "coordinates": [ 11.712096641000073, 49.583473549000075 ] } },
{ "type": "Feature", "properties": { "Name": "Westerngrund", "Population": 1968, "POSTCODE": null }, "geometry": null },
{ "type": "Feature", "properties": { "Name": "Reckendorf", "Population": 1962, "POSTCODE": "96182" }, "geometry": { "type": "Point", "coordinates": [ 10.832541586000048, 50.027683477000039 ] } },
{ "type": "Feature", "properties": { "Name": "Bastheim", "Population": 1960, "POSTCODE": "97654" }, "geometry": { "type": "Point", "coordinates": [ 10.17810193300005, 50.394700372000045 ] } },
{ "type": "Feature", "properties": { "Name": "Train", "Population": 1957, "POSTCODE": "93358" }, "geometry": { "type": "Point", "coordinates": [ 11.818570700000066, 48.732345601000077 ] } },
{ "type": "Feature", "properties": { "Name": "Donnersdorf", "Population": 1955, "POSTCODE": "97499" }, "geometry": { "type": "Point", "coordinates": [ 10.406448144000024, 49.964191595000045 ] } },
{ "type": "Feature", "properties": { "Name": "Röthenbach (Allgäu)", "Population": 1955, "POSTCODE": null }, "geometry": null },
{ "type": "Feature", "properties": { "Name": "Aufhausen", "Population": 1954, "POSTCODE": "93089" }, "geometry": { "type": "Point", "coordinates": [ 12.283564024000043, 48.874567498000033 ] } },
{ "type": "Feature", "properties": { "Name": "Deuerling", "Population": 1953, "POSTCODE": "93180" }, "geometry": { "type": "Point", "coordinates": [ 11.901866638000058, 49.029641103000074 ] } },
{ "type": "Feature", "properties": { "Name": "Ottenhofen", "Population": 1953, "POSTCODE": null }, "geometry": null },
{ "type": "Feature", "properties": { "Name": "Aham", "Population": 1951, "POSTCODE": "84168" }, "geometry": { "type": "Point", "coordinates": [ 12.46521173900004, 48.525983108000048 ] } },
{ "type": "Feature", "properties": { "Name": "Schönthal", "Population": 1951, "POSTCODE": "93488" }, "geometry": { "type": "Point", "coordinates": [ 12.602031488000023, 49.354004888000077 ] } },
{ "type": "Feature", "properties": { "Name": "Pinzberg", "Population": 1951, "POSTCODE": "91361" }, "geometry": { "type": "Point", "coordinates": [ 11.110622178000028, 49.692145663000076 ] } },
{ "type": "Feature", "properties": { "Name": "Reichenbach", "Population": 1950, "POSTCODE": "93189" }, "geometry": { "type": "Point", "coordinates": [ 12.347104297000044, 49.179035543000055 ] } },
{ "type": "Feature", "properties": { "Name": "Neusorg", "Population": 1949, "POSTCODE": "95700" }, "geometry": { "type": "Point", "coordinates": [ 11.967785581000044, 49.941221610000071 ] } },
{ "type": "Feature", "properties": { "Name": "Steinberg am See", "Population": 1948, "POSTCODE": "92449" }, "geometry": { "type": "Point", "coordinates": [ 12.174439699000061, 49.272654671000055 ] } },
{ "type": "Feature", "properties": { "Name": "Hurlach", "Population": 1947, "POSTCODE": "86857" }, "geometry": { "type": "Point", "coordinates": [ 10.826599645000044, 48.120102639000038 ] } },
{ "type": "Feature", "properties": { "Name": "Wirsberg", "Population": 1945, "POSTCODE": null }, "geometry": null },
{ "type": "Feature", "properties": { "Name": "Schöngeising", "Population": 1943, "POSTCODE": "82296" }, "geometry": { "type": "Point", "coordinates": [ 11.205079434000027, 48.134265484000025 ] } },
{ "type": "Feature", "properties": { "Name": "Dormitz", "Population": 1942, "POSTCODE": null }, "geometry": null },
{ "type": "Feature", "properties": { "Name": "Eppishausen", "Population": 1941, "POSTCODE": "87745" }, "geometry": { "type": "Point", "coordinates": [ 10.529005959000074, 48.183238098000061 ] } },
{ "type": "Feature", "properties": { "Name": "Mainstockheim", "Population": 1940, "POSTCODE": null }, "geometry": null },
{ "type": "Feature", "properties": { "Name": "Wittibreut", "Population": 1940, "POSTCODE": "84384" }, "geometry": { "type": "Point", "coordinates": [ 13.011012310000069, 48.341976643000066 ] } },
{ "type": "Feature", "properties": { "Name": "Bischofsgrün", "Population": 1939, "POSTCODE": "95493" }, "geometry": { "type": "Point", "coordinates": [ 11.806671569000059, 50.057551269000044 ] } },
{ "type": "Feature", "properties": { "Name": "Stöttwang", "Population": 1938, "POSTCODE": "87677" }, "geometry": { "type": "Point", "coordinates": [ 10.707908361000023, 47.879993200000058 ] } },
{ "type": "Feature", "properties": { "Name": "Dammbach", "Population": 1938, "POSTCODE": "63874" }, "geometry": { "type": "Point", "coordinates": [ 9.343421199000034, 49.864968260000069 ] } },
{ "type": "Feature", "properties": { "Name": "Pirk", "Population": 1936, "POSTCODE": "92712" }, "geometry": { "type": "Point", "coordinates": [ 12.185305850000077, 49.62061261100007 ] } },
{ "type": "Feature", "properties": { "Name": "Uettingen", "Population": 1935, "POSTCODE": "97292" }, "geometry": { "type": "Point", "coordinates": [ 9.728897075000077, 49.793774835000079 ] } },
{ "type": "Feature", "properties": { "Name": "Bach a.d.Donau", "Population": 1932, "POSTCODE": "93090" }, "geometry": { "type": "Point", "coordinates": [ 12.310772775000032, 49.027517318000037 ] } },
{ "type": "Feature", "properties": { "Name": "Ottensoos", "Population": 1931, "POSTCODE": "91242" }, "geometry": { "type": "Point", "coordinates": [ 11.34432165000004, 49.507915038000078 ] } },
{ "type": "Feature", "properties": { "Name": "Immenreuth", "Population": 1928, "POSTCODE": "95505" }, "geometry": { "type": "Point", "coordinates": [ 11.849858018000077, 49.926458049000075 ] } },
{ "type": "Feature", "properties": { "Name": "Sommerhausen", "Population": 1927, "POSTCODE": null }, "geometry": null },
{ "type": "Feature", "properties": { "Name": "Schiltberg", "Population": 1927, "POSTCODE": "86576" }, "geometry": { "type": "Point", "coordinates": [ 11.244316770000069, 48.455870115000039 ] } },
{ "type": "Feature", "properties": { "Name": "Rödelsee", "Population": 1926, "POSTCODE": null }, "geometry": null },
{ "type": "Feature", "properties": { "Name": "Finning", "Population": 1920, "POSTCODE": "86923" }, "geometry": { "type": "Point", "coordinates": [ 11.013209094000047, 48.021187614000041 ] } },
{ "type": "Feature", "properties": { "Name": "Waldthurn", "Population": 1917, "POSTCODE": "92727" }, "geometry": { "type": "Point", "coordinates": [ 12.328365622000035, 49.681306836000033 ] } },
{ "type": "Feature", "properties": { "Name": "Aiglsbach", "Population": 1905, "POSTCODE": "84089" }, "geometry": { "type": "Point", "coordinates": [ 11.712718289000065, 48.692689270000074 ] } },
{ "type": "Feature", "properties": { "Name": "Aholfing", "Population": 1903, "POSTCODE": "94345" }, "geometry": { "type": "Point", "coordinates": [ 12.477433688000076, 48.937135471000033 ] } },
{ "type": "Feature", "properties": { "Name": "Tettau", "Population": 1902, "POSTCODE": "96355" }, "geometry": { "type": "Point", "coordinates": [ 11.277458693000028, 50.45160826800003 ] } },
{ "type": "Feature", "properties": { "Name": "Pittenhart", "Population": 1899, "POSTCODE": "83132" }, "geometry": { "type": "Point", "coordinates": [ 12.376837453000064, 47.97451649900006 ] } },
{ "type": "Feature", "properties": { "Name": "Kettershausen", "Population": 1898, "POSTCODE": "86498" }, "geometry": { "type": "Point", "coordinates": [ 10.265437879000046, 48.190796155000044 ] } },
{ "type": "Feature", "properties": { "Name": "Böbing", "Population": 1895, "POSTCODE": "82389" }, "geometry": { "type": "Point", "coordinates": [ 11.01020803800003, 47.74754692700003 ] } },
{ "type": "Feature", "properties": { "Name": "Hergensweiler", "Population": 1893, "POSTCODE": null }, "geometry": null },
{ "type": "Feature", "properties": { "Name": "Langenneufnach", "Population": 1891, "POSTCODE": "86863" }, "geometry": { "type": "Point", "coordinates": [ 10.602998346000049, 48.259897279000029 ] } },
{ "type": "Feature", "properties": { "Name": "Blaibach", "Population": 1891, "POSTCODE": "93476" }, "geometry": { "type": "Point", "coordinates": [ 12.814717040000062, 49.162595852000038 ] } },
{ "type": "Feature", "properties": { "Name": "Ringelai", "Population": 1890, "POSTCODE": "94160" }, "geometry": { "type": "Point", "coordinates": [ 13.459486952000077, 48.811268270000028 ] } },
{ "type": "Feature", "properties": { "Name": "Hohenwarth", "Population": 1890, "POSTCODE": "93480" }, "geometry": { "type": "Point", "coordinates": [ 12.938012664000041, 49.201609506000068 ] } },
{ "type": "Feature", "properties": { "Name": "Dittenheim", "Population": 1886, "POSTCODE": "91723" }, "geometry": { "type": "Point", "coordinates": [ 10.778133270000069, 49.057683361000045 ] } },
{ "type": "Feature", "properties": { "Name": "Fuchsstadt", "Population": 1881, "POSTCODE": "97727" }, "geometry": { "type": "Point", "coordinates": [ 9.936340005000034, 50.092173130000049 ] } },
{ "type": "Feature", "properties": { "Name": "Schönbrunn i.Steigerwald", "Population": 1881, "POSTCODE": "96185" }, "geometry": { "type": "Point", "coordinates": [ 10.673017087000062, 49.863285544000064 ] } },
{ "type": "Feature", "properties": { "Name": "Gerzen", "Population": 1878, "POSTCODE": null }, "geometry": null },
{ "type": "Feature", "properties": { "Name": "Wonfurt", "Population": 1878, "POSTCODE": "97539" }, "geometry": { "type": "Point", "coordinates": [ 10.478752875000055, 50.007259049000027 ] } },
{ "type": "Feature", "properties": { "Name": "Finningen", "Population": 1878, "POSTCODE": "89435" }, "geometry": { "type": "Point", "coordinates": [ 10.498784913000065, 48.652355764000049 ] } },
{ "type": "Feature", "properties": { "Name": "Haselbach", "Population": 1875, "POSTCODE": "94354" }, "geometry": { "type": "Point", "coordinates": [ 12.686986126000022, 49.001105406000079 ] } },
{ "type": "Feature", "properties": { "Name": "Kammlach", "Population": 1872, "POSTCODE": "87754" }, "geometry": { "type": "Point", "coordinates": [ 10.405621726000049, 48.049476226000081 ] } },
{ "type": "Feature", "properties": { "Name": "Bidingen", "Population": 1870, "POSTCODE": "87651" }, "geometry": { "type": "Point", "coordinates": [ 10.719846453000059, 47.822046981000028 ] } },
{ "type": "Feature", "properties": { "Name": "Stiefenhofen", "Population": 1869, "POSTCODE": null }, "geometry": null },
{ "type": "Feature", "properties": { "Name": "Rieneck", "Population": 1868, "POSTCODE": "97794" }, "geometry": { "type": "Point", "coordinates": [ 9.635720875000061, 50.101283079000041 ] } },
{ "type": "Feature", "properties": { "Name": "Kößlarn", "Population": 1867, "POSTCODE": "94149" }, "geometry": { "type": "Point", "coordinates": [ 13.123741800000062, 48.376418940000065 ] } },
{ "type": "Feature", "properties": { "Name": "Tettenweis", "Population": 1866, "POSTCODE": "94167" }, "geometry": { "type": "Point", "coordinates": [ 13.268298866000066, 48.433229137000069 ] } },
{ "type": "Feature", "properties": { "Name": "Sielenbach", "Population": 1863, "POSTCODE": "86577" }, "geometry": { "type": "Point", "coordinates": [ 11.163452218000032, 48.391220927000063 ] } },
{ "type": "Feature", "properties": { "Name": "Schönau", "Population": 1860, "POSTCODE": "69250" }, "geometry": { "type": "Point", "coordinates": [ 8.803030092000029, 49.443774162000068 ] } },
{ "type": "Feature", "properties": { "Name": "Schauenstein", "Population": 1859, "POSTCODE": "95197" }, "geometry": { "type": "Point", "coordinates": [ 11.742089711000062, 50.276342409000051 ] } },
{ "type": "Feature", "properties": { "Name": "Zell im Fichtelgebirge", "Population": 1857, "POSTCODE": "95239" }, "geometry": { "type": "Point", "coordinates": [ 11.799470419000045, 50.133050173000072 ] } },
{ "type": "Feature", "properties": { "Name": "Teunz", "Population": 1851, "POSTCODE": "92552" }, "geometry": { "type": "Point", "coordinates": [ 12.389528745000064, 49.500318103000041 ] } },
{ "type": "Feature", "properties": { "Name": "Hofstetten", "Population": 1850, "POSTCODE": "86928" }, "geometry": { "type": "Point", "coordinates": [ 10.967548394000062, 48.002422710000076 ] } },
{ "type": "Feature", "properties": { "Name": "Teuschnitz", "Population": 1847, "POSTCODE": "96358" }, "geometry": { "type": "Point", "coordinates": [ 11.399122557000055, 50.400782852000077 ] } },
{ "type": "Feature", "properties": { "Name": "Adelzhausen", "Population": 1844, "POSTCODE": "86559" }, "geometry": { "type": "Point", "coordinates": [ 11.128244120000033, 48.356630082000038 ] } },
{ "type": "Feature", "properties": { "Name": "Ebrach", "Population": 1843, "POSTCODE": null }, "geometry": null },
{ "type": "Feature", "properties": { "Name": "Neukirchen", "Population": 1839, "POSTCODE": "23779" }, "geometry": { "type": "Point", "coordinates": [ 11.033060469000077, 54.325683673000071 ] } },
{ "type": "Feature", "properties": { "Name": "Ering", "Population": 1839, "POSTCODE": "94140" }, "geometry": { "type": "Point", "coordinates": [ 13.123134996000033, 48.313811773000054 ] } },
{ "type": "Feature", "properties": { "Name": "Konzell", "Population": 1838, "POSTCODE": "94357" }, "geometry": { "type": "Point", "coordinates": [ 12.70806318700005, 49.073824703000071 ] } },
{ "type": "Feature", "properties": { "Name": "Deiningen", "Population": 1838, "POSTCODE": "86738" }, "geometry": { "type": "Point", "coordinates": [ 10.571608737000076, 48.864983949000077 ] } },
{ "type": "Feature", "properties": { "Name": "Langdorf", "Population": 1836, "POSTCODE": "94264" }, "geometry": { "type": "Point", "coordinates": [ 13.152533877000053, 49.026792145000059 ] } },
{ "type": "Feature", "properties": { "Name": "Zell", "Population": 1834, "POSTCODE": "93199" }, "geometry": { "type": "Point", "coordinates": [ 12.416407481000022, 49.140679762000048 ] } },
{ "type": "Feature", "properties": { "Name": "Rottenbuch", "Population": 1833, "POSTCODE": "82401" }, "geometry": { "type": "Point", "coordinates": [ 10.965819737000061, 47.695877697000071 ] } },
{ "type": "Feature", "properties": { "Name": "Erlabrunn", "Population": 1831, "POSTCODE": "97250" }, "geometry": { "type": "Point", "coordinates": [ 9.843276, 49.853734179000071 ] } },
{ "type": "Feature", "properties": { "Name": "Heimertingen", "Population": 1830, "POSTCODE": "87751" }, "geometry": { "type": "Point", "coordinates": [ 10.161314342000026, 48.039826504000075 ] } },
{ "type": "Feature", "properties": { "Name": "Birgland", "Population": 1828, "POSTCODE": "92262" }, "geometry": { "type": "Point", "coordinates": [ 11.61703820200006, 49.434023504000038 ] } },
{ "type": "Feature", "properties": { "Name": "Sankt Englmar", "Population": 1827, "POSTCODE": "94379" }, "geometry": { "type": "Point", "coordinates": [ 12.820772652000073, 49.004174746000047 ] } },
{ "type": "Feature", "properties": { "Name": "Lohberg", "Population": 1827, "POSTCODE": "93470" }, "geometry": { "type": "Point", "coordinates": [ 13.108019257000024, 49.159985475000042 ] } },
{ "type": "Feature", "properties": { "Name": "Mindelstetten", "Population": 1823, "POSTCODE": "93349" }, "geometry": { "type": "Point", "coordinates": [ 11.636568753000063, 48.85403784500005 ] } },
{ "type": "Feature", "properties": { "Name": "Wörnitz", "Population": 1819, "POSTCODE": "91637" }, "geometry": { "type": "Point", "coordinates": [ 10.229861573000051, 49.244309632000068 ] } },
{ "type": "Feature", "properties": { "Name": "Brunnen", "Population": 1818, "POSTCODE": "86564" }, "geometry": { "type": "Point", "coordinates": [ 11.331857411000044, 48.634322945000065 ] } },
{ "type": "Feature", "properties": { "Name": "Dachsbach", "Population": 1815, "POSTCODE": "91462" }, "geometry": { "type": "Point", "coordinates": [ 10.71648953600004, 49.644270825000035 ] } },
{ "type": "Feature", "properties": { "Name": "Marktsteft", "Population": 1813, "POSTCODE": null }, "geometry": null },
{ "type": "Feature", "properties": { "Name": "Ernsgaden", "Population": 1811, "POSTCODE": "85119" }, "geometry": { "type": "Point", "coordinates": [ 11.567797308000024, 48.724246559000051 ] } },
{ "type": "Feature", "properties": { "Name": "Markt Bibart", "Population": 1806, "POSTCODE": "91477" }, "geometry": { "type": "Point", "coordinates": [ 10.36227817300005, 49.699505511000041 ] } },
{ "type": "Feature", "properties": { "Name": "Hohenburg", "Population": 1805, "POSTCODE": "92277" }, "geometry": { "type": "Point", "coordinates": [ 11.817647553000029, 49.31228438200003 ] } },
{ "type": "Feature", "properties": { "Name": "Kleinkahl", "Population": 1803, "POSTCODE": "63828" }, "geometry": { "type": "Point", "coordinates": [ 9.26664205000003, 50.103670128000033 ] } },
{ "type": "Feature", "properties": { "Name": "Bischbrunn", "Population": 1798, "POSTCODE": "97836" }, "geometry": { "type": "Point", "coordinates": [ 9.45897237500003, 49.884518498000034 ] } },
{ "type": "Feature", "properties": { "Name": "Fichtelberg", "Population": 1795, "POSTCODE": "95686" }, "geometry": { "type": "Point", "coordinates": [ 11.820638475000067, 49.984300182000027 ] } },
{ "type": "Feature", "properties": { "Name": "Blindheim", "Population": 1792, "POSTCODE": "89434" }, "geometry": { "type": "Point", "coordinates": [ 10.614367618000074, 48.646373109000081 ] } },
{ "type": "Feature", "properties": { "Name": "Mähring", "Population": 1785, "POSTCODE": "95695" }, "geometry": { "type": "Point", "coordinates": [ 12.475259075000054, 49.891763819000062 ] } },
{ "type": "Feature", "properties": { "Name": "Polsingen", "Population": 1775, "POSTCODE": "91805" }, "geometry": { "type": "Point", "coordinates": [ 10.729619955000032, 48.933233342000051 ] } },
{ "type": "Feature", "properties": { "Name": "Oberottmarshausen", "Population": 1773, "POSTCODE": null }, "geometry": null },
{ "type": "Feature", "properties": { "Name": "Kronburg", "Population": 1772, "POSTCODE": "87758" }, "geometry": { "type": "Point", "coordinates": [ 10.150627624000037, 47.90283190100007 ] } },
{ "type": "Feature", "properties": { "Name": "Unterreit", "Population": 1768, "POSTCODE": "83567" }, "geometry": { "type": "Point", "coordinates": [ 12.33497095000007, 48.12643296400006 ] } },
{ "type": "Feature", "properties": { "Name": "Schneeberg", "Population": 1762, "POSTCODE": "63936" }, "geometry": { "type": "Point", "coordinates": [ 9.255602666000073, 49.623535094000033 ] } },
{ "type": "Feature", "properties": { "Name": "Niederalteich", "Population": 1762, "POSTCODE": "94557" }, "geometry": { "type": "Point", "coordinates": [ 13.02657460000006, 48.766945449000048 ] } },
{ "type": "Feature", "properties": { "Name": "Hafenlohr", "Population": 1759, "POSTCODE": null }, "geometry": null },
{ "type": "Feature", "properties": { "Name": "Nonnenhorn", "Population": 1756, "POSTCODE": "88149" }, "geometry": { "type": "Point", "coordinates": [ 9.61492028400005, 47.576823256000068 ] } },
{ "type": "Feature", "properties": { "Name": "Obermeitingen", "Population": 1756, "POSTCODE": null }, "geometry": null },
{ "type": "Feature", "properties": { "Name": "Vachendorf", "Population": 1755, "POSTCODE": "83377" }, "geometry": { "type": "Point", "coordinates": [ 12.597257980000052, 47.842215236000072 ] } },
{ "type": "Feature", "properties": { "Name": "Reichling", "Population": 1753, "POSTCODE": "86934" }, "geometry": { "type": "Point", "coordinates": [ 10.937083766000057, 47.930433760000028 ] } },
{ "type": "Feature", "properties": { "Name": "Petersdorf", "Population": 1752, "POSTCODE": "86574" }, "geometry": { "type": "Point", "coordinates": [ 11.016404028000068, 48.523685875000069 ] } },
{ "type": "Feature", "properties": { "Name": "Weibersbrunn", "Population": 1752, "POSTCODE": null }, "geometry": null },
{ "type": "Feature", "properties": { "Name": "Röllbach", "Population": 1751, "POSTCODE": "63934" }, "geometry": { "type": "Point", "coordinates": [ 9.25524927500004, 49.766060545000073 ] } },
{ "type": "Feature", "properties": { "Name": "Sulzfeld", "Population": 1751, "POSTCODE": "75056" }, "geometry": { "type": "Point", "coordinates": [ 8.862234900000033, 49.106291486000032 ] } },
{ "type": "Feature", "properties": { "Name": "Untersteinach", "Population": 1751, "POSTCODE": "95369" }, "geometry": { "type": "Point", "coordinates": [ 11.517937588000052, 50.13568779700006 ] } },
{ "type": "Feature", "properties": { "Name": "Volkenschwand", "Population": 1750, "POSTCODE": "84106" }, "geometry": { "type": "Point", "coordinates": [ 11.862885166000069, 48.60913279600004 ] } },
{ "type": "Feature", "properties": { "Name": "Schwanfeld", "Population": 1749, "POSTCODE": "97523" }, "geometry": { "type": "Point", "coordinates": [ 10.13336636300005, 49.920667966000053 ] } },
{ "type": "Feature", "properties": { "Name": "Rott", "Population": 1746, "POSTCODE": "86935" }, "geometry": { "type": "Point", "coordinates": [ 10.982390715000065, 47.908903312000064 ] } },
{ "type": "Feature", "properties": { "Name": "Schleching", "Population": 1743, "POSTCODE": "83259" }, "geometry": { "type": "Point", "coordinates": [ 12.383067628000049, 47.721847841000056 ] } },
{ "type": "Feature", "properties": { "Name": "Konnersreuth", "Population": 1742, "POSTCODE": "95692" }, "geometry": { "type": "Point", "coordinates": [ 12.223888143000067, 50.005945163000035 ] } },
{ "type": "Feature", "properties": { "Name": "Oberbergkirchen", "Population": 1741, "POSTCODE": "84564" }, "geometry": { "type": "Point", "coordinates": [ 12.380958738000061, 48.313577629000065 ] } },
{ "type": "Feature", "properties": { "Name": "Oberschweinbach", "Population": 1741, "POSTCODE": "82294" }, "geometry": { "type": "Point", "coordinates": [ 11.146654850000061, 48.240523173000042 ] } },
{ "type": "Feature", "properties": { "Name": "Albaching", "Population": 1740, "POSTCODE": "83544" }, "geometry": { "type": "Point", "coordinates": [ 12.114351256000077, 48.107269319000068 ] } },
{ "type": "Feature", "properties": { "Name": "Trunkelsberg", "Population": 1739, "POSTCODE": "87779" }, "geometry": { "type": "Point", "coordinates": [ 10.217327923000028, 48.003452284000048 ] } },
{ "type": "Feature", "properties": { "Name": "Gebsattel", "Population": 1738, "POSTCODE": "91607" }, "geometry": { "type": "Point", "coordinates": [ 10.214315235000072, 49.342356141000039 ] } },
{ "type": "Feature", "properties": { "Name": "Henfenfeld", "Population": 1735, "POSTCODE": "91239" }, "geometry": { "type": "Point", "coordinates": [ 11.392742227000042, 49.497839902000067 ] } },
{ "type": "Feature", "properties": { "Name": "Solnhofen", "Population": 1733, "POSTCODE": "91807" }, "geometry": { "type": "Point", "coordinates": [ 11.001332828000045, 48.897532910000052 ] } },
{ "type": "Feature", "properties": { "Name": "Michelsneukirchen", "Population": 1732, "POSTCODE": "93185" }, "geometry": { "type": "Point", "coordinates": [ 12.541324063000047, 49.121807497000077 ] } },
{ "type": "Feature", "properties": { "Name": "Teugn", "Population": 1731, "POSTCODE": "93356" }, "geometry": { "type": "Point", "coordinates": [ 12.012093009000068, 48.889856217000045 ] } },
{ "type": "Feature", "properties": { "Name": "Burglauer", "Population": 1730, "POSTCODE": "97724" }, "geometry": { "type": "Point", "coordinates": [ 10.183044900000027, 50.276219193000031 ] } },
{ "type": "Feature", "properties": { "Name": "Riedbach", "Population": 1729, "POSTCODE": "97519" }, "geometry": { "type": "Point", "coordinates": [ 10.439575098000034, 50.104040375000068 ] } },
{ "type": "Feature", "properties": { "Name": "Unterammergau", "Population": 1727, "POSTCODE": "82497" }, "geometry": { "type": "Point", "coordinates": [ 11.020688607000068, 47.61463892300003 ] } },
{ "type": "Feature", "properties": { "Name": "Ruderatshofen", "Population": 1726, "POSTCODE": "87674" }, "geometry": { "type": "Point", "coordinates": [ 10.580656279000038, 47.822780210000076 ] } },
{ "type": "Feature", "properties": { "Name": "Königstein", "Population": 1723, "POSTCODE": "92281" }, "geometry": { "type": "Point", "coordinates": [ 11.641138526000077, 49.610570491000033 ] } },
{ "type": "Feature", "properties": { "Name": "Thiersheim", "Population": 1723, "POSTCODE": "95707" }, "geometry": { "type": "Point", "coordinates": [ 12.103938, 50.060553679000066 ] } },
{ "type": "Feature", "properties": { "Name": "Munningen", "Population": 1723, "POSTCODE": "86754" }, "geometry": { "type": "Point", "coordinates": [ 10.631312748000028, 48.915034349000052 ] } },
{ "type": "Feature", "properties": { "Name": "Lisberg", "Population": 1722, "POSTCODE": "96170" }, "geometry": { "type": "Point", "coordinates": [ 10.719367744000067, 49.896810161000076 ] } },
{ "type": "Feature", "properties": { "Name": "Patersdorf", "Population": 1721, "POSTCODE": "94265" }, "geometry": { "type": "Point", "coordinates": [ 12.973837450000076, 49.00421061000003 ] } },
{ "type": "Feature", "properties": { "Name": "Hohenfurch", "Population": 1721, "POSTCODE": "86978" }, "geometry": { "type": "Point", "coordinates": [ 10.897629350000045, 47.85019085600004 ] } },
{ "type": "Feature", "properties": { "Name": "Marktschellenberg", "Population": 1721, "POSTCODE": "83487" }, "geometry": { "type": "Point", "coordinates": [ 13.044195486000035, 47.68308539800006 ] } },
{ "type": "Feature", "properties": { "Name": "Reichertsheim", "Population": 1721, "POSTCODE": "84437" }, "geometry": { "type": "Point", "coordinates": [ 12.231875025000022, 48.18317158900004 ] } },
{ "type": "Feature", "properties": { "Name": "Ornbau", "Population": 1720, "POSTCODE": "91737" }, "geometry": { "type": "Point", "coordinates": [ 10.655240969000033, 49.173035283000047 ] } },
{ "type": "Feature", "properties": { "Name": "Kaltental", "Population": 1720, "POSTCODE": "87662" }, "geometry": { "type": "Point", "coordinates": [ 10.751854463000029, 47.893334409000033 ] } },
{ "type": "Feature", "properties": { "Name": "Motten", "Population": 1718, "POSTCODE": "97786" }, "geometry": { "type": "Point", "coordinates": [ 9.770079903000067, 50.387574334000078 ] } },
{ "type": "Feature", "properties": { "Name": "Teising", "Population": 1713, "POSTCODE": "84576" }, "geometry": { "type": "Point", "coordinates": [ 12.611789861000034, 48.229761002000032 ] } },
{ "type": "Feature", "properties": { "Name": "Dorfprozelten", "Population": 1710, "POSTCODE": "97904" }, "geometry": { "type": "Point", "coordinates": [ 9.37262501400005, 49.791302300000041 ] } },
{ "type": "Feature", "properties": { "Name": "Burggen", "Population": 1708, "POSTCODE": "86977" }, "geometry": { "type": "Point", "coordinates": [ 10.812187125000037, 47.77451568400005 ] } },
{ "type": "Feature", "properties": { "Name": "Karsbach", "Population": 1703, "POSTCODE": "97783" }, "geometry": { "type": "Point", "coordinates": [ 9.787124618000064, 50.060514947000058 ] } },
{ "type": "Feature", "properties": { "Name": "Püchersreuth", "Population": 1701, "POSTCODE": "92715" }, "geometry": { "type": "Point", "coordinates": [ 12.215289676000054, 49.771530620000078 ] } },
{ "type": "Feature", "properties": { "Name": "Böhmfeld", "Population": 1698, "POSTCODE": "85113" }, "geometry": { "type": "Point", "coordinates": [ 11.370094713000071, 48.869912062000026 ] } },
{ "type": "Feature", "properties": { "Name": "Postau", "Population": 1695, "POSTCODE": "84103" }, "geometry": { "type": "Point", "coordinates": [ 12.311815854000031, 48.65753294700005 ] } },
{ "type": "Feature", "properties": { "Name": "Stulln", "Population": 1684, "POSTCODE": "92551" }, "geometry": { "type": "Point", "coordinates": [ 12.135193565000066, 49.420915950000051 ] } },
{ "type": "Feature", "properties": { "Name": "Lachen", "Population": 1684, "POSTCODE": "87760" }, "geometry": { "type": "Point", "coordinates": [ 10.245480831000066, 47.942757172000029 ] } },
{ "type": "Feature", "properties": { "Name": "Untrasried", "Population": 1683, "POSTCODE": "87496" }, "geometry": { "type": "Point", "coordinates": [ 10.367282906000071, 47.845487321000064 ] } },
{ "type": "Feature", "properties": { "Name": "Mittelstetten", "Population": 1683, "POSTCODE": "82293" }, "geometry": { "type": "Point", "coordinates": [ 11.102693400000021, 48.248331329000052 ] } },
{ "type": "Feature", "properties": { "Name": "Ramsau b.Berchtesgaden", "Population": 1683, "POSTCODE": "83486" }, "geometry": { "type": "Point", "coordinates": [ 12.87153905100007, 47.584007246000056 ] } },
{ "type": "Feature", "properties": { "Name": "Röttingen", "Population": 1681, "POSTCODE": "97285" }, "geometry": { "type": "Point", "coordinates": [ 9.960691467000061, 49.513749592000067 ] } },
{ "type": "Feature", "properties": { "Name": "Presseck", "Population": 1681, "POSTCODE": "95355" }, "geometry": { "type": "Point", "coordinates": [ 11.543243379000046, 50.232592045000047 ] } },
{ "type": "Feature", "properties": { "Name": "Rothenbuch", "Population": 1680, "POSTCODE": "63860" }, "geometry": { "type": "Point", "coordinates": [ 9.398156629000027, 49.964037085000029 ] } },
{ "type": "Feature", "properties": { "Name": "Retzstadt", "Population": 1680, "POSTCODE": "97282" }, "geometry": { "type": "Point", "coordinates": [ 9.887314437000043, 49.909169302000066 ] } },
{ "type": "Feature", "properties": { "Name": "Mitteleschenbach", "Population": 1679, "POSTCODE": "91734" }, "geometry": { "type": "Point", "coordinates": [ 10.802562306000027, 49.212097319000065 ] } },
{ "type": "Feature", "properties": { "Name": "Irchenrieth", "Population": 1676, "POSTCODE": "92699" }, "geometry": { "type": "Point", "coordinates": [ 12.218645889000072, 49.63725045700005 ] } },
{ "type": "Feature", "properties": { "Name": "Langenmosen", "Population": 1676, "POSTCODE": "86571" }, "geometry": { "type": "Point", "coordinates": [ 11.210342209000032, 48.604252724000048 ] } },
{ "type": "Feature", "properties": { "Name": "Alerheim", "Population": 1674, "POSTCODE": "86733" }, "geometry": { "type": "Point", "coordinates": [ 10.636759693000045, 48.845935119000046 ] } },
{ "type": "Feature", "properties": { "Name": "Bayerbach", "Population": 1674, "POSTCODE": "94137" }, "geometry": { "type": "Point", "coordinates": [ 13.132085250000046, 48.412195629000053 ] } },
{ "type": "Feature", "properties": { "Name": "Atting", "Population": 1673, "POSTCODE": "94348" }, "geometry": { "type": "Point", "coordinates": [ 12.497832101000029, 48.891773366000052 ] } },
{ "type": "Feature", "properties": { "Name": "Rattenberg", "Population": 1671, "POSTCODE": "94371" }, "geometry": { "type": "Point", "coordinates": [ 12.763687628000071, 49.079665916000067 ] } },
{ "type": "Feature", "properties": { "Name": "Jesenwang", "Population": 1668, "POSTCODE": "82287" }, "geometry": { "type": "Point", "coordinates": [ 11.133516668000027, 48.16313424100008 ] } },
{ "type": "Feature", "properties": { "Name": "Obersüßbach", "Population": 1664, "POSTCODE": "84101" }, "geometry": { "type": "Point", "coordinates": [ 11.935376351000059, 48.601274376000049 ] } },
{ "type": "Feature", "properties": { "Name": "Hagenbüchach", "Population": 1661, "POSTCODE": "91469" }, "geometry": { "type": "Point", "coordinates": [ 10.762886863000062, 49.528572593000035 ] } },
{ "type": "Feature", "properties": { "Name": "Pielenhofen", "Population": 1661, "POSTCODE": "93188" }, "geometry": { "type": "Point", "coordinates": [ 11.976906764000034, 49.077456177000045 ] } },
{ "type": "Feature", "properties": { "Name": "Brunn", "Population": 1660, "POSTCODE": "93164" }, "geometry": { "type": "Point", "coordinates": [ 11.902601649000076, 49.073395405000042 ] } },
{ "type": "Feature", "properties": { "Name": "Obernbreit", "Population": 1659, "POSTCODE": null }, "geometry": null },
{ "type": "Feature", "properties": { "Name": "Ronsberg", "Population": 1658, "POSTCODE": "87671" }, "geometry": { "type": "Point", "coordinates": [ 10.404073750000066, 47.890735967000069 ] } },
{ "type": "Feature", "properties": { "Name": "Nagel", "Population": 1655, "POSTCODE": "95697" }, "geometry": { "type": "Point", "coordinates": [ 11.934925433000046, 49.982472226000027 ] } },
{ "type": "Feature", "properties": { "Name": "Oberreute", "Population": 1654, "POSTCODE": "88179" }, "geometry": { "type": "Point", "coordinates": [ 9.942385062000028, 47.552602898000032 ] } },
{ "type": "Feature", "properties": { "Name": "Hohenpolding", "Population": 1654, "POSTCODE": "84432" }, "geometry": { "type": "Point", "coordinates": [ 12.132271290000062, 48.397277679000069 ] } },
{ "type": "Feature", "properties": { "Name": "Mönchsroth", "Population": 1653, "POSTCODE": "91614" }, "geometry": { "type": "Point", "coordinates": [ 10.371449625000025, 49.018540384000062 ] } },
{ "type": "Feature", "properties": { "Name": "Buch a.Buchrain", "Population": 1653, "POSTCODE": "85656" }, "geometry": { "type": "Point", "coordinates": [ 12.000332482000033, 48.216678072000036 ] } },
{ "type": "Feature", "properties": { "Name": "Lalling", "Population": 1651, "POSTCODE": "94551" }, "geometry": { "type": "Point", "coordinates": [ 13.142305585000031, 48.853685018000078 ] } },
{ "type": "Feature", "properties": { "Name": "Aidhausen", "Population": 1647, "POSTCODE": "97491" }, "geometry": { "type": "Point", "coordinates": [ 10.457281230000035, 50.15817676100005 ] } },
{ "type": "Feature", "properties": { "Name": "Rohrenfels", "Population": 1646, "POSTCODE": "86701" }, "geometry": { "type": "Point", "coordinates": [ 11.16430052000004, 48.688603513000032 ] } },
{ "type": "Feature", "properties": { "Name": "Niederlauer", "Population": 1645, "POSTCODE": null }, "geometry": null },
{ "type": "Feature", "properties": { "Name": "Kleinlangheim", "Population": 1642, "POSTCODE": null }, "geometry": null },
{ "type": "Feature", "properties": { "Name": "Huisheim", "Population": 1639, "POSTCODE": "86685" }, "geometry": { "type": "Point", "coordinates": [ 10.707573583000055, 48.832871226000066 ] } },
{ "type": "Feature", "properties": { "Name": "Marktbergel", "Population": 1637, "POSTCODE": "91613" }, "geometry": { "type": "Point", "coordinates": [ 10.366122904000065, 49.442235856000082 ] } },
{ "type": "Feature", "properties": { "Name": "Hiltenfingen", "Population": 1637, "POSTCODE": "86856" }, "geometry": { "type": "Point", "coordinates": [ 10.713609167000072, 48.153788924000025 ] } },
{ "type": "Feature", "properties": { "Name": "Leutenbach", "Population": 1635, "POSTCODE": "91359" }, "geometry": { "type": "Point", "coordinates": [ 11.18569496300006, 49.696264648000067 ] } },
{ "type": "Feature", "properties": { "Name": "Gremsdorf", "Population": 1634, "POSTCODE": "91350" }, "geometry": { "type": "Point", "coordinates": [ 10.848933283000065, 49.68425235400008 ] } },
{ "type": "Feature", "properties": { "Name": "Reut", "Population": 1634, "POSTCODE": null }, "geometry": null },
{ "type": "Feature", "properties": { "Name": "Großweil", "Population": 1631, "POSTCODE": "82439" }, "geometry": { "type": "Point", "coordinates": [ 11.303259648000051, 47.684750476000033 ] } },
{ "type": "Feature", "properties": { "Name": "Vorra", "Population": 1629, "POSTCODE": "91247" }, "geometry": { "type": "Point", "coordinates": [ 11.483157691000031, 49.560083201000054 ] } },
{ "type": "Feature", "properties": { "Name": "Oberdachstetten", "Population": 1628, "POSTCODE": "91617" }, "geometry": { "type": "Point", "coordinates": [ 10.435481441000036, 49.407800596000072 ] } },
{ "type": "Feature", "properties": { "Name": "Greußenheim", "Population": 1624, "POSTCODE": "97259" }, "geometry": { "type": "Point", "coordinates": [ 9.762727110000071, 49.821773583000038 ] } },
{ "type": "Feature", "properties": { "Name": "Eching am Ammersee", "Population": 1620, "POSTCODE": "82279" }, "geometry": { "type": "Point", "coordinates": [ 11.116733105000037, 48.080611255000065 ] } },
{ "type": "Feature", "properties": { "Name": "Untermerzbach", "Population": 1617, "POSTCODE": "96190" }, "geometry": { "type": "Point", "coordinates": [ 10.839695587000051, 50.120673413000077 ] } },
{ "type": "Feature", "properties": { "Name": "Pfakofen", "Population": 1615, "POSTCODE": "93101" }, "geometry": { "type": "Point", "coordinates": [ 12.219970228000022, 48.859609904000081 ] } },
{ "type": "Feature", "properties": { "Name": "Schondra", "Population": 1613, "POSTCODE": "97795" }, "geometry": { "type": "Point", "coordinates": [ 9.853924079000024, 50.248361576000036 ] } },
{ "type": "Feature", "properties": { "Name": "Haunsheim", "Population": 1613, "POSTCODE": "89437" }, "geometry": { "type": "Point", "coordinates": [ 10.362420514000064, 48.606553992000045 ] } },
{ "type": "Feature", "properties": { "Name": "Saulgrub", "Population": 1612, "POSTCODE": "82442" }, "geometry": { "type": "Point", "coordinates": [ 11.019262, 47.659440033000067 ] } },
{ "type": "Feature", "properties": { "Name": "Bonstetten", "Population": 1609, "POSTCODE": "86486" }, "geometry": { "type": "Point", "coordinates": [ 10.711805953000066, 48.442557663000059 ] } },
{ "type": "Feature", "properties": { "Name": "Bayrischzell", "Population": 1607, "POSTCODE": "83735" }, "geometry": { "type": "Point", "coordinates": [ 11.986980505000076, 47.657557478000058 ] } },
{ "type": "Feature", "properties": { "Name": "Paunzhausen", "Population": 1605, "POSTCODE": "85307" }, "geometry": { "type": "Point", "coordinates": [ 11.563441802000057, 48.474686673000065 ] } },
{ "type": "Feature", "properties": { "Name": "Perkam", "Population": 1605, "POSTCODE": "94368" }, "geometry": { "type": "Point", "coordinates": [ 12.44405736300007, 48.864834299000051 ] } },
{ "type": "Feature", "properties": { "Name": "Bubesheim", "Population": 1605, "POSTCODE": "89347" }, "geometry": { "type": "Point", "coordinates": [ 10.247768829000051, 48.426852432000032 ] } },
{ "type": "Feature", "properties": { "Name": "Kottgeisering", "Population": 1599, "POSTCODE": "82288" }, "geometry": { "type": "Point", "coordinates": [ 11.127767228000039, 48.12242485400003 ] } },
{ "type": "Feature", "properties": { "Name": "Gammelsdorf", "Population": 1599, "POSTCODE": "85408" }, "geometry": { "type": "Point", "coordinates": [ 11.936754205000057, 48.555474863000029 ] } },
{ "type": "Feature", "properties": { "Name": "Himmelstadt", "Population": 1598, "POSTCODE": "97267" }, "geometry": { "type": "Point", "coordinates": [ 9.782099133000031, 49.923879485000043 ] } },
{ "type": "Feature", "properties": { "Name": "Stadtprozelten", "Population": 1597, "POSTCODE": "97909" }, "geometry": { "type": "Point", "coordinates": [ 9.396203989000071, 49.802496030000043 ] } },
{ "type": "Feature", "properties": { "Name": "Irsee", "Population": 1596, "POSTCODE": "87660" }, "geometry": { "type": "Point", "coordinates": [ 10.562853921000055, 47.907151586000055 ] } },
{ "type": "Feature", "properties": { "Name": "Ascha", "Population": 1592, "POSTCODE": "94347" }, "geometry": { "type": "Point", "coordinates": [ 12.623233117000041, 48.988965547000078 ] } },
{ "type": "Feature", "properties": { "Name": "Wiesenthau", "Population": 1591, "POSTCODE": "91369" }, "geometry": { "type": "Point", "coordinates": [ 11.14089509300004, 49.70987505100004 ] } },
{ "type": "Feature", "properties": { "Name": "Willanzheim", "Population": 1589, "POSTCODE": "97348" }, "geometry": { "type": "Point", "coordinates": [ 10.237400300000047, 49.671352694000063 ] } },
{ "type": "Feature", "properties": { "Name": "Vestenbergsgreuth", "Population": 1586, "POSTCODE": "91487" }, "geometry": { "type": "Point", "coordinates": [ 10.654366688000039, 49.700915097000063 ] } },
{ "type": "Feature", "properties": { "Name": "Marktzeuln", "Population": 1584, "POSTCODE": "96275" }, "geometry": { "type": "Point", "coordinates": [ 11.165772925000056, 50.167390110000042 ] } },
{ "type": "Feature", "properties": { "Name": "Grünenbach", "Population": 1581, "POSTCODE": "88167" }, "geometry": { "type": "Point", "coordinates": [ 10.008547714000031, 47.625298556000075 ] } },
{ "type": "Feature", "properties": { "Name": "Rammingen", "Population": 1569, "POSTCODE": "86871" }, "geometry": { "type": "Point", "coordinates": [ 10.582483718000049, 48.063689306000072 ] } },
{ "type": "Feature", "properties": { "Name": "Mörnsheim", "Population": 1569, "POSTCODE": "91804" }, "geometry": { "type": "Point", "coordinates": [ 11.011684993000074, 48.856332671000075 ] } },
{ "type": "Feature", "properties": { "Name": "Poxdorf", "Population": 1568, "POSTCODE": "91099" }, "geometry": { "type": "Point", "coordinates": [ 11.065793316000054, 49.667415629000061 ] } },
{ "type": "Feature", "properties": { "Name": "Landsberied", "Population": 1566, "POSTCODE": "82290" }, "geometry": { "type": "Point", "coordinates": [ 11.173115200000041, 48.160073966000027 ] } },
{ "type": "Feature", "properties": { "Name": "Obersöchering", "Population": 1565, "POSTCODE": "82395" }, "geometry": { "type": "Point", "coordinates": [ 11.231596692000039, 47.746095781000065 ] } },
{ "type": "Feature", "properties": { "Name": "Böbrach", "Population": 1564, "POSTCODE": "94255" }, "geometry": { "type": "Point", "coordinates": [ 13.056298550000065, 49.038550476000069 ] } },
{ "type": "Feature", "properties": { "Name": "Inning a.Holz", "Population": 1562, "POSTCODE": null }, "geometry": null },
{ "type": "Feature", "properties": { "Name": "Kellmünz a.d.Iller", "Population": 1561, "POSTCODE": "89293" }, "geometry": { "type": "Point", "coordinates": [ 10.133097, 48.126327945000071 ] } },
{ "type": "Feature", "properties": { "Name": "Offenhausen", "Population": 1560, "POSTCODE": "91238" }, "geometry": { "type": "Point", "coordinates": [ 11.410725122000031, 49.453599981000082 ] } },
{ "type": "Feature", "properties": { "Name": "Hattenhofen", "Population": 1559, "POSTCODE": "82285" }, "geometry": { "type": "Point", "coordinates": [ 11.124059600000066, 48.220498594000048 ] } },
{ "type": "Feature", "properties": { "Name": "Saal a.d.Saale", "Population": 1559, "POSTCODE": null }, "geometry": null },
{ "type": "Feature", "properties": { "Name": "Hochstadt a.Main", "Population": 1558, "POSTCODE": "96272" }, "geometry": { "type": "Point", "coordinates": [ 11.169220437000035, 50.13804446100005 ] } },
{ "type": "Feature", "properties": { "Name": "Eschenlohe", "Population": 1556, "POSTCODE": "82438" }, "geometry": { "type": "Point", "coordinates": [ 11.197589663000031, 47.585762084000066 ] } },
{ "type": "Feature", "properties": { "Name": "Marloffstein", "Population": 1555, "POSTCODE": null }, "geometry": null },
{ "type": "Feature", "properties": { "Name": "Laugna", "Population": 1549, "POSTCODE": "86502" }, "geometry": { "type": "Point", "coordinates": [ 10.707709646000069, 48.511489022000035 ] } },
{ "type": "Feature", "properties": { "Name": "Wonneberg", "Population": 1549, "POSTCODE": "83379" }, "geometry": { "type": "Point", "coordinates": [ 12.717923099000075, 47.901819899000031 ] } },
{ "type": "Feature", "properties": { "Name": "Missen-Wilhams", "Population": 1549, "POSTCODE": "87547" }, "geometry": { "type": "Point", "coordinates": [ 10.111302222000063, 47.598420027000031 ] } },
{ "type": "Feature", "properties": { "Name": "Witzmannsberg", "Population": 1548, "POSTCODE": null }, "geometry": null },
{ "type": "Feature", "properties": { "Name": "Pullenreuth", "Population": 1546, "POSTCODE": "95704" }, "geometry": { "type": "Point", "coordinates": [ 12.006120005000071, 49.91801827300003 ] } },
{ "type": "Feature", "properties": { "Name": "Großlangheim", "Population": 1545, "POSTCODE": null }, "geometry": null },
{ "type": "Feature", "properties": { "Name": "Störnstein", "Population": 1545, "POSTCODE": "92721" }, "geometry": { "type": "Point", "coordinates": [ 12.203130776000023, 49.742935509000063 ] } },
{ "type": "Feature", "properties": { "Name": "Etzenricht", "Population": 1544, "POSTCODE": "92694" }, "geometry": { "type": "Point", "coordinates": [ 12.094838711000023, 49.623075632000052 ] } },
{ "type": "Feature", "properties": { "Name": "Frauenneuharting", "Population": 1543, "POSTCODE": "83553" }, "geometry": { "type": "Point", "coordinates": [ 12.046790419000047, 48.033745101000079 ] } },
{ "type": "Feature", "properties": { "Name": "Grafenwiesen", "Population": 1543, "POSTCODE": "93479" }, "geometry": { "type": "Point", "coordinates": [ 12.879557506000026, 49.203457842000034 ] } },
{ "type": "Feature", "properties": { "Name": "Fuchsmühl", "Population": 1537, "POSTCODE": "95689" }, "geometry": { "type": "Point", "coordinates": [ 12.131865721000054, 49.92157181400006 ] } },
{ "type": "Feature", "properties": { "Name": "Duggendorf", "Population": 1535, "POSTCODE": "93182" }, "geometry": { "type": "Point", "coordinates": [ 11.924589380000043, 49.123445319000041 ] } },
{ "type": "Feature", "properties": { "Name": "Außernzell", "Population": 1535, "POSTCODE": "94532" }, "geometry": { "type": "Point", "coordinates": [ 13.221486679000066, 48.733216571000071 ] } },
{ "type": "Feature", "properties": { "Name": "Wülfershausen a.d.Saale", "Population": 1533, "POSTCODE": null }, "geometry": null },
{ "type": "Feature", "properties": { "Name": "Nordhalben", "Population": 1526, "POSTCODE": null }, "geometry": null },
{ "type": "Feature", "properties": { "Name": "Unterdießen", "Population": 1522, "POSTCODE": "86944" }, "geometry": { "type": "Point", "coordinates": [ 10.843811008000046, 47.979013621000036 ] } },
{ "type": "Feature", "properties": { "Name": "Rentweinsdorf", "Population": 1521, "POSTCODE": "96184" }, "geometry": { "type": "Point", "coordinates": [ 10.815234600000053, 50.057255526000063 ] } },
{ "type": "Feature", "properties": { "Name": "Wallgau", "Population": 1516, "POSTCODE": "82499" }, "geometry": { "type": "Point", "coordinates": [ 11.27594074600006, 47.541701384000078 ] } },
{ "type": "Feature", "properties": { "Name": "Innernzell", "Population": 1516, "POSTCODE": "94548" }, "geometry": { "type": "Point", "coordinates": [ 13.272662981000053, 48.848435036000069 ] } },
{ "type": "Feature", "properties": { "Name": "Wolfsegg", "Population": 1515, "POSTCODE": "93195" }, "geometry": { "type": "Point", "coordinates": [ 11.981527380000045, 49.10489549600004 ] } },
{ "type": "Feature", "properties": { "Name": "Altenthann", "Population": 1515, "POSTCODE": "93177" }, "geometry": { "type": "Point", "coordinates": [ 12.303068975000031, 49.071188410000047 ] } },
{ "type": "Feature", "properties": { "Name": "Niederrieden", "Population": 1513, "POSTCODE": "87767" }, "geometry": { "type": "Point", "coordinates": [ 10.200715750000029, 48.055401200000063 ] } },
{ "type": "Feature", "properties": { "Name": "Lengenwang", "Population": 1512, "POSTCODE": "87663" }, "geometry": { "type": "Point", "coordinates": [ 10.598175509000043, 47.696467523000081 ] } },
{ "type": "Feature", "properties": { "Name": "Rattiszell", "Population": 1510, "POSTCODE": "94372" }, "geometry": { "type": "Point", "coordinates": [ 12.630611930000043, 49.034719134000056 ] } },
{ "type": "Feature", "properties": { "Name": "Dürrlauingen", "Population": 1508, "POSTCODE": "89350" }, "geometry": { "type": "Point", "coordinates": [ 10.427987300000041, 48.469980201000055 ] } },
{ "type": "Feature", "properties": { "Name": "Emersacker", "Population": 1504, "POSTCODE": "86494" }, "geometry": { "type": "Point", "coordinates": [ 10.674621051000031, 48.481662995000079 ] } },
{ "type": "Feature", "properties": { "Name": "Eberfing", "Population": 1503, "POSTCODE": "82390" }, "geometry": { "type": "Point", "coordinates": [ 11.225612150000075, 47.783031944000072 ] } },
{ "type": "Feature", "properties": { "Name": "Sparneck", "Population": 1502, "POSTCODE": "95234" }, "geometry": { "type": "Point", "coordinates": [ 11.849164177000034, 50.153355892000036 ] } },
{ "type": "Feature", "properties": { "Name": "Trebgast", "Population": 1501, "POSTCODE": "95367" }, "geometry": { "type": "Point", "coordinates": [ 11.527353550000043, 50.060853914000063 ] } },
{ "type": "Feature", "properties": { "Name": "Mistelbach", "Population": 1500, "POSTCODE": "95511" }, "geometry": { "type": "Point", "coordinates": [ 11.50763554100007, 49.912251216000072 ] } },
{ "type": "Feature", "properties": { "Name": "Flossenbürg", "Population": 1496, "POSTCODE": "92696" }, "geometry": { "type": "Point", "coordinates": [ 12.358147471000052, 49.742239510000047 ] } },
{ "type": "Feature", "properties": { "Name": "Hollstadt", "Population": 1496, "POSTCODE": null }, "geometry": null },
{ "type": "Feature", "properties": { "Name": "Karbach", "Population": 1495, "POSTCODE": "97842" }, "geometry": { "type": "Point", "coordinates": [ 9.644889447000025, 49.864222104000078 ] } },
{ "type": "Feature", "properties": { "Name": "Oberostendorf", "Population": 1490, "POSTCODE": "86869" }, "geometry": { "type": "Point", "coordinates": [ 10.746541805000049, 47.94882433500004 ] } },
{ "type": "Feature", "properties": { "Name": "Baiern", "Population": 1488, "POSTCODE": null }, "geometry": null },
{ "type": "Feature", "properties": { "Name": "Remlingen", "Population": 1488, "POSTCODE": "97280" }, "geometry": { "type": "Point", "coordinates": [ 9.69305505400007, 49.812223936000066 ] } },
{ "type": "Feature", "properties": { "Name": "Schaufling", "Population": 1487, "POSTCODE": "94571" }, "geometry": { "type": "Point", "coordinates": [ 13.057022004000032, 48.848791281000047 ] } },
{ "type": "Feature", "properties": { "Name": "Blankenbach", "Population": 1485, "POSTCODE": null }, "geometry": null },
{ "type": "Feature", "properties": { "Name": "Euerdorf", "Population": 1484, "POSTCODE": "97717" }, "geometry": { "type": "Point", "coordinates": [ 10.034280933000048, 50.146656292000046 ] } },
{ "type": "Feature", "properties": { "Name": "Oberstreu", "Population": 1482, "POSTCODE": "97640" }, "geometry": { "type": "Point", "coordinates": [ 10.281856125000047, 50.39837688700004 ] } },
{ "type": "Feature", "properties": { "Name": "Stetten", "Population": 1480, "POSTCODE": "88719" }, "geometry": { "type": "Point", "coordinates": [ 9.302694189000022, 47.694002884000042 ] } },
{ "type": "Feature", "properties": { "Name": "Wiedergeltingen", "Population": 1480, "POSTCODE": "86879" }, "geometry": { "type": "Point", "coordinates": [ 10.671980820000044, 48.035112 ] } },
{ "type": "Feature", "properties": { "Name": "Friesenried", "Population": 1479, "POSTCODE": "87654" }, "geometry": { "type": "Point", "coordinates": [ 10.527700247000041, 47.872220036000044 ] } },
{ "type": "Feature", "properties": { "Name": "Hiltpoltstein", "Population": 1479, "POSTCODE": "91355" }, "geometry": { "type": "Point", "coordinates": [ 11.315912118000028, 49.662954795000076 ] } },
{ "type": "Feature", "properties": { "Name": "Tännesberg", "Population": 1479, "POSTCODE": "92723" }, "geometry": { "type": "Point", "coordinates": [ 12.328748602000076, 49.535109630000079 ] } },
{ "type": "Feature", "properties": { "Name": "Sommerach", "Population": 1478, "POSTCODE": null }, "geometry": null },
{ "type": "Feature", "properties": { "Name": "Laudenbach", "Population": 1471, "POSTCODE": "63925" }, "geometry": { "type": "Point", "coordinates": [ 9.165014153000072, 49.73802293600005 ] } },
{ "type": "Feature", "properties": { "Name": "Maierhöfen", "Population": 1470, "POSTCODE": null }, "geometry": null },
{ "type": "Feature", "properties": { "Name": "Pfofeld", "Population": 1470, "POSTCODE": "91738" }, "geometry": { "type": "Point", "coordinates": [ 10.838809525000045, 49.108618617000047 ] } },
{ "type": "Feature", "properties": { "Name": "Priesendorf", "Population": 1469, "POSTCODE": null }, "geometry": null },
{ "type": "Feature", "properties": { "Name": "Greiling", "Population": 1463, "POSTCODE": null }, "geometry": null },
{ "type": "Feature", "properties": { "Name": "Todtenweis", "Population": 1460, "POSTCODE": null }, "geometry": null },
{ "type": "Feature", "properties": { "Name": "Attenhofen", "Population": 1459, "POSTCODE": "84091" }, "geometry": { "type": "Point", "coordinates": [ 11.847134441000037, 48.657052858000043 ] } },
{ "type": "Feature", "properties": { "Name": "Krummennaab", "Population": 1457, "POSTCODE": "92703" }, "geometry": { "type": "Point", "coordinates": [ 12.098326541000063, 49.845048184000063 ] } },
{ "type": "Feature", "properties": { "Name": "Hartenstein", "Population": 1454, "POSTCODE": "91235" }, "geometry": { "type": "Point", "coordinates": [ 11.505975069000044, 49.60493301200006 ] } },
{ "type": "Feature", "properties": { "Name": "Breitbrunn a.Chiemsee", "Population": 1453, "POSTCODE": "83254" }, "geometry": { "type": "Point", "coordinates": [ 12.384443993000048, 47.893643265000037 ] } },
{ "type": "Feature", "properties": { "Name": "Ködnitz", "Population": 1452, "POSTCODE": "95361" }, "geometry": { "type": "Point", "coordinates": [ 11.510341579000055, 50.09929014100004 ] } },
{ "type": "Feature", "properties": { "Name": "Salgen", "Population": 1452, "POSTCODE": "87775" }, "geometry": { "type": "Point", "coordinates": [ 10.485117107000065, 48.126052367000057 ] } },
{ "type": "Feature", "properties": { "Name": "Schwabsoien", "Population": 1450, "POSTCODE": "86987" }, "geometry": { "type": "Point", "coordinates": [ 10.810445844000071, 47.839775865000036 ] } },
{ "type": "Feature", "properties": { "Name": "Niederfüllbach", "Population": 1450, "POSTCODE": "96489" }, "geometry": { "type": "Point", "coordinates": [ 10.990832643000033, 50.220934860000057 ] } },
{ "type": "Feature", "properties": { "Name": "Münchsteinach", "Population": 1448, "POSTCODE": "91481" }, "geometry": { "type": "Point", "coordinates": [ 10.591249713000025, 49.656958713000051 ] } },
{ "type": "Feature", "properties": { "Name": "Pfarrweisach", "Population": 1447, "POSTCODE": "96176" }, "geometry": { "type": "Point", "coordinates": [ 10.735009762000061, 50.147570836000057 ] } },
{ "type": "Feature", "properties": { "Name": "Mönchsdeggingen", "Population": 1443, "POSTCODE": "86751" }, "geometry": { "type": "Point", "coordinates": [ 10.595706440000072, 48.764694881000025 ] } },
{ "type": "Feature", "properties": { "Name": "Sonnen", "Population": 1441, "POSTCODE": "94164" }, "geometry": { "type": "Point", "coordinates": [ 13.716473592000057, 48.673071751000066 ] } },
{ "type": "Feature", "properties": { "Name": "Kleinsendelbach", "Population": 1441, "POSTCODE": null }, "geometry": null },
{ "type": "Feature", "properties": { "Name": "Niedertaufkirchen", "Population": 1439, "POSTCODE": null }, "geometry": null },
{ "type": "Feature", "properties": { "Name": "Stubenberg", "Population": 1438, "POSTCODE": "94166" }, "geometry": { "type": "Point", "coordinates": [ 13.073346249000053, 48.318883972000037 ] } },
{ "type": "Feature", "properties": { "Name": "Absberg", "Population": 1437, "POSTCODE": "91720" }, "geometry": { "type": "Point", "coordinates": [ 10.890460500000074, 49.143662975000041 ] } },
{ "type": "Feature", "properties": { "Name": "Nennslingen", "Population": 1437, "POSTCODE": null }, "geometry": null },
{ "type": "Feature", "properties": { "Name": "Niederschönenfeld", "Population": 1436, "POSTCODE": "86694" }, "geometry": { "type": "Point", "coordinates": [ 10.920751085000063, 48.722211533000063 ] } },
{ "type": "Feature", "properties": { "Name": "Wilhelmsdorf", "Population": 1430, "POSTCODE": "91489" }, "geometry": { "type": "Point", "coordinates": [ 10.737697037000032, 49.575771534000069 ] } },
{ "type": "Feature", "properties": { "Name": "Neunkirchen", "Population": 1428, "POSTCODE": "66540" }, "geometry": { "type": "Point", "coordinates": [ 7.184443800000054, 49.373031368000056 ] } },
{ "type": "Feature", "properties": { "Name": "Schonstett", "Population": 1426, "POSTCODE": "83137" }, "geometry": { "type": "Point", "coordinates": [ 12.247532500000034, 47.983394426000075 ] } },
{ "type": "Feature", "properties": { "Name": "Wechingen", "Population": 1425, "POSTCODE": "86759" }, "geometry": { "type": "Point", "coordinates": [ 10.621633614000075, 48.88387498000003 ] } },
{ "type": "Feature", "properties": { "Name": "Oberschwarzach", "Population": 1423, "POSTCODE": "97516" }, "geometry": { "type": "Point", "coordinates": [ 10.420085330000063, 49.857575396000072 ] } },
{ "type": "Feature", "properties": { "Name": "Winterhausen", "Population": 1422, "POSTCODE": "97286" }, "geometry": { "type": "Point", "coordinates": [ 10.018729550000046, 49.70003014200006 ] } },
{ "type": "Feature", "properties": { "Name": "Wildenberg", "Population": 1422, "POSTCODE": "93359" }, "geometry": { "type": "Point", "coordinates": [ 11.907760708000069, 48.725724851000052 ] } },
{ "type": "Feature", "properties": { "Name": "Stallwang", "Population": 1421, "POSTCODE": "94375" }, "geometry": { "type": "Point", "coordinates": [ 12.643299526000021, 49.066446039000027 ] } },
{ "type": "Feature", "properties": { "Name": "Wollbach", "Population": 1420, "POSTCODE": null }, "geometry": null },
{ "type": "Feature", "properties": { "Name": "Moosach", "Population": 1418, "POSTCODE": "85665" }, "geometry": { "type": "Point", "coordinates": [ 11.873015293000037, 48.037693449000074 ] } },
{ "type": "Feature", "properties": { "Name": "Deisenhausen", "Population": 1418, "POSTCODE": "86489" }, "geometry": { "type": "Point", "coordinates": [ 10.322248950000073, 48.25639691300006 ] } },
{ "type": "Feature", "properties": { "Name": "Eggenthal", "Population": 1416, "POSTCODE": "87653" }, "geometry": { "type": "Point", "coordinates": [ 10.49075233800005, 47.913530251000054 ] } },
{ "type": "Feature", "properties": { "Name": "Bad Neualbenreuth", "Population": 1412, "POSTCODE": "95698" }, "geometry": { "type": "Point", "coordinates": [ 12.424968114000023, 49.966204567000034 ] } },
{ "type": "Feature", "properties": { "Name": "Herrngiersdorf", "Population": 1412, "POSTCODE": "84097" }, "geometry": { "type": "Point", "coordinates": [ 12.068442144000073, 48.784866493000038 ] } },
{ "type": "Feature", "properties": { "Name": "Mötzing", "Population": 1408, "POSTCODE": "93099" }, "geometry": { "type": "Point", "coordinates": [ 12.401596794000056, 48.904239475000054 ] } },
{ "type": "Feature", "properties": { "Name": "Weiltingen", "Population": 1404, "POSTCODE": "91744" }, "geometry": { "type": "Point", "coordinates": [ 10.453225339000028, 49.030518850000078 ] } },
{ "type": "Feature", "properties": { "Name": "Hainsfarth", "Population": 1404, "POSTCODE": "86744" }, "geometry": { "type": "Point", "coordinates": [ 10.629767800000025, 48.95880697900003 ] } },
{ "type": "Feature", "properties": { "Name": "Mariaposching", "Population": 1402, "POSTCODE": "94553" }, "geometry": { "type": "Point", "coordinates": [ 12.816366415000061, 48.845736865000049 ] } },
{ "type": "Feature", "properties": { "Name": "Biburg", "Population": 1401, "POSTCODE": null }, "geometry": null },
{ "type": "Feature", "properties": { "Name": "Haidmühle", "Population": 1401, "POSTCODE": null }, "geometry": null },
{ "type": "Feature", "properties": { "Name": "Kunreuth", "Population": 1400, "POSTCODE": "91358" }, "geometry": { "type": "Point", "coordinates": [ 11.158659401000023, 49.672773913000071 ] } },
{ "type": "Feature", "properties": { "Name": "Schwenningen", "Population": 1399, "POSTCODE": "89443" }, "geometry": { "type": "Point", "coordinates": [ 10.662872650000054, 48.63673992400004 ] } },
{ "type": "Feature", "properties": { "Name": "Rieden am Forggensee", "Population": 1399, "POSTCODE": "87669" }, "geometry": { "type": "Point", "coordinates": [ 10.723321500000054, 47.62326781400003 ] } },
{ "type": "Feature", "properties": { "Name": "Mödingen", "Population": 1398, "POSTCODE": "89426" }, "geometry": { "type": "Point", "coordinates": [ 10.440132875000074, 48.630050064000045 ] } },
{ "type": "Feature", "properties": { "Name": "Unteregg", "Population": 1395, "POSTCODE": "87782" }, "geometry": { "type": "Point", "coordinates": [ 10.476063550000049, 47.956115571000055 ] } },
{ "type": "Feature", "properties": { "Name": "Hasloch", "Population": 1395, "POSTCODE": "97907" }, "geometry": { "type": "Point", "coordinates": [ 9.482576417000075, 49.801991541000064 ] } },
{ "type": "Feature", "properties": { "Name": "Geroldshausen", "Population": 1393, "POSTCODE": "97256" }, "geometry": { "type": "Point", "coordinates": [ 9.88830689200006, 49.681634736000035 ] } },
{ "type": "Feature", "properties": { "Name": "Ramerberg", "Population": 1390, "POSTCODE": "83561" }, "geometry": { "type": "Point", "coordinates": [ 12.146895628000038, 48.015009765000059 ] } },
{ "type": "Feature", "properties": { "Name": "Geslau", "Population": 1389, "POSTCODE": "91608" }, "geometry": { "type": "Point", "coordinates": [ 10.310179725000069, 49.360715514000049 ] } },
{ "type": "Feature", "properties": { "Name": "Etzelwang", "Population": 1387, "POSTCODE": "92268" }, "geometry": { "type": "Point", "coordinates": [ 11.581955304000076, 49.53465187200004 ] } },
{ "type": "Feature", "properties": { "Name": "Feichten a.d.Alz", "Population": 1386, "POSTCODE": "84550" }, "geometry": { "type": "Point", "coordinates": [ 12.599849104000043, 48.088825128000053 ] } },
{ "type": "Feature", "properties": { "Name": "Wildsteig", "Population": 1385, "POSTCODE": "82409" }, "geometry": { "type": "Point", "coordinates": [ 10.943782623000061, 47.668332608000071 ] } },
{ "type": "Feature", "properties": { "Name": "Hohenberg a.d.Eger", "Population": 1384, "POSTCODE": "95691" }, "geometry": { "type": "Point", "coordinates": [ 12.188008518000061, 50.102439047000075 ] } },
{ "type": "Feature", "properties": { "Name": "Trogen", "Population": 1377, "POSTCODE": null }, "geometry": null },
{ "type": "Feature", "properties": { "Name": "Mickhausen", "Population": 1376, "POSTCODE": "86866" }, "geometry": { "type": "Point", "coordinates": [ 10.630330682000022, 48.22600071100004 ] } },
{ "type": "Feature", "properties": { "Name": "Gundremmingen", "Population": 1376, "POSTCODE": "89355" }, "geometry": { "type": "Point", "coordinates": [ 10.408192889000077, 48.501038920000042 ] } },
{ "type": "Feature", "properties": { "Name": "Schneizlreuth", "Population": 1375, "POSTCODE": "83458" }, "geometry": { "type": "Point", "coordinates": [ 12.847453375000043, 47.675427537000076 ] } },
{ "type": "Feature", "properties": { "Name": "Weng", "Population": 1373, "POSTCODE": "84187" }, "geometry": { "type": "Point", "coordinates": [ 12.364683567000043, 48.666174652000052 ] } },
{ "type": "Feature", "properties": { "Name": "Berg im Gau", "Population": 1373, "POSTCODE": "86562" }, "geometry": { "type": "Point", "coordinates": [ 11.249953596000069, 48.636730639000064 ] } },
{ "type": "Feature", "properties": { "Name": "Kienberg", "Population": 1373, "POSTCODE": "83361" }, "geometry": { "type": "Point", "coordinates": [ 12.467506216000061, 48.040238198000054 ] } },
{ "type": "Feature", "properties": { "Name": "Egglkofen", "Population": 1373, "POSTCODE": "84546" }, "geometry": { "type": "Point", "coordinates": [ 12.453426550000074, 48.392039140000065 ] } },
{ "type": "Feature", "properties": { "Name": "Holzgünz", "Population": 1371, "POSTCODE": "87752" }, "geometry": { "type": "Point", "coordinates": [ 10.247002691000034, 48.02512757900007 ] } },
{ "type": "Feature", "properties": { "Name": "Aub", "Population": 1370, "POSTCODE": "97239" }, "geometry": { "type": "Point", "coordinates": [ 10.043339251000077, 49.547317778000036 ] } },
{ "type": "Feature", "properties": { "Name": "Binswangen", "Population": 1368, "POSTCODE": "89432" }, "geometry": { "type": "Point", "coordinates": [ 10.642517090000069, 48.558105468000065 ] } },
{ "type": "Feature", "properties": { "Name": "Schwarzhofen", "Population": 1368, "POSTCODE": "92447" }, "geometry": { "type": "Point", "coordinates": [ 12.329638411000076, 49.385786838000058 ] } },
{ "type": "Feature", "properties": { "Name": "Urspringen", "Population": 1368, "POSTCODE": "97857" }, "geometry": { "type": "Point", "coordinates": [ 9.678535469000053, 49.904925751000064 ] } },
{ "type": "Feature", "properties": { "Name": "Baisweil", "Population": 1367, "POSTCODE": "87650" }, "geometry": { "type": "Point", "coordinates": [ 10.54411510500006, 47.951808223000057 ] } },
{ "type": "Feature", "properties": { "Name": "Winklarn", "Population": 1366, "POSTCODE": "92559" }, "geometry": { "type": "Point", "coordinates": [ 12.504576543000042, 49.436287336000078 ] } },
{ "type": "Feature", "properties": { "Name": "Hetzles", "Population": 1362, "POSTCODE": null }, "geometry": null },
{ "type": "Feature", "properties": { "Name": "Günzach", "Population": 1362, "POSTCODE": null }, "geometry": null },
{ "type": "Feature", "properties": { "Name": "Tuchenbach", "Population": 1362, "POSTCODE": null }, "geometry": null },
{ "type": "Feature", "properties": { "Name": "Oberdolling", "Population": 1360, "POSTCODE": "85129" }, "geometry": { "type": "Point", "coordinates": [ 11.597334037000053, 48.836220409000077 ] } },
{ "type": "Feature", "properties": { "Name": "Marktschorgast", "Population": 1357, "POSTCODE": "95509" }, "geometry": { "type": "Point", "coordinates": [ 11.653533795000044, 50.09689884900007 ] } },
{ "type": "Feature", "properties": { "Name": "Schwarzach b.Nabburg", "Population": 1356, "POSTCODE": "92548" }, "geometry": { "type": "Point", "coordinates": [ 12.212279352000053, 49.397449555000037 ] } },
{ "type": "Feature", "properties": { "Name": "Antdorf", "Population": 1356, "POSTCODE": "82387" }, "geometry": { "type": "Point", "coordinates": [ 11.305084650000026, 47.752320173000044 ] } },
{ "type": "Feature", "properties": { "Name": "Fünfstetten", "Population": 1356, "POSTCODE": "86681" }, "geometry": { "type": "Point", "coordinates": [ 10.771231370000066, 48.838477778000026 ] } },
{ "type": "Feature", "properties": { "Name": "Grattersdorf", "Population": 1356, "POSTCODE": "94541" }, "geometry": { "type": "Point", "coordinates": [ 13.159675398000047, 48.805127790000029 ] } },
{ "type": "Feature", "properties": { "Name": "Trabitz", "Population": 1356, "POSTCODE": "92724" }, "geometry": { "type": "Point", "coordinates": [ 11.898396258000048, 49.783589658000039 ] } },
{ "type": "Feature", "properties": { "Name": "Wurmsham", "Population": 1355, "POSTCODE": "84189" }, "geometry": { "type": "Point", "coordinates": [ 12.325736816000074, 48.352508021000062 ] } },
{ "type": "Feature", "properties": { "Name": "Schmiechen", "Population": 1352, "POSTCODE": "86511" }, "geometry": { "type": "Point", "coordinates": [ 10.946712756000068, 48.227126067000029 ] } },
{ "type": "Feature", "properties": { "Name": "Plech", "Population": 1350, "POSTCODE": "91287" }, "geometry": { "type": "Point", "coordinates": [ 11.466277317000049, 49.66173378600007 ] } },
{ "type": "Feature", "properties": { "Name": "Steinkirchen", "Population": 1349, "POSTCODE": "84439" }, "geometry": { "type": "Point", "coordinates": [ 12.083510744000023, 48.37650162400007 ] } },
{ "type": "Feature", "properties": { "Name": "Reimlingen", "Population": 1346, "POSTCODE": "86756" }, "geometry": { "type": "Point", "coordinates": [ 10.52228066300006, 48.828541838000035 ] } },
{ "type": "Feature", "properties": { "Name": "Kleinaitingen", "Population": 1342, "POSTCODE": "86507" }, "geometry": { "type": "Point", "coordinates": [ 10.863726835000023, 48.218467505000035 ] } },
{ "type": "Feature", "properties": { "Name": "Burgpreppach", "Population": 1338, "POSTCODE": "97496" }, "geometry": { "type": "Point", "coordinates": [ 10.630503827000041, 50.133953034000058 ] } },
{ "type": "Feature", "properties": { "Name": "Bächingen a.d.Brenz", "Population": 1335, "POSTCODE": "89431" }, "geometry": { "type": "Point", "coordinates": [ 10.321355677000042, 48.537492816000054 ] } },
{ "type": "Feature", "properties": { "Name": "Oberreichenbach", "Population": 1334, "POSTCODE": "91097" }, "geometry": { "type": "Point", "coordinates": [ 10.769944439000028, 49.594080176000034 ] } },
{ "type": "Feature", "properties": { "Name": "Sachsenkam", "Population": 1333, "POSTCODE": "83679" }, "geometry": { "type": "Point", "coordinates": [ 11.629492927000058, 47.808588195000027 ] } },
{ "type": "Feature", "properties": { "Name": "Görisried", "Population": 1333, "POSTCODE": "87657" }, "geometry": { "type": "Point", "coordinates": [ 10.515769675000058, 47.68950263000005 ] } },
{ "type": "Feature", "properties": { "Name": "Wieseth", "Population": 1329, "POSTCODE": "91632" }, "geometry": { "type": "Point", "coordinates": [ 10.474523281000074, 49.168809312000064 ] } },
{ "type": "Feature", "properties": { "Name": "Gädheim", "Population": 1329, "POSTCODE": "97503" }, "geometry": { "type": "Point", "coordinates": [ 10.361040050000042, 50.020218716000045 ] } },
{ "type": "Feature", "properties": { "Name": "Aislingen", "Population": 1329, "POSTCODE": "89344" }, "geometry": { "type": "Point", "coordinates": [ 10.450163187000044, 48.508339463000027 ] } },
{ "type": "Feature", "properties": { "Name": "Schlehdorf", "Population": 1327, "POSTCODE": "82444" }, "geometry": { "type": "Point", "coordinates": [ 11.307801018000077, 47.645198722000032 ] } },
{ "type": "Feature", "properties": { "Name": "Bruck", "Population": 1326, "POSTCODE": null }, "geometry": null },
{ "type": "Feature", "properties": { "Name": "Thüngen", "Population": 1326, "POSTCODE": "97289" }, "geometry": { "type": "Point", "coordinates": [ 9.862934463000045, 49.93846650200004 ] } },
{ "type": "Feature", "properties": { "Name": "Dingolshausen", "Population": 1326, "POSTCODE": "97497" }, "geometry": { "type": "Point", "coordinates": [ 10.397763633000068, 49.910437908000063 ] } },
{ "type": "Feature", "properties": { "Name": "Perach", "Population": 1326, "POSTCODE": null }, "geometry": null },
{ "type": "Feature", "properties": { "Name": "Eisenheim", "Population": 1325, "POSTCODE": "97247" }, "geometry": { "type": "Point", "coordinates": [ 10.152006875000041, 49.879463433000069 ] } },
{ "type": "Feature", "properties": { "Name": "Gutenstetten", "Population": 1324, "POSTCODE": "91468" }, "geometry": { "type": "Point", "coordinates": [ 10.63748875400006, 49.624935359000062 ] } },
{ "type": "Feature", "properties": { "Name": "Kirchhaslach", "Population": 1321, "POSTCODE": "87755" }, "geometry": { "type": "Point", "coordinates": [ 10.321026581000069, 48.152897535000079 ] } },
{ "type": "Feature", "properties": { "Name": "Kirchlauter", "Population": 1311, "POSTCODE": "96166" }, "geometry": { "type": "Point", "coordinates": [ 10.70128184500004, 50.041019475000041 ] } },
{ "type": "Feature", "properties": { "Name": "Gestratz", "Population": 1307, "POSTCODE": null }, "geometry": null },
{ "type": "Feature", "properties": { "Name": "Bütthard", "Population": 1301, "POSTCODE": "97244" }, "geometry": { "type": "Point", "coordinates": [ 9.882210181000062, 49.590193862000035 ] } },
{ "type": "Feature", "properties": { "Name": "Schöfweg", "Population": 1297, "POSTCODE": "94572" }, "geometry": { "type": "Point", "coordinates": [ 13.223201058000029, 48.835467612000059 ] } },
{ "type": "Feature", "properties": { "Name": "Trautskirchen", "Population": 1296, "POSTCODE": "90619" }, "geometry": { "type": "Point", "coordinates": [ 10.576178700000071, 49.456839190000039 ] } },
{ "type": "Feature", "properties": { "Name": "Villenbach", "Population": 1295, "POSTCODE": "89444" }, "geometry": { "type": "Point", "coordinates": [ 10.614685059000067, 48.508911132000037 ] } },
{ "type": "Feature", "properties": { "Name": "Zusamaltheim", "Population": 1294, "POSTCODE": "89449" }, "geometry": { "type": "Point", "coordinates": [ 10.635681152000075, 48.531127929000036 ] } },
{ "type": "Feature", "properties": { "Name": "Burgwindheim", "Population": 1288, "POSTCODE": "96154" }, "geometry": { "type": "Point", "coordinates": [ 10.585392420000062, 49.822914010000034 ] } },
{ "type": "Feature", "properties": { "Name": "Pechbrunn", "Population": 1287, "POSTCODE": "95701" }, "geometry": { "type": "Point", "coordinates": [ 12.170184545000041, 49.969269895000082 ] } },
{ "type": "Feature", "properties": { "Name": "Gräfendorf", "Population": 1287, "POSTCODE": "97782" }, "geometry": { "type": "Point", "coordinates": [ 9.729894228000035, 50.119930174000046 ] } },
{ "type": "Feature", "properties": { "Name": "Glashütten", "Population": 1284, "POSTCODE": "95496" }, "geometry": { "type": "Point", "coordinates": [ 11.452817850000031, 49.889129797000066 ] } },
{ "type": "Feature", "properties": { "Name": "Baar (Schwaben)", "Population": 1282, "POSTCODE": "86674" }, "geometry": { "type": "Point", "coordinates": [ 10.966288537000025, 48.583892290000051 ] } },
{ "type": "Feature", "properties": { "Name": "Ebnath", "Population": 1282, "POSTCODE": "95683" }, "geometry": { "type": "Point", "coordinates": [ 11.938662386000033, 49.953316104000066 ] } },
{ "type": "Feature", "properties": { "Name": "Marktoffingen", "Population": 1280, "POSTCODE": "86748" }, "geometry": { "type": "Point", "coordinates": [ 10.467298356000072, 48.928850319000048 ] } },
{ "type": "Feature", "properties": { "Name": "Markt Berolzheim", "Population": 1280, "POSTCODE": "91801" }, "geometry": { "type": "Point", "coordinates": [ 10.836558946000025, 49.006913848000067 ] } },
{ "type": "Feature", "properties": { "Name": "Seybothenreuth", "Population": 1279, "POSTCODE": null }, "geometry": null },
{ "type": "Feature", "properties": { "Name": "Bad Bayersoien", "Population": 1278, "POSTCODE": "82435" }, "geometry": { "type": "Point", "coordinates": [ 11.004809482000041, 47.695978392000029 ] } },
{ "type": "Feature", "properties": { "Name": "Waldstetten", "Population": 1274, "POSTCODE": "89367" }, "geometry": { "type": "Point", "coordinates": [ 10.289975525000045, 48.349208952000026 ] } },
{ "type": "Feature", "properties": { "Name": "Georgenberg", "Population": 1272, "POSTCODE": "92697" }, "geometry": { "type": "Point", "coordinates": [ 12.408399195000072, 49.704443676000039 ] } },
{ "type": "Feature", "properties": { "Name": "Heustreu", "Population": 1269, "POSTCODE": null }, "geometry": null },
{ "type": "Feature", "properties": { "Name": "Wallerfing", "Population": 1268, "POSTCODE": "94574" }, "geometry": { "type": "Point", "coordinates": [ 12.877545817000055, 48.686857258000032 ] } },
{ "type": "Feature", "properties": { "Name": "Mehlmeisel", "Population": 1268, "POSTCODE": "95694" }, "geometry": { "type": "Point", "coordinates": [ 11.869289809000065, 49.978906153000025 ] } },
{ "type": "Feature", "properties": { "Name": "Königsfeld", "Population": 1263, "POSTCODE": "96167" }, "geometry": { "type": "Point", "coordinates": [ 11.161103538000077, 49.939698110000052 ] } },
{ "type": "Feature", "properties": { "Name": "Aufseß", "Population": 1263, "POSTCODE": "91347" }, "geometry": { "type": "Point", "coordinates": [ 11.216513275000068, 49.895653864000053 ] } },
{ "type": "Feature", "properties": { "Name": "Hawangen", "Population": 1260, "POSTCODE": "87749" }, "geometry": { "type": "Point", "coordinates": [ 10.267986561000043, 47.972978519000037 ] } },
{ "type": "Feature", "properties": { "Name": "Lautrach", "Population": 1259, "POSTCODE": "87763" }, "geometry": { "type": "Point", "coordinates": [ 10.112167125000042, 47.895614310000042 ] } },
{ "type": "Feature", "properties": { "Name": "Niedermurach", "Population": 1257, "POSTCODE": "92545" }, "geometry": { "type": "Point", "coordinates": [ 12.360863621000021, 49.444874997000056 ] } },
{ "type": "Feature", "properties": { "Name": "Rügland", "Population": 1257, "POSTCODE": "91622" }, "geometry": { "type": "Point", "coordinates": [ 10.578176701000075, 49.418177766000042 ] } },
{ "type": "Feature", "properties": { "Name": "Sommerkahl", "Population": 1256, "POSTCODE": null }, "geometry": null },
{ "type": "Feature", "properties": { "Name": "Breitenthal", "Population": 1255, "POSTCODE": "86488" }, "geometry": { "type": "Point", "coordinates": [ 10.303993576000039, 48.238454946000047 ] } },
{ "type": "Feature", "properties": { "Name": "Maihingen", "Population": 1253, "POSTCODE": "86747" }, "geometry": { "type": "Point", "coordinates": [ 10.508775732000061, 48.926873031000071 ] } },
{ "type": "Feature", "properties": { "Name": "Riegsee", "Population": 1252, "POSTCODE": null }, "geometry": null },
{ "type": "Feature", "properties": { "Name": "Ellzee", "Population": 1252, "POSTCODE": "89352" }, "geometry": { "type": "Point", "coordinates": [ 10.304863164000039, 48.327718143000027 ] } },
{ "type": "Feature", "properties": { "Name": "Baudenbach", "Population": 1251, "POSTCODE": "91460" }, "geometry": { "type": "Point", "coordinates": [ 10.540702457000066, 49.632022533000054 ] } },
{ "type": "Feature", "properties": { "Name": "Gesees", "Population": 1251, "POSTCODE": "95494" }, "geometry": { "type": "Point", "coordinates": [ 11.539462368000045, 49.898788737000075 ] } },
{ "type": "Feature", "properties": { "Name": "Ustersbach", "Population": 1251, "POSTCODE": "86514" }, "geometry": { "type": "Point", "coordinates": [ 10.63991567000005, 48.322430762000067 ] } },
{ "type": "Feature", "properties": { "Name": "Biebelried", "Population": 1250, "POSTCODE": null }, "geometry": null },
{ "type": "Feature", "properties": { "Name": "Egweil", "Population": 1250, "POSTCODE": "85116" }, "geometry": { "type": "Point", "coordinates": [ 11.224681144000044, 48.787191104000044 ] } },
{ "type": "Feature", "properties": { "Name": "Stadelhofen", "Population": 1247, "POSTCODE": "96187" }, "geometry": { "type": "Point", "coordinates": [ 11.175591317000055, 49.990056107000044 ] } },
{ "type": "Feature", "properties": { "Name": "Balzhausen", "Population": 1247, "POSTCODE": "86483" }, "geometry": { "type": "Point", "coordinates": [ 10.489556563000065, 48.235272956000074 ] } },
{ "type": "Feature", "properties": { "Name": "Wittelshofen", "Population": 1246, "POSTCODE": "91749" }, "geometry": { "type": "Point", "coordinates": [ 10.480624750000061, 49.068422597000051 ] } },
{ "type": "Feature", "properties": { "Name": "Weigendorf", "Population": 1244, "POSTCODE": "91249" }, "geometry": { "type": "Point", "coordinates": [ 11.583405793000054, 49.500362184000039 ] } },
{ "type": "Feature", "properties": { "Name": "Kirchenpingarten", "Population": 1244, "POSTCODE": null }, "geometry": null },
{ "type": "Feature", "properties": { "Name": "Sulzfeld a.Main", "Population": 1242, "POSTCODE": "97320" }, "geometry": { "type": "Point", "coordinates": [ 10.120481699000038, 49.708698794000043 ] } },
{ "type": "Feature", "properties": { "Name": "Leupoldsgrün", "Population": 1238, "POSTCODE": "95191" }, "geometry": { "type": "Point", "coordinates": [ 11.798754743000075, 50.294523066000068 ] } },
{ "type": "Feature", "properties": { "Name": "Steinsfeld", "Population": 1235, "POSTCODE": "91628" }, "geometry": { "type": "Point", "coordinates": [ 10.210415584000032, 49.426700416000074 ] } },
{ "type": "Feature", "properties": { "Name": "Niederbergkirchen", "Population": 1233, "POSTCODE": null }, "geometry": null },
{ "type": "Feature", "properties": { "Name": "Wiesthal", "Population": 1232, "POSTCODE": null }, "geometry": null },
{ "type": "Feature", "properties": { "Name": "Hopferau", "Population": 1230, "POSTCODE": "87659" }, "geometry": { "type": "Point", "coordinates": [ 10.644031117000054, 47.608234748000029 ] } },
{ "type": "Feature", "properties": { "Name": "Malching", "Population": 1229, "POSTCODE": null }, "geometry": null },
{ "type": "Feature", "properties": { "Name": "Münster", "Population": 1228, "POSTCODE": "48143" }, "geometry": { "type": "Point", "coordinates": [ 7.626453078000054, 51.961306059000037 ] } },
{ "type": "Feature", "properties": { "Name": "Unterleinleiter", "Population": 1227, "POSTCODE": "91364" }, "geometry": { "type": "Point", "coordinates": [ 11.17058030000004, 49.823887760000048 ] } },
{ "type": "Feature", "properties": { "Name": "Altenbuch", "Population": 1223, "POSTCODE": "97901" }, "geometry": { "type": "Point", "coordinates": [ 9.411141691000068, 49.840926858000046 ] } },
{ "type": "Feature", "properties": { "Name": "Raitenbuch", "Population": 1219, "POSTCODE": "91790" }, "geometry": { "type": "Point", "coordinates": [ 11.119881037000027, 49.028295306000075 ] } },
{ "type": "Feature", "properties": { "Name": "Aletshausen", "Population": 1218, "POSTCODE": "86480" }, "geometry": { "type": "Point", "coordinates": [ 10.38068867100003, 48.194118214000071 ] } },
{ "type": "Feature", "properties": { "Name": "Markt Einersheim", "Population": 1216, "POSTCODE": null }, "geometry": null },
{ "type": "Feature", "properties": { "Name": "Beutelsbach", "Population": 1215, "POSTCODE": null }, "geometry": null },
{ "type": "Feature", "properties": { "Name": "Höslwang", "Population": 1214, "POSTCODE": "83129" }, "geometry": { "type": "Point", "coordinates": [ 12.320214476000046, 47.948148950000075 ] } },
{ "type": "Feature", "properties": { "Name": "Insingen", "Population": 1211, "POSTCODE": "91610" }, "geometry": { "type": "Point", "coordinates": [ 10.16089855000007, 49.309748247000073 ] } },
{ "type": "Feature", "properties": { "Name": "Eglfing", "Population": 1211, "POSTCODE": "82436" }, "geometry": { "type": "Point", "coordinates": [ 11.172312675000057, 47.734372740000026 ] } },
{ "type": "Feature", "properties": { "Name": "Weißdorf", "Population": 1211, "POSTCODE": "95237" }, "geometry": { "type": "Point", "coordinates": [ 11.859710493000023, 50.182859638000082 ] } },
{ "type": "Feature", "properties": { "Name": "Malgersdorf", "Population": 1211, "POSTCODE": "84333" }, "geometry": { "type": "Point", "coordinates": [ 12.743596700000069, 48.521262062000062 ] } },
{ "type": "Feature", "properties": { "Name": "Apfeldorf", "Population": 1208, "POSTCODE": "86974" }, "geometry": { "type": "Point", "coordinates": [ 10.934700100000043, 47.89694004100005 ] } },
{ "type": "Feature", "properties": { "Name": "Sindelsdorf", "Population": 1206, "POSTCODE": "82404" }, "geometry": { "type": "Point", "coordinates": [ 11.343174282000064, 47.719163954000066 ] } },
{ "type": "Feature", "properties": { "Name": "Röfingen", "Population": 1204, "POSTCODE": "89365" }, "geometry": { "type": "Point", "coordinates": [ 10.459406690000037, 48.426344634000031 ] } },
{ "type": "Feature", "properties": { "Name": "Oberpöring", "Population": 1201, "POSTCODE": "94562" }, "geometry": { "type": "Point", "coordinates": [ 12.834437983000043, 48.708886446000065 ] } },
{ "type": "Feature", "properties": { "Name": "Theisseil", "Population": 1198, "POSTCODE": null }, "geometry": null },
{ "type": "Feature", "properties": { "Name": "Leuchtenberg", "Population": 1198, "POSTCODE": "92705" }, "geometry": { "type": "Point", "coordinates": [ 12.264015594000057, 49.588414833000058 ] } },
{ "type": "Feature", "properties": { "Name": "Schönau a.d.Brend", "Population": 1196, "POSTCODE": "97659" }, "geometry": { "type": "Point", "coordinates": [ 10.090098288000036, 50.365914355000029 ] } },
{ "type": "Feature", "properties": { "Name": "Erlbach", "Population": 1191, "POSTCODE": "84567" }, "geometry": { "type": "Point", "coordinates": [ 12.779403406000029, 48.293325175000064 ] } },
{ "type": "Feature", "properties": { "Name": "Kohlberg", "Population": 1190, "POSTCODE": "72664" }, "geometry": { "type": "Point", "coordinates": [ 9.332645552000031, 48.561259260000043 ] } },
{ "type": "Feature", "properties": { "Name": "Lauter", "Population": 1188, "POSTCODE": "96169" }, "geometry": { "type": "Point", "coordinates": [ 10.77676235000007, 49.975639411000031 ] } },
{ "type": "Feature", "properties": { "Name": "Hirschbach", "Population": 1184, "POSTCODE": "92275" }, "geometry": { "type": "Point", "coordinates": [ 11.585763177000047, 49.574424900000054 ] } },
{ "type": "Feature", "properties": { "Name": "Genderkingen", "Population": 1183, "POSTCODE": "86682" }, "geometry": { "type": "Point", "coordinates": [ 10.868688528000064, 48.70944995900004 ] } },
{ "type": "Feature", "properties": { "Name": "Zangberg", "Population": 1182, "POSTCODE": null }, "geometry": null },
{ "type": "Feature", "properties": { "Name": "Ellgau", "Population": 1179, "POSTCODE": "86679" }, "geometry": { "type": "Point", "coordinates": [ 10.864154335000023, 48.613735889000054 ] } },
{ "type": "Feature", "properties": { "Name": "Michelau i.Steigerwald", "Population": 1178, "POSTCODE": "97513" }, "geometry": { "type": "Point", "coordinates": [ 10.434946525000043, 49.91672740100006 ] } },
{ "type": "Feature", "properties": { "Name": "Diebach", "Population": 1177, "POSTCODE": "91583" }, "geometry": { "type": "Point", "coordinates": [ 10.214107375000026, 49.295249269000067 ] } },
{ "type": "Feature", "properties": { "Name": "Egg a.d.Günz", "Population": 1176, "POSTCODE": "87743" }, "geometry": { "type": "Point", "coordinates": [ 10.272591462000037, 48.088587080000082 ] } },
{ "type": "Feature", "properties": { "Name": "Friedenfels", "Population": 1175, "POSTCODE": "95688" }, "geometry": { "type": "Point", "coordinates": [ 12.101816063000058, 49.890516239000078 ] } },
{ "type": "Feature", "properties": { "Name": "Neustadt a.Main", "Population": 1174, "POSTCODE": "97845" }, "geometry": { "type": "Point", "coordinates": [ 9.552484420000042, 49.937487186000055 ] } },
{ "type": "Feature", "properties": { "Name": "Aichen", "Population": 1172, "POSTCODE": "86479" }, "geometry": { "type": "Point", "coordinates": [ 10.539801859000022, 48.232677500000079 ] } },
{ "type": "Feature", "properties": { "Name": "Oberrieden", "Population": 1171, "POSTCODE": "87769" }, "geometry": { "type": "Point", "coordinates": [ 10.413504318000037, 48.090813870000034 ] } },
{ "type": "Feature", "properties": { "Name": "Kirchberg", "Population": 1170, "POSTCODE": "08107" }, "geometry": { "type": "Point", "coordinates": [ 12.525159932000065, 50.598284626000066 ] } },
{ "type": "Feature", "properties": { "Name": "Weißenohe", "Population": 1170, "POSTCODE": "91367" }, "geometry": { "type": "Point", "coordinates": [ 11.270260170000029, 49.625978952000025 ] } },
{ "type": "Feature", "properties": { "Name": "Walkertshofen", "Population": 1167, "POSTCODE": "86877" }, "geometry": { "type": "Point", "coordinates": [ 10.587292652000031, 48.228864739000073 ] } },
{ "type": "Feature", "properties": { "Name": "Hunding", "Population": 1162, "POSTCODE": null }, "geometry": null },
{ "type": "Feature", "properties": { "Name": "Frickenhausen a.Main", "Population": 1161, "POSTCODE": "97252" }, "geometry": { "type": "Point", "coordinates": [ 10.10209390700004, 49.679135196000061 ] } },
{ "type": "Feature", "properties": { "Name": "Neustadt am Kulm", "Population": 1160, "POSTCODE": "95514" }, "geometry": { "type": "Point", "coordinates": [ 11.835318568000048, 49.827512604000049 ] } },
{ "type": "Feature", "properties": { "Name": "Zenting", "Population": 1159, "POSTCODE": "94579" }, "geometry": { "type": "Point", "coordinates": [ 13.255874479000056, 48.787899002000074 ] } },
{ "type": "Feature", "properties": { "Name": "Gstadt a.Chiemsee", "Population": 1157, "POSTCODE": "83257" }, "geometry": { "type": "Point", "coordinates": [ 12.416771597000036, 47.904317232000039 ] } },
{ "type": "Feature", "properties": { "Name": "Burgsalach", "Population": 1153, "POSTCODE": null }, "geometry": null },
{ "type": "Feature", "properties": { "Name": "Gotteszell", "Population": 1148, "POSTCODE": null }, "geometry": null },
{ "type": "Feature", "properties": { "Name": "Markt Nordheim", "Population": 1145, "POSTCODE": "91478" }, "geometry": { "type": "Point", "coordinates": [ 10.331203209000023, 49.570244242000058 ] } },
{ "type": "Feature", "properties": { "Name": "Oberpleichfeld", "Population": 1143, "POSTCODE": null }, "geometry": null },
{ "type": "Feature", "properties": { "Name": "Sulzdorf a.d.Lederhecke", "Population": 1142, "POSTCODE": "97528" }, "geometry": { "type": "Point", "coordinates": [ 10.56562694400003, 50.244052707000037 ] } },
{ "type": "Feature", "properties": { "Name": "Brand", "Population": 1139, "POSTCODE": "95682" }, "geometry": { "type": "Point", "coordinates": [ 11.900120467000022, 49.959840902000053 ] } },
{ "type": "Feature", "properties": { "Name": "Wonsees", "Population": 1139, "POSTCODE": "96197" }, "geometry": { "type": "Point", "coordinates": [ 11.312722804000032, 49.987523097000064 ] } },
{ "type": "Feature", "properties": { "Name": "Schwarzenbach", "Population": 1138, "POSTCODE": "92720" }, "geometry": { "type": "Point", "coordinates": [ 12.003492596000058, 49.720294110000054 ] } },
{ "type": "Feature", "properties": { "Name": "Westheim", "Population": 1136, "POSTCODE": "91747" }, "geometry": { "type": "Point", "coordinates": [ 10.67209390000005, 49.002983608000079 ] } },
{ "type": "Feature", "properties": { "Name": "Neukirchen-Balbini", "Population": 1132, "POSTCODE": "92445" }, "geometry": { "type": "Point", "coordinates": [ 12.417626990000031, 49.290297833000068 ] } },
{ "type": "Feature", "properties": { "Name": "Prosselsheim", "Population": 1130, "POSTCODE": "97279" }, "geometry": { "type": "Point", "coordinates": [ 10.121122327000023, 49.861147895000045 ] } },
{ "type": "Feature", "properties": { "Name": "Habach", "Population": 1127, "POSTCODE": "82392" }, "geometry": { "type": "Point", "coordinates": [ 11.287158107000039, 47.727732464000042 ] } },
{ "type": "Feature", "properties": { "Name": "Marktgraitz", "Population": 1126, "POSTCODE": null }, "geometry": null },
{ "type": "Feature", "properties": { "Name": "Alfeld", "Population": 1125, "POSTCODE": "91236" }, "geometry": { "type": "Point", "coordinates": [ 11.531548713000063, 49.430971258000056 ] } },
{ "type": "Feature", "properties": { "Name": "Neuhütten", "Population": 1125, "POSTCODE": null }, "geometry": null },
{ "type": "Feature", "properties": { "Name": "Irlbach", "Population": 1124, "POSTCODE": null }, "geometry": null },
{ "type": "Feature", "properties": { "Name": "Essing", "Population": 1124, "POSTCODE": "93343" }, "geometry": { "type": "Point", "coordinates": [ 11.803947338000057, 48.940497333000053 ] } },
{ "type": "Feature", "properties": { "Name": "Ingenried", "Population": 1122, "POSTCODE": "86980" }, "geometry": { "type": "Point", "coordinates": [ 10.784694882000053, 47.807873488000041 ] } },
{ "type": "Feature", "properties": { "Name": "Theilenhofen", "Population": 1120, "POSTCODE": "91741" }, "geometry": { "type": "Point", "coordinates": [ 10.840259127000024, 49.079960754000069 ] } },
{ "type": "Feature", "properties": { "Name": "Speinshart", "Population": 1119, "POSTCODE": "92676" }, "geometry": { "type": "Point", "coordinates": [ 11.820874326000023, 49.771140916000036 ] } },
{ "type": "Feature", "properties": { "Name": "Staudach-Egerndach", "Population": 1117, "POSTCODE": null }, "geometry": null },
{ "type": "Feature", "properties": { "Name": "Fellheim", "Population": 1116, "POSTCODE": "87748" }, "geometry": { "type": "Point", "coordinates": [ 10.152519361000031, 48.073746170000049 ] } },
{ "type": "Feature", "properties": { "Name": "Schirnding", "Population": 1115, "POSTCODE": "95706" }, "geometry": { "type": "Point", "coordinates": [ 12.237042917000053, 50.071880586000077 ] } },
{ "type": "Feature", "properties": { "Name": "Ramsthal", "Population": 1114, "POSTCODE": "97729" }, "geometry": { "type": "Point", "coordinates": [ 10.077831176000075, 50.129182532000073 ] } },
{ "type": "Feature", "properties": { "Name": "Wolferstadt", "Population": 1113, "POSTCODE": "86709" }, "geometry": { "type": "Point", "coordinates": [ 10.77314645000007, 48.896864920000041 ] } },
{ "type": "Feature", "properties": { "Name": "Ziertheim", "Population": 1113, "POSTCODE": "89446" }, "geometry": { "type": "Point", "coordinates": [ 10.398554169000022, 48.661372655000037 ] } },
{ "type": "Feature", "properties": { "Name": "Burk", "Population": 1112, "POSTCODE": "91596" }, "geometry": { "type": "Point", "coordinates": [ 10.482492279000041, 49.13875736600005 ] } },
{ "type": "Feature", "properties": { "Name": "Glött", "Population": 1103, "POSTCODE": "89353" }, "geometry": { "type": "Point", "coordinates": [ 10.492167600000073, 48.492693647000067 ] } },
{ "type": "Feature", "properties": { "Name": "Ungerhausen", "Population": 1103, "POSTCODE": "87781" }, "geometry": { "type": "Point", "coordinates": [ 10.26893874700005, 48.00117549600003 ] } },
{ "type": "Feature", "properties": { "Name": "Eisenberg", "Population": 1103, "POSTCODE": "07607" }, "geometry": { "type": "Point", "coordinates": [ 11.883144564000077, 50.963582712000061 ] } },
{ "type": "Feature", "properties": { "Name": "Buchbrunn", "Population": 1099, "POSTCODE": null }, "geometry": null },
{ "type": "Feature", "properties": { "Name": "Gössenheim", "Population": 1098, "POSTCODE": "97780" }, "geometry": { "type": "Point", "coordinates": [ 9.77471216400005, 50.019788728000037 ] } },
{ "type": "Feature", "properties": { "Name": "Thaining", "Population": 1098, "POSTCODE": "86943" }, "geometry": { "type": "Point", "coordinates": [ 10.963187748000053, 47.973177444000044 ] } },
{ "type": "Feature", "properties": { "Name": "Ederheim", "Population": 1096, "POSTCODE": "86739" }, "geometry": { "type": "Point", "coordinates": [ 10.464326564000032, 48.795913591000044 ] } },
{ "type": "Feature", "properties": { "Name": "Rannungen", "Population": 1095, "POSTCODE": "97517" }, "geometry": { "type": "Point", "coordinates": [ 10.203833117000045, 50.169371315000035 ] } },
{ "type": "Feature", "properties": { "Name": "Scherstetten", "Population": 1092, "POSTCODE": "86872" }, "geometry": { "type": "Point", "coordinates": [ 10.645518383000024, 48.190486432000057 ] } },
{ "type": "Feature", "properties": { "Name": "Stettfeld", "Population": 1091, "POSTCODE": "96188" }, "geometry": { "type": "Point", "coordinates": [ 10.729389388000072, 49.974740546000078 ] } },
{ "type": "Feature", "properties": { "Name": "Reuth b.Erbendorf", "Population": 1084, "POSTCODE": "92717" }, "geometry": { "type": "Point", "coordinates": [ 12.141912871000045, 49.857343399000058 ] } },
{ "type": "Feature", "properties": { "Name": "Wiesenbronn", "Population": 1083, "POSTCODE": null }, "geometry": null },
{ "type": "Feature", "properties": { "Name": "Tyrlaching", "Population": 1080, "POSTCODE": null }, "geometry": null },
{ "type": "Feature", "properties": { "Name": "Langenfeld", "Population": 1078, "POSTCODE": "91474" }, "geometry": { "type": "Point", "coordinates": [ 10.514906197000073, 49.610757002000071 ] } },
{ "type": "Feature", "properties": { "Name": "Holzheim a.Forst", "Population": 1077, "POSTCODE": "93183" }, "geometry": { "type": "Point", "coordinates": [ 11.992954075000057, 49.154029759000082 ] } },
{ "type": "Feature", "properties": { "Name": "Mittelneufnach", "Population": 1076, "POSTCODE": "86868" }, "geometry": { "type": "Point", "coordinates": [ 10.596774425000035, 48.181558841000026 ] } },
{ "type": "Feature", "properties": { "Name": "Höttingen", "Population": 1076, "POSTCODE": "91798" }, "geometry": { "type": "Point", "coordinates": [ 11.009917789000042, 49.070941917000027 ] } },
{ "type": "Feature", "properties": { "Name": "Ippesheim", "Population": 1074, "POSTCODE": null }, "geometry": null },
{ "type": "Feature", "properties": { "Name": "Bechtsrieth", "Population": 1073, "POSTCODE": null }, "geometry": null },
{ "type": "Feature", "properties": { "Name": "Halsbach", "Population": 1072, "POSTCODE": "84553" }, "geometry": { "type": "Point", "coordinates": [ 12.68294217600004, 48.118863840000074 ] } },
{ "type": "Feature", "properties": { "Name": "Bolsterlang", "Population": 1071, "POSTCODE": null }, "geometry": null },
{ "type": "Feature", "properties": { "Name": "Windelsbach", "Population": 1071, "POSTCODE": "91635" }, "geometry": { "type": "Point", "coordinates": [ 10.263592800000026, 49.40000118100005 ] } },
{ "type": "Feature", "properties": { "Name": "Rechtenbach", "Population": 1071, "POSTCODE": "97848" }, "geometry": { "type": "Point", "coordinates": [ 9.519842397000048, 49.985628424000026 ] } },
{ "type": "Feature", "properties": { "Name": "Tagmersheim", "Population": 1070, "POSTCODE": "86704" }, "geometry": { "type": "Point", "coordinates": [ 10.963916203000053, 48.822801575000028 ] } },
{ "type": "Feature", "properties": { "Name": "Rattenkirchen", "Population": 1068, "POSTCODE": "84431" }, "geometry": { "type": "Point", "coordinates": [ 12.340633185000058, 48.23827943200007 ] } },
{ "type": "Feature", "properties": { "Name": "Vorbach", "Population": 1061, "POSTCODE": null }, "geometry": null },
{ "type": "Feature", "properties": { "Name": "Unterroth", "Population": 1061, "POSTCODE": "89299" }, "geometry": { "type": "Point", "coordinates": [ 10.189157819000059, 48.19622215000004 ] } },
{ "type": "Feature", "properties": { "Name": "Seinsheim", "Population": 1060, "POSTCODE": "97342" }, "geometry": { "type": "Point", "coordinates": [ 10.199620200000027, 49.649777329000074 ] } },
{ "type": "Feature", "properties": { "Name": "Kinsau", "Population": 1055, "POSTCODE": "86981" }, "geometry": { "type": "Point", "coordinates": [ 10.904949295000051, 47.878625953000039 ] } },
{ "type": "Feature", "properties": { "Name": "Ergersheim", "Population": 1054, "POSTCODE": "91465" }, "geometry": { "type": "Point", "coordinates": [ 10.305292100000031, 49.524506490000078 ] } },
{ "type": "Feature", "properties": { "Name": "Engelthal", "Population": 1053, "POSTCODE": null }, "geometry": null },
{ "type": "Feature", "properties": { "Name": "Neufraunhofen", "Population": 1052, "POSTCODE": "84181" }, "geometry": { "type": "Point", "coordinates": [ 12.242873225000039, 48.403890840000031 ] } },
{ "type": "Feature", "properties": { "Name": "Auhausen", "Population": 1052, "POSTCODE": "86736" }, "geometry": { "type": "Point", "coordinates": [ 10.590416833000063, 49.006713279000053 ] } },
{ "type": "Feature", "properties": { "Name": "Leonberg", "Population": 1050, "POSTCODE": "71229" }, "geometry": { "type": "Point", "coordinates": [ 9.00700297700007, 48.790481359000069 ] } },
{ "type": "Feature", "properties": { "Name": "Kupferberg", "Population": 1049, "POSTCODE": "95362" }, "geometry": { "type": "Point", "coordinates": [ 11.587124657000061, 50.143315099000063 ] } },
{ "type": "Feature", "properties": { "Name": "Oberschönegg", "Population": 1048, "POSTCODE": "87770" }, "geometry": { "type": "Point", "coordinates": [ 10.332700375000059, 48.106442019000042 ] } },
{ "type": "Feature", "properties": { "Name": "Oberscheinfeld", "Population": 1047, "POSTCODE": "91483" }, "geometry": { "type": "Point", "coordinates": [ 10.43069785800003, 49.715934742000059 ] } },
{ "type": "Feature", "properties": { "Name": "Nordheim v.d.Rhön", "Population": 1046, "POSTCODE": null }, "geometry": null },
{ "type": "Feature", "properties": { "Name": "Höchheim", "Population": 1044, "POSTCODE": "97633" }, "geometry": { "type": "Point", "coordinates": [ 10.458429700000067, 50.351090947000046 ] } },
{ "type": "Feature", "properties": { "Name": "Gerach", "Population": 1041, "POSTCODE": "96161" }, "geometry": { "type": "Point", "coordinates": [ 10.79244833000007, 50.031027995000045 ] } },
{ "type": "Feature", "properties": { "Name": "Markt Taschendorf", "Population": 1039, "POSTCODE": "91480" }, "geometry": { "type": "Point", "coordinates": [ 10.528061800000046, 49.673950911000077 ] } },
{ "type": "Feature", "properties": { "Name": "Schwifting", "Population": 1039, "POSTCODE": "86940" }, "geometry": { "type": "Point", "coordinates": [ 10.939528038000049, 48.043604249000055 ] } },
{ "type": "Feature", "properties": { "Name": "Großeibstadt", "Population": 1036, "POSTCODE": null }, "geometry": null },
{ "type": "Feature", "properties": { "Name": "Schwabbruck", "Population": 1035, "POSTCODE": "86986" }, "geometry": { "type": "Point", "coordinates": [ 10.828052258000071, 47.82151232800004 ] } },
{ "type": "Feature", "properties": { "Name": "Thierstein", "Population": 1032, "POSTCODE": "95199" }, "geometry": { "type": "Point", "coordinates": [ 12.108908186000065, 50.119014314000026 ] } },
{ "type": "Feature", "properties": { "Name": "Heretsried", "Population": 1030, "POSTCODE": null }, "geometry": null },
{ "type": "Feature", "properties": { "Name": "Gattendorf", "Population": 1028, "POSTCODE": "95185" }, "geometry": { "type": "Point", "coordinates": [ 11.990951946000052, 50.328184918000034 ] } },
{ "type": "Feature", "properties": { "Name": "Roden", "Population": 1028, "POSTCODE": "97849" }, "geometry": { "type": "Point", "coordinates": [ 9.621996774000024, 49.911873430000071 ] } },
{ "type": "Feature", "properties": { "Name": "Wiesenbach", "Population": 1024, "POSTCODE": "86519" }, "geometry": { "type": "Point", "coordinates": [ 10.310389529000076, 48.292916403000049 ] } },
{ "type": "Feature", "properties": { "Name": "Windberg", "Population": 1023, "POSTCODE": null }, "geometry": null },
{ "type": "Feature", "properties": { "Name": "Falkenfels", "Population": 1019, "POSTCODE": "94350" }, "geometry": { "type": "Point", "coordinates": [ 12.591095822000057, 49.00352438300007 ] } },
{ "type": "Feature", "properties": { "Name": "Breitbrunn", "Population": 1019, "POSTCODE": "96151" }, "geometry": { "type": "Point", "coordinates": [ 10.715482325000039, 50.017813790000048 ] } },
{ "type": "Feature", "properties": { "Name": "Wiesen", "Population": 1018, "POSTCODE": "63831" }, "geometry": { "type": "Point", "coordinates": [ 9.354845212000043, 50.108741700000053 ] } },
{ "type": "Feature", "properties": { "Name": "Pösing", "Population": 1012, "POSTCODE": "93483" }, "geometry": { "type": "Point", "coordinates": [ 12.550376381000035, 49.233940675000042 ] } },
{ "type": "Feature", "properties": { "Name": "Höchstädt i.Fichtelgebirge", "Population": 1011, "POSTCODE": "95186" }, "geometry": { "type": "Point", "coordinates": [ 12.073865750000039, 50.099018336000029 ] } },
{ "type": "Feature", "properties": { "Name": "Obermaiselstein", "Population": 1009, "POSTCODE": "87538" }, "geometry": { "type": "Point", "coordinates": [ 10.174466150000057, 47.435874279000075 ] } },
{ "type": "Feature", "properties": { "Name": "Rückholz", "Population": 1007, "POSTCODE": "87494" }, "geometry": { "type": "Point", "coordinates": [ 10.549475208000047, 47.661352669000053 ] } },
{ "type": "Feature", "properties": { "Name": "Oberroth", "Population": 1005, "POSTCODE": "89294" }, "geometry": { "type": "Point", "coordinates": [ 10.19746820000006, 48.166112214000066 ] } },
{ "type": "Feature", "properties": { "Name": "Erharting", "Population": 1005, "POSTCODE": "84513" }, "geometry": { "type": "Point", "coordinates": [ 12.580780052000023, 48.269065300000079 ] } },
{ "type": "Feature", "properties": { "Name": "Emtmannsberg", "Population": 998, "POSTCODE": "95517" }, "geometry": { "type": "Point", "coordinates": [ 11.685596850000024, 49.881053435000069 ] } },
{ "type": "Feature", "properties": { "Name": "Dieterskirchen", "Population": 995, "POSTCODE": "92542" }, "geometry": { "type": "Point", "coordinates": [ 12.410795432000043, 49.406607607000069 ] } },
{ "type": "Feature", "properties": { "Name": "Medlingen", "Population": 992, "POSTCODE": "89441" }, "geometry": { "type": "Point", "coordinates": [ 10.326310096000043, 48.578299239000046 ] } },
{ "type": "Feature", "properties": { "Name": "Buchhofen", "Population": 991, "POSTCODE": "94533" }, "geometry": { "type": "Point", "coordinates": [ 12.930889011000033, 48.701640876000056 ] } },
{ "type": "Feature", "properties": { "Name": "Töpen", "Population": 990, "POSTCODE": null }, "geometry": null },
{ "type": "Feature", "properties": { "Name": "Nordheim a.Main", "Population": 986, "POSTCODE": "97334" }, "geometry": { "type": "Point", "coordinates": [ 10.185514350000062, 49.850129568000057 ] } },
{ "type": "Feature", "properties": { "Name": "Buch a.Wald", "Population": 986, "POSTCODE": "91592" }, "geometry": { "type": "Point", "coordinates": [ 10.309692151000036, 49.319095587000049 ] } },
{ "type": "Feature", "properties": { "Name": "Weigenheim", "Population": 984, "POSTCODE": null }, "geometry": null },
{ "type": "Feature", "properties": { "Name": "Thundorf i.UFr.", "Population": 984, "POSTCODE": null }, "geometry": null },
{ "type": "Feature", "properties": { "Name": "Wettringen", "Population": 983, "POSTCODE": "48493" }, "geometry": { "type": "Point", "coordinates": [ 7.295213396000065, 52.231155050000041 ] } },
{ "type": "Feature", "properties": { "Name": "Wipfeld", "Population": 982, "POSTCODE": "97537" }, "geometry": { "type": "Point", "coordinates": [ 10.173291362000043, 49.921148575000075 ] } },
{ "type": "Feature", "properties": { "Name": "Frankenwinheim", "Population": 979, "POSTCODE": null }, "geometry": null },
{ "type": "Feature", "properties": { "Name": "Treffelstein", "Population": 979, "POSTCODE": "93492" }, "geometry": { "type": "Point", "coordinates": [ 12.625980393000077, 49.418318072000034 ] } },
{ "type": "Feature", "properties": { "Name": "Martinsheim", "Population": 979, "POSTCODE": "97340" }, "geometry": { "type": "Point", "coordinates": [ 10.142530644000033, 49.638688081000055 ] } },
{ "type": "Feature", "properties": { "Name": "Issigau", "Population": 978, "POSTCODE": "95188" }, "geometry": { "type": "Point", "coordinates": [ 11.718462601000056, 50.376260247000062 ] } },
{ "type": "Feature", "properties": { "Name": "Apfeltrach", "Population": 974, "POSTCODE": null }, "geometry": null },
{ "type": "Feature", "properties": { "Name": "Steindorf", "Population": 973, "POSTCODE": "82297" }, "geometry": { "type": "Point", "coordinates": [ 11.021102658000075, 48.213113096000029 ] } },
{ "type": "Feature", "properties": { "Name": "Achslach", "Population": 969, "POSTCODE": "94250" }, "geometry": { "type": "Point", "coordinates": [ 12.910759173000031, 48.973718747000078 ] } },
{ "type": "Feature", "properties": { "Name": "Schnabelwaid", "Population": 966, "POSTCODE": "91289" }, "geometry": { "type": "Point", "coordinates": [ 11.59632762800004, 49.806896895000079 ] } },
{ "type": "Feature", "properties": { "Name": "Allmannshofen", "Population": 965, "POSTCODE": "86695" }, "geometry": { "type": "Point", "coordinates": [ 10.834639225000046, 48.607110979000026 ] } },
{ "type": "Feature", "properties": { "Name": "Strahlungen", "Population": 965, "POSTCODE": null }, "geometry": null },
{ "type": "Feature", "properties": { "Name": "Bayerisch Eisenstein", "Population": 965, "POSTCODE": "94252" }, "geometry": { "type": "Point", "coordinates": [ 13.184231016000069, 49.10525887600005 ] } },
{ "type": "Feature", "properties": { "Name": "Lutzingen", "Population": 961, "POSTCODE": "89440" }, "geometry": { "type": "Point", "coordinates": [ 10.539150598000049, 48.669861737000076 ] } },
{ "type": "Feature", "properties": { "Name": "Lichtenberg", "Population": 961, "POSTCODE": "95192" }, "geometry": { "type": "Point", "coordinates": [ 11.669646690000036, 50.37972368800007 ] } },
{ "type": "Feature", "properties": { "Name": "Thanstein", "Population": 960, "POSTCODE": "92554" }, "geometry": { "type": "Point", "coordinates": [ 12.460071965000054, 49.389917294000043 ] } },
{ "type": "Feature", "properties": { "Name": "Harsdorf", "Population": 959, "POSTCODE": "95499" }, "geometry": { "type": "Point", "coordinates": [ 11.571127357000023, 50.033479501000045 ] } },
{ "type": "Feature", "properties": { "Name": "Rödelmaier", "Population": 956, "POSTCODE": null }, "geometry": null },
{ "type": "Feature", "properties": { "Name": "Unsleben", "Population": 955, "POSTCODE": null }, "geometry": null },
{ "type": "Feature", "properties": { "Name": "Simmershofen", "Population": 952, "POSTCODE": null }, "geometry": null },
{ "type": "Feature", "properties": { "Name": "Ludwigschorgast", "Population": 951, "POSTCODE": "95364" }, "geometry": { "type": "Point", "coordinates": [ 11.56572462500003, 50.123887638000042 ] } },
{ "type": "Feature", "properties": { "Name": "Schneckenlohe", "Population": 948, "POSTCODE": "96277" }, "geometry": { "type": "Point", "coordinates": [ 11.203364420000071, 50.211907254000039 ] } },
{ "type": "Feature", "properties": { "Name": "Riedenberg", "Population": 948, "POSTCODE": "97792" }, "geometry": { "type": "Point", "coordinates": [ 9.884960115000069, 50.321928403000072 ] } },
{ "type": "Feature", "properties": { "Name": "Rothenfels", "Population": 947, "POSTCODE": "97851" }, "geometry": { "type": "Point", "coordinates": [ 9.578068200000075, 49.898140481000041 ] } },
{ "type": "Feature", "properties": { "Name": "Alesheim", "Population": 947, "POSTCODE": "91793" }, "geometry": { "type": "Point", "coordinates": [ 10.868747954000071, 49.039121872000067 ] } },
{ "type": "Feature", "properties": { "Name": "Haag", "Population": 946, "POSTCODE": null }, "geometry": null },
{ "type": "Feature", "properties": { "Name": "Illesheim", "Population": 945, "POSTCODE": "91471" }, "geometry": { "type": "Point", "coordinates": [ 10.404754193000031, 49.463156464000065 ] } },
{ "type": "Feature", "properties": { "Name": "Prem", "Population": 943, "POSTCODE": "86984" }, "geometry": { "type": "Point", "coordinates": [ 10.813037598000051, 47.675750992000076 ] } },
{ "type": "Feature", "properties": { "Name": "Rugendorf", "Population": 941, "POSTCODE": "95365" }, "geometry": { "type": "Point", "coordinates": [ 11.454541104000043, 50.200409667000031 ] } },
{ "type": "Feature", "properties": { "Name": "Prebitz", "Population": 938, "POSTCODE": null }, "geometry": null },
{ "type": "Feature", "properties": { "Name": "Eppenschlag", "Population": 935, "POSTCODE": "94536" }, "geometry": { "type": "Point", "coordinates": [ 13.303562812000052, 48.893231682000078 ] } },
{ "type": "Feature", "properties": { "Name": "Winterrieden", "Population": 933, "POSTCODE": "87785" }, "geometry": { "type": "Point", "coordinates": [ 10.20365752500004, 48.122175368000057 ] } },
{ "type": "Feature", "properties": { "Name": "Bundorf", "Population": 932, "POSTCODE": "97494" }, "geometry": { "type": "Point", "coordinates": [ 10.525210150000021, 50.206666791000032 ] } },
{ "type": "Feature", "properties": { "Name": "Großbardorf", "Population": 931, "POSTCODE": null }, "geometry": null },
{ "type": "Feature", "properties": { "Name": "Aura i.Sinngrund", "Population": 929, "POSTCODE": null }, "geometry": null },
{ "type": "Feature", "properties": { "Name": "Kraftisried", "Population": 927, "POSTCODE": null }, "geometry": null },
{ "type": "Feature", "properties": { "Name": "Gerolfingen", "Population": 925, "POSTCODE": "91726" }, "geometry": { "type": "Point", "coordinates": [ 10.51111086700007, 49.048979200000076 ] } },
{ "type": "Feature", "properties": { "Name": "Rettenbach a.Auerberg", "Population": 924, "POSTCODE": null }, "geometry": null },
{ "type": "Feature", "properties": { "Name": "Obersinn", "Population": 921, "POSTCODE": "97791" }, "geometry": { "type": "Point", "coordinates": [ 9.62619571700003, 50.214819895000062 ] } },
{ "type": "Feature", "properties": { "Name": "Osterberg", "Population": 919, "POSTCODE": "89296" }, "geometry": { "type": "Point", "coordinates": [ 10.178086484000062, 48.140200935000053 ] } },
{ "type": "Feature", "properties": { "Name": "Schalkham", "Population": 917, "POSTCODE": "84175" }, "geometry": { "type": "Point", "coordinates": [ 12.420026514000028, 48.485130491000064 ] } },
{ "type": "Feature", "properties": { "Name": "Sondheim v.d.Rhön", "Population": 916, "POSTCODE": "97647" }, "geometry": { "type": "Point", "coordinates": [ 10.166924450000067, 50.469309417000034 ] } },
{ "type": "Feature", "properties": { "Name": "Bad Alexandersbad", "Population": 914, "POSTCODE": "95680" }, "geometry": { "type": "Point", "coordinates": [ 12.028830466000045, 50.012048082000035 ] } },
{ "type": "Feature", "properties": { "Name": "Kirchendemenreuth", "Population": 907, "POSTCODE": "92665" }, "geometry": { "type": "Point", "coordinates": [ 12.116071918000046, 49.753021046000072 ] } },
{ "type": "Feature", "properties": { "Name": "Trausnitz", "Population": 897, "POSTCODE": "92555" }, "geometry": { "type": "Point", "coordinates": [ 12.260895869000024, 49.528777501000036 ] } },
{ "type": "Feature", "properties": { "Name": "Pleß", "Population": 893, "POSTCODE": "87773" }, "geometry": { "type": "Point", "coordinates": [ 10.166311370000074, 48.102476448000061 ] } },
{ "type": "Feature", "properties": { "Name": "Gollhofen", "Population": 883, "POSTCODE": null }, "geometry": null },
{ "type": "Feature", "properties": { "Name": "Schollbrunn", "Population": 881, "POSTCODE": "97852" }, "geometry": { "type": "Point", "coordinates": [ 9.493236375000038, 49.833498387000077 ] } },
{ "type": "Feature", "properties": { "Name": "Trappstadt", "Population": 881, "POSTCODE": null }, "geometry": null },
{ "type": "Feature", "properties": { "Name": "Ettenstatt", "Population": 877, "POSTCODE": "91796" }, "geometry": { "type": "Point", "coordinates": [ 11.062947369000028, 49.076088975000062 ] } },
{ "type": "Feature", "properties": { "Name": "Sonderhofen", "Population": 871, "POSTCODE": "97255" }, "geometry": { "type": "Point", "coordinates": [ 10.011575178000044, 49.581980755000075 ] } },
{ "type": "Feature", "properties": { "Name": "Schlammersdorf", "Population": 870, "POSTCODE": "95519" }, "geometry": { "type": "Point", "coordinates": [ 11.747426904000065, 49.800198248000072 ] } },
{ "type": "Feature", "properties": { "Name": "Unterschwaningen", "Population": 868, "POSTCODE": "91743" }, "geometry": { "type": "Point", "coordinates": [ 10.61680350000006, 49.088748797000051 ] } },
{ "type": "Feature", "properties": { "Name": "Amerdingen", "Population": 863, "POSTCODE": null }, "geometry": null },
{ "type": "Feature", "properties": { "Name": "Geratskirchen", "Population": 858, "POSTCODE": "84552" }, "geometry": { "type": "Point", "coordinates": [ 12.651900195000053, 48.351952770000025 ] } },
{ "type": "Feature", "properties": { "Name": "Aura a.d.Saale", "Population": 857, "POSTCODE": null }, "geometry": null },
{ "type": "Feature", "properties": { "Name": "Gelchsheim", "Population": 853, "POSTCODE": null }, "geometry": null },
{ "type": "Feature", "properties": { "Name": "Gebenbach", "Population": 852, "POSTCODE": "92274" }, "geometry": { "type": "Point", "coordinates": [ 11.872610215000066, 49.547250610000049 ] } },
{ "type": "Feature", "properties": { "Name": "Sulzthal", "Population": 850, "POSTCODE": null }, "geometry": null },
{ "type": "Feature", "properties": { "Name": "Rüdenhausen", "Population": 850, "POSTCODE": "97355" }, "geometry": { "type": "Point", "coordinates": [ 10.338370517000044, 49.757702350000045 ] } },
{ "type": "Feature", "properties": { "Name": "Grafengehaig", "Population": 847, "POSTCODE": "95356" }, "geometry": { "type": "Point", "coordinates": [ 11.61309835000003, 50.212194206000049 ] } },
{ "type": "Feature", "properties": { "Name": "Bieberehren", "Population": 845, "POSTCODE": "97243" }, "geometry": { "type": "Point", "coordinates": [ 10.016358093000065, 49.508021664000069 ] } },
{ "type": "Feature", "properties": { "Name": "Abtswind", "Population": 843, "POSTCODE": null }, "geometry": null },
{ "type": "Feature", "properties": { "Name": "Lohkirchen", "Population": 841, "POSTCODE": null }, "geometry": null },
{ "type": "Feature", "properties": { "Name": "Plankenfels", "Population": 840, "POSTCODE": "95515" }, "geometry": { "type": "Point", "coordinates": [ 11.339266719000022, 49.88998390200004 ] } },
{ "type": "Feature", "properties": { "Name": "Kühlenthal", "Population": 840, "POSTCODE": null }, "geometry": null },
{ "type": "Feature", "properties": { "Name": "Oberneukirchen", "Population": 839, "POSTCODE": "84565" }, "geometry": { "type": "Point", "coordinates": [ 12.516454014000033, 48.169015078000029 ] } },
{ "type": "Feature", "properties": { "Name": "Fellen", "Population": 834, "POSTCODE": "97778" }, "geometry": { "type": "Point", "coordinates": [ 9.556835014000058, 50.136619616000075 ] } },
{ "type": "Feature", "properties": { "Name": "Hendungen", "Population": 833, "POSTCODE": null }, "geometry": null },
{ "type": "Feature", "properties": { "Name": "Meinheim", "Population": 830, "POSTCODE": "91802" }, "geometry": { "type": "Point", "coordinates": [ 10.803567721000036, 49.025747293000052 ] } },
{ "type": "Feature", "properties": { "Name": "Castell", "Population": 829, "POSTCODE": null }, "geometry": null },
{ "type": "Feature", "properties": { "Name": "Megesheim", "Population": 829, "POSTCODE": "86750" }, "geometry": { "type": "Point", "coordinates": [ 10.664277273000039, 48.93779392600004 ] } },
{ "type": "Feature", "properties": { "Name": "Jachenau", "Population": 828, "POSTCODE": "83676" }, "geometry": { "type": "Point", "coordinates": [ 11.429393160000075, 47.595985752000047 ] } },
{ "type": "Feature", "properties": { "Name": "Riekofen", "Population": 827, "POSTCODE": "93104" }, "geometry": { "type": "Point", "coordinates": [ 12.343776500000047, 48.902441611000029 ] } },
{ "type": "Feature", "properties": { "Name": "Fürsteneck", "Population": 826, "POSTCODE": "94142" }, "geometry": { "type": "Point", "coordinates": [ 13.453382996000073, 48.736596721000069 ] } },
{ "type": "Feature", "properties": { "Name": "Heinrichsthal", "Population": 819, "POSTCODE": "63871" }, "geometry": { "type": "Point", "coordinates": [ 9.337618793000047, 50.06526664900008 ] } },
{ "type": "Feature", "properties": { "Name": "Gnotzheim", "Population": 815, "POSTCODE": "91728" }, "geometry": { "type": "Point", "coordinates": [ 10.709989981000035, 49.055676118000065 ] } },
{ "type": "Feature", "properties": { "Name": "Daiting", "Population": 809, "POSTCODE": null }, "geometry": null },
{ "type": "Feature", "properties": { "Name": "Tauberrettersheim", "Population": 808, "POSTCODE": null }, "geometry": null },
{ "type": "Feature", "properties": { "Name": "Neuendorf", "Population": 807, "POSTCODE": "97788" }, "geometry": { "type": "Point", "coordinates": [ 9.620347596000045, 50.035380630000077 ] } },
{ "type": "Feature", "properties": { "Name": "Segnitz", "Population": 806, "POSTCODE": null }, "geometry": null },
{ "type": "Feature", "properties": { "Name": "Guteneck", "Population": 802, "POSTCODE": "92543" }, "geometry": { "type": "Point", "coordinates": [ 12.285280338000064, 49.458970300000033 ] } },
{ "type": "Feature", "properties": { "Name": "Otting", "Population": 797, "POSTCODE": "86700" }, "geometry": { "type": "Point", "coordinates": [ 10.799910796000063, 48.875999178000029 ] } },
{ "type": "Feature", "properties": { "Name": "Geroda", "Population": 796, "POSTCODE": "97779" }, "geometry": { "type": "Point", "coordinates": [ 9.900449867000077, 50.288452181000082 ] } },
{ "type": "Feature", "properties": { "Name": "Gleißenberg", "Population": 796, "POSTCODE": "93477" }, "geometry": { "type": "Point", "coordinates": [ 12.743684013000063, 49.32472604700007 ] } },
{ "type": "Feature", "properties": { "Name": "Mittelsinn", "Population": 794, "POSTCODE": "97785" }, "geometry": { "type": "Point", "coordinates": [ 9.636086753000029, 50.19164270300007 ] } },
{ "type": "Feature", "properties": { "Name": "Winterbach", "Population": 778, "POSTCODE": "73650" }, "geometry": { "type": "Point", "coordinates": [ 9.471039793000045, 48.791774567000061 ] } },
{ "type": "Feature", "properties": { "Name": "Lülsfeld", "Population": 768, "POSTCODE": "97511" }, "geometry": { "type": "Point", "coordinates": [ 10.359376375000068, 49.873189348000039 ] } },
{ "type": "Feature", "properties": { "Name": "Böhen", "Population": 767, "POSTCODE": "87736" }, "geometry": { "type": "Point", "coordinates": [ 10.312497351000047, 47.885005315000058 ] } },
{ "type": "Feature", "properties": { "Name": "Zöschingen", "Population": 765, "POSTCODE": "89447" }, "geometry": { "type": "Point", "coordinates": [ 10.31002895000006, 48.673948236000058 ] } },
{ "type": "Feature", "properties": { "Name": "Jettenbach", "Population": 763, "POSTCODE": "84555" }, "geometry": { "type": "Point", "coordinates": [ 12.373628525000072, 48.161191834000078 ] } },
{ "type": "Feature", "properties": { "Name": "Röckingen", "Population": 754, "POSTCODE": "91740" }, "geometry": { "type": "Point", "coordinates": [ 10.555129132000047, 49.052453677000074 ] } },
{ "type": "Feature", "properties": { "Name": "Ehingen a.Ries", "Population": 752, "POSTCODE": "86741" }, "geometry": { "type": "Point", "coordinates": [ 10.54400608900005, 48.959634367000035 ] } },
{ "type": "Feature", "properties": { "Name": "Gallmersgarten", "Population": 751, "POSTCODE": "91605" }, "geometry": { "type": "Point", "coordinates": [ 10.268514800000048, 49.450753744000053 ] } },
{ "type": "Feature", "properties": { "Name": "Riedenheim", "Population": 746, "POSTCODE": "97283" }, "geometry": { "type": "Point", "coordinates": [ 9.952876068000023, 49.559384395000052 ] } },
{ "type": "Feature", "properties": { "Name": "Waltenhausen", "Population": 739, "POSTCODE": null }, "geometry": null },
{ "type": "Feature", "properties": { "Name": "Spatzenhausen", "Population": 737, "POSTCODE": "82447" }, "geometry": { "type": "Point", "coordinates": [ 11.20022805900004, 47.721768697000073 ] } },
{ "type": "Feature", "properties": { "Name": "Baierbach", "Population": 732, "POSTCODE": "84171" }, "geometry": { "type": "Point", "coordinates": [ 12.197333729000036, 48.414369172000079 ] } },
{ "type": "Feature", "properties": { "Name": "Aubstadt", "Population": 731, "POSTCODE": null }, "geometry": null },
{ "type": "Feature", "properties": { "Name": "Rüdenau", "Population": 724, "POSTCODE": null }, "geometry": null },
{ "type": "Feature", "properties": { "Name": "Oberickelsheim", "Population": 715, "POSTCODE": "97258" }, "geometry": { "type": "Point", "coordinates": [ 10.128005100000053, 49.579264507000062 ] } },
{ "type": "Feature", "properties": { "Name": "Osterzell", "Population": 700, "POSTCODE": null }, "geometry": null },
{ "type": "Feature", "properties": { "Name": "Ettal", "Population": 681, "POSTCODE": "82488" }, "geometry": { "type": "Point", "coordinates": [ 11.022379, 47.572374598000067 ] } },
{ "type": "Feature", "properties": { "Name": "Hemmersheim", "Population": 664, "POSTCODE": null }, "geometry": null },
{ "type": "Feature", "properties": { "Name": "Landensberg", "Population": 642, "POSTCODE": "89361" }, "geometry": { "type": "Point", "coordinates": [ 10.516261300000053, 48.434625178000033 ] } },
{ "type": "Feature", "properties": { "Name": "Loitzendorf", "Population": 635, "POSTCODE": "94359" }, "geometry": { "type": "Point", "coordinates": [ 12.655275046000042, 49.092909199000076 ] } },
{ "type": "Feature", "properties": { "Name": "Wattendorf", "Population": 632, "POSTCODE": "96196" }, "geometry": { "type": "Point", "coordinates": [ 11.136236172000054, 50.029849935000072 ] } },
{ "type": "Feature", "properties": { "Name": "Gleiritsch", "Population": 629, "POSTCODE": null }, "geometry": null },
{ "type": "Feature", "properties": { "Name": "Ebershausen", "Population": 619, "POSTCODE": "86491" }, "geometry": { "type": "Point", "coordinates": [ 10.315879910000035, 48.207668580000075 ] } },
{ "type": "Feature", "properties": { "Name": "Philippsreut", "Population": 618, "POSTCODE": "94158" }, "geometry": { "type": "Point", "coordinates": [ 13.67840590000003, 48.86731104100005 ] } },
{ "type": "Feature", "properties": { "Name": "Herbstadt", "Population": 614, "POSTCODE": null }, "geometry": null },
{ "type": "Feature", "properties": { "Name": "Rögling", "Population": 612, "POSTCODE": "86703" }, "geometry": { "type": "Point", "coordinates": [ 10.94776409800005, 48.846776954000063 ] } },
{ "type": "Feature", "properties": { "Name": "Schwaigen", "Population": 611, "POSTCODE": "82445" }, "geometry": { "type": "Point", "coordinates": [ 11.099619500000074, 47.628764491000027 ] } },
{ "type": "Feature", "properties": { "Name": "Ohrenbach", "Population": 558, "POSTCODE": "91620" }, "geometry": { "type": "Point", "coordinates": [ 10.218696600000044, 49.474614071000076 ] } },
{ "type": "Feature", "properties": { "Name": "Hohenaltheim", "Population": 555, "POSTCODE": "86745" }, "geometry": { "type": "Point", "coordinates": [ 10.521988106000038, 48.77862693600008 ] } },
{ "type": "Feature", "properties": { "Name": "Willmars", "Population": 555, "POSTCODE": null }, "geometry": null },
{ "type": "Feature", "properties": { "Name": "Stadlern", "Population": 544, "POSTCODE": "92549" }, "geometry": { "type": "Point", "coordinates": [ 12.625012437000066, 49.503091694000034 ] } },
{ "type": "Feature", "properties": { "Name": "Ermershausen", "Population": 528, "POSTCODE": null }, "geometry": null },
{ "type": "Feature", "properties": { "Name": "Perasdorf", "Population": 526, "POSTCODE": "94366" }, "geometry": { "type": "Point", "coordinates": [ 12.811389253000073, 48.955292249000081 ] } },
{ "type": "Feature", "properties": { "Name": "Forheim", "Population": 523, "POSTCODE": "86735" }, "geometry": { "type": "Point", "coordinates": [ 10.473162724000076, 48.747454976000029 ] } },
{ "type": "Feature", "properties": { "Name": "Tschirn", "Population": 504, "POSTCODE": "96367" }, "geometry": { "type": "Point", "coordinates": [ 11.446896, 50.402204443000073 ] } },
{ "type": "Feature", "properties": { "Name": "Guttenberg", "Population": 469, "POSTCODE": "95358" }, "geometry": { "type": "Point", "coordinates": [ 11.573716850000039, 50.166186516000039 ] } },
{ "type": "Feature", "properties": { "Name": "Balderschwang", "Population": 354, "POSTCODE": null }, "geometry": null },
{ "type": "Feature", "properties": { "Name": "Chiemsee", "Population": 172, "POSTCODE": null }, "geometry": null }
]
}
